<?xml version="1.0" encoding="UTF-8" standalone="yes"?>
<gpx
 version="1.1"
 creator="Generated by MapOut iPhone App. See https://mapout.app"
 xmlns="http://www.topografix.com/GPX/1/1"
 xmlns:xsi="http://www.w3.org/2001/XMLSchema-instance"
 xmlns:gpxx="http://www.garmin.com/xmlschemas/GpxExtensions/v3"
 xmlns:mapout="https://mapout.app/xmlschemas/MapOutExtensions"
 xsi:schemaLocation="http://www.topografix.com/GPX/1/1 https://www.topografix.com/GPX/1/1/gpx.xsd http://www.garmin.com/xmlschemas/GpxExtensions/v3 https://www8.garmin.com/xmlschemas/GpxExtensionsv3.xsd https://mapout.app/xmlschemas/MapOutExtensions https://mapout.app/xmlschemas/MapOutExtensions.xsd">
  <metadata>
    <name>2026 MBH Monadnock</name>
    <author><name>iPad</name></author>
    <time>2022-07-07T16:29:39Z</time>
    <bounds minlat="42.72882501594722" minlon="-72.24595536477864" maxlat="42.9765366576612" maxlon="-71.9310149922967"/>
  </metadata>
  <wpt lat="42.94627547264099" lon="-72.23475445993245">
    <ele>242</ele>
    <time>2022-07-07T16:23:59.000Z</time>
    <name>MndnkMBH-Otter Brook Dam</name>
    <sym>Pin, Green</sym>
  </wpt>
  <wpt lat="42.94132109731436" lon="-72.01128990389407">
    <ele>296</ele>
    <time>2022-07-07T16:23:59.000Z</time>
    <name><![CDATA[MndnkMBH-F&F Start, End]]></name>
    <sym>Waypoint</sym>
  </wpt>
  <wpt lat="42.76201433502138" lon="-72.03922527842224">
    <ele>324</ele>
    <time>2022-07-07T16:23:59.000Z</time>
    <name>MndnkMBH-GAS2</name>
    <desc>GAS, Food</desc>
    <sym>Gas Station</sym>
  </wpt>
  <wpt lat="42.72994299419224" lon="-72.24524189718068">
    <ele>327</ele>
    <time>2022-06-20T15:08:29.000Z</time>
    <name>MndnkMBH-EXTREME !!</name>
    <sym>Danger Area</sym>
    <extensions>
      <mapout:extension>
        <mapout:color>01D101</mapout:color>
      </mapout:extension>
    </extensions>
  </wpt>
  <wpt lat="42.8254372626543" lon="-72.18343365937471">
    <ele>307</ele>
    <time>2022-07-07T16:23:59.000Z</time>
    <name>MndnkMBH-Food</name>
    <sym>Restaurant</sym>
    <extensions>
      <mapout:extension>
        <mapout:color>FF2E1B</mapout:color>
      </mapout:extension>
    </extensions>
  </wpt>
  <wpt lat="42.73663242347538" lon="-72.24595536477864">
    <ele>373</ele>
    <time>2022-06-20T15:08:29.000Z</time>
    <name>MndnkMBH-Cellar Hole</name>
    <sym>Pin, Red</sym>
  </wpt>
  <wpt lat="42.96043795533478" lon="-72.19448888674378">
    <ele>413</ele>
    <time>2022-07-07T16:23:59.000Z</time>
    <name>MndnkMBH-easy go around</name>
    <sym>Exit</sym>
  </wpt>
  <wpt lat="42.83056793494904" lon="-72.18483669436863">
    <ele>306</ele>
    <name>Gas</name>
    <sym>Waypoint</sym>
    <extensions>
      <mapout:extension>
        <mapout:color>FF2E1B</mapout:color>
      </mapout:extension>
    </extensions>
  </wpt>
  <wpt lat="42.77451720386948" lon="-71.9859029742001">
    <ele>405</ele>
    <name>Dangerous Intersection </name>
    <sym>Waypoint</sym>
    <extensions>
      <mapout:extension>
        <mapout:color>FF2E1B</mapout:color>
      </mapout:extension>
    </extensions>
  </wpt>
  <wpt lat="42.78135633096099" lon="-72.14051513001323">
    <ele>349</ele>
    <time>2022-07-07T16:23:59.000Z</time>
    <name>MndnkMBH-GAS, FOOD1</name>
    <desc>Mr Mikes fuel stop. Dunkins, sandwiches etc..</desc>
    <sym>Gas Station</sym>
  </wpt>
  <wpt lat="42.90406387299299" lon="-72.20283047296107">
    <ele>234</ele>
    <time>2022-07-07T16:23:59.000Z</time>
    <name>MndnkMBH-GAS, FOOD</name>
    <sym>Gas Station</sym>
  </wpt>
  <wpt lat="42.96063643880188" lon="-72.19349001534283">
    <ele>416</ele>
    <time>2022-07-07T16:23:59.000Z</time>
    <name>MndnkMBH-WALL OF DEATH. !!!</name>
    <sym>Triangle, Red</sym>
  </wpt>
  <wpt lat="42.95177626423538" lon="-72.12339945137501">
    <ele>429</ele>
    <time>2022-07-07T16:23:59.000Z</time>
    <name>MndnkMBH-Rest Stop Swimming</name>
    <sym>Drinking Water</sym>
  </wpt>
  <trk>
    <name>MBH Mondadnock</name>
    <desc>2022-06-19 10:00:35</desc>
    <trkseg>
      <trkpt lat="42.94176934983459" lon="-72.01195358064477">
        <ele>296</ele>
      </trkpt>
      <trkpt lat="42.9418767880984" lon="-72.01189300019072">
        <ele>296</ele>
      </trkpt>
      <trkpt lat="42.94193753529886" lon="-72.01187827359666">
        <ele>296</ele>
      </trkpt>
      <trkpt lat="42.94193753529886" lon="-72.01187827359666">
        <ele>296</ele>
      </trkpt>
      <trkpt lat="42.94193972916268" lon="-72.01187774175089">
        <ele>296</ele>
      </trkpt>
      <trkpt lat="42.94200267022696" lon="-72.01186152965859">
        <ele>296</ele>
      </trkpt>
      <trkpt lat="42.94206656494372" lon="-72.01189013923326">
        <ele>296</ele>
      </trkpt>
      <trkpt lat="42.94216002288765" lon="-72.01196547777988">
        <ele>297</ele>
      </trkpt>
      <trkpt lat="42.94240701888231" lon="-72.01224203700171">
        <ele>297</ele>
      </trkpt>
      <trkpt lat="42.94247377455654" lon="-72.01228685866869">
        <ele>297</ele>
      </trkpt>
      <trkpt lat="42.94254053023077" lon="-72.01233072668319">
        <ele>297</ele>
      </trkpt>
      <trkpt lat="42.94290768643905" lon="-72.01251192065611">
        <ele>297</ele>
      </trkpt>
      <trkpt lat="42.94321857715047" lon="-72.01260347129505">
        <ele>297</ele>
      </trkpt>
      <trkpt lat="42.94329391569711" lon="-72.01263494182719">
        <ele>297</ele>
      </trkpt>
      <trkpt lat="42.94335208849894" lon="-72.01268071714667">
        <ele>297</ele>
      </trkpt>
      <trkpt lat="42.94338546633605" lon="-72.01274365821094">
        <ele>297</ele>
      </trkpt>
      <trkpt lat="42.94341026130077" lon="-72.01285332824717">
        <ele>296</ele>
      </trkpt>
      <trkpt lat="42.94342551974059" lon="-72.01296872019834">
        <ele>296</ele>
      </trkpt>
      <trkpt lat="42.94344173183291" lon="-72.01308411214953">
        <ele>296</ele>
      </trkpt>
      <trkpt lat="42.94345699027274" lon="-72.01314609956131">
        <ele>296</ele>
      </trkpt>
      <trkpt lat="42.94345699027274" lon="-72.01314609956131">
        <ele>296</ele>
      </trkpt>
      <trkpt lat="42.94286286477207" lon="-72.0137650200267">
        <ele>297</ele>
      </trkpt>
      <trkpt lat="42.94230160931104" lon="-72.01438059053233">
        <ele>297</ele>
      </trkpt>
      <trkpt lat="42.94230160931104" lon="-72.01438059053233">
        <ele>297</ele>
      </trkpt>
      <trkpt lat="42.94168033568567" lon="-72.01506198741178">
        <ele>294</ele>
      </trkpt>
      <trkpt lat="42.94041102422276" lon="-72.01643143238603">
        <ele>289</ele>
      </trkpt>
      <trkpt lat="42.94019931337019" lon="-72.01664981880602">
        <ele>290</ele>
      </trkpt>
      <trkpt lat="42.93999999999999" lon="-72.01682815182147">
        <ele>291</ele>
      </trkpt>
      <trkpt lat="42.94" lon="-72.01682815182147">
        <ele>291</ele>
      </trkpt>
      <trkpt lat="42.939826435247" lon="-72.01694449742513">
        <ele>293</ele>
      </trkpt>
      <trkpt lat="42.93970055311845" lon="-72.01701506770932">
        <ele>294</ele>
      </trkpt>
      <trkpt lat="42.93948121304597" lon="-72.0171199694831">
        <ele>296</ele>
      </trkpt>
      <trkpt lat="42.9392695021934" lon="-72.01718863246232">
        <ele>298</ele>
      </trkpt>
      <trkpt lat="42.9390701888232" lon="-72.01723250047682">
        <ele>299</ele>
      </trkpt>
      <trkpt lat="42.93880316612627" lon="-72.01725634178904">
        <ele>300</ele>
      </trkpt>
      <trkpt lat="42.93857333587641" lon="-72.01724394430668">
        <ele>300</ele>
      </trkpt>
      <trkpt lat="42.93837116154874" lon="-72.01720293724966">
        <ele>301</ele>
      </trkpt>
      <trkpt lat="42.93818996757582" lon="-72.01715334732023">
        <ele>301</ele>
      </trkpt>
      <trkpt lat="42.93753671562084" lon="-72.01692447072286">
        <ele>300</ele>
      </trkpt>
      <trkpt lat="42.93645336639329" lon="-72.01652584398245">
        <ele>301</ele>
      </trkpt>
      <trkpt lat="42.93625119206562" lon="-72.0164600419607">
        <ele>302</ele>
      </trkpt>
      <trkpt lat="42.93604997139043" lon="-72.01640473011634">
        <ele>302</ele>
      </trkpt>
      <trkpt lat="42.93581441922564" lon="-72.0163646767118">
        <ele>302</ele>
      </trkpt>
      <trkpt lat="42.93555502574863" lon="-72.01633702078962">
        <ele>304</ele>
      </trkpt>
      <trkpt lat="42.9349227541484" lon="-72.01629792103756">
        <ele>307</ele>
      </trkpt>
      <trkpt lat="42.9345746709899" lon="-72.01635418653441">
        <ele>307</ele>
      </trkpt>
      <trkpt lat="42.93439061605952" lon="-72.01639423993896">
        <ele>307</ele>
      </trkpt>
      <trkpt lat="42.93424365361729" lon="-72.01643734892201">
        <ele>308</ele>
      </trkpt>
      <trkpt lat="42.93424365361729" lon="-72.01643734892201">
        <ele>308</ele>
      </trkpt>
      <trkpt lat="42.93392532613702" lon="-72.0165437580759">
        <ele>307</ele>
      </trkpt>
      <trkpt lat="42.93392532613702" lon="-72.0165437580759">
        <ele>307</ele>
      </trkpt>
      <trkpt lat="42.93328911837881" lon="-72.01661147980158">
        <ele>305</ele>
      </trkpt>
      <trkpt lat="42.93328911837881" lon="-72.01661147980158">
        <ele>305</ele>
      </trkpt>
      <trkpt lat="42.93308220484456" lon="-72.01658020217432">
        <ele>304</ele>
      </trkpt>
      <trkpt lat="42.93255483501812" lon="-72.01648197596795">
        <ele>301</ele>
      </trkpt>
      <trkpt lat="42.93184245660882" lon="-72.01642666412359">
        <ele>296</ele>
      </trkpt>
      <trkpt lat="42.93184245660882" lon="-72.01642666412359">
        <ele>296</ele>
      </trkpt>
      <trkpt lat="42.93176139614725" lon="-72.01642284951363">
        <ele>295</ele>
      </trkpt>
      <trkpt lat="42.93176139614725" lon="-72.01642284951363">
        <ele>295</ele>
      </trkpt>
      <trkpt lat="42.93128361625025" lon="-72.01638470341406">
        <ele>300</ele>
      </trkpt>
      <trkpt lat="42.93109002479497" lon="-72.01635990844935">
        <ele>302</ele>
      </trkpt>
      <trkpt lat="42.93057123784094" lon="-72.01620446309364">
        <ele>306</ele>
      </trkpt>
      <trkpt lat="42.93016021361817" lon="-72.01609193209994">
        <ele>307</ele>
      </trkpt>
      <trkpt lat="42.92892904825482" lon="-72.01553499904634">
        <ele>303</ele>
      </trkpt>
      <trkpt lat="42.92852756055694" lon="-72.01530707610146">
        <ele>301</ele>
      </trkpt>
      <trkpt lat="42.92825386229259" lon="-72.01509631890139">
        <ele>300</ele>
      </trkpt>
      <trkpt lat="42.92790101087164" lon="-72.01483978638183">
        <ele>299</ele>
      </trkpt>
      <trkpt lat="42.92705702841885" lon="-72.01415315658973">
        <ele>299</ele>
      </trkpt>
      <trkpt lat="42.92668224299066" lon="-72.01386419988555">
        <ele>299</ele>
      </trkpt>
      <trkpt lat="42.92633415983217" lon="-72.01354663360671">
        <ele>299</ele>
      </trkpt>
      <trkpt lat="42.92611481975969" lon="-72.01333301544916">
        <ele>298</ele>
      </trkpt>
      <trkpt lat="42.92604138851803" lon="-72.01323478924279">
        <ele>298</ele>
      </trkpt>
      <trkpt lat="42.92594125500668" lon="-72.01311558268166">
        <ele>298</ele>
      </trkpt>
      <trkpt lat="42.92586210185009" lon="-72.01294011062367">
        <ele>298</ele>
      </trkpt>
      <trkpt lat="42.92573621972154" lon="-72.01257581537287">
        <ele>297</ele>
      </trkpt>
      <trkpt lat="42.92560843028801" lon="-72.01213713522792">
        <ele>298</ele>
      </trkpt>
      <trkpt lat="42.92545012397483" lon="-72.01153347320236">
        <ele>300</ele>
      </trkpt>
      <trkpt lat="42.92537669273317" lon="-72.01121972153346">
        <ele>300</ele>
      </trkpt>
      <trkpt lat="42.92528132748427" lon="-72.01085447263016">
        <ele>301</ele>
      </trkpt>
      <trkpt lat="42.92489319092123" lon="-72.00942017928666">
        <ele>305</ele>
      </trkpt>
      <trkpt lat="42.92476921609766" lon="-72.00903395002859">
        <ele>306</ele>
      </trkpt>
      <trkpt lat="42.9246442876216" lon="-72.00870112530993">
        <ele>306</ele>
      </trkpt>
      <trkpt lat="42.92449361052833" lon="-72.008391188251">
        <ele>307</ele>
      </trkpt>
      <trkpt lat="42.92436009917986" lon="-72.00808888041198">
        <ele>307</ele>
      </trkpt>
      <trkpt lat="42.92416841502957" lon="-72.00756246423802">
        <ele>307</ele>
      </trkpt>
      <trkpt lat="42.92398245279421" lon="-72.00700743848941">
        <ele>307</ele>
      </trkpt>
      <trkpt lat="42.92385657066566" lon="-72.00668319664314">
        <ele>307</ele>
      </trkpt>
      <trkpt lat="42.92369826435247" lon="-72.00643143238602">
        <ele>307</ele>
      </trkpt>
      <trkpt lat="42.92357810413886" lon="-72.0062778943353">
        <ele>307</ele>
      </trkpt>
      <trkpt lat="42.92343887087546" lon="-72.00615296585923">
        <ele>307</ele>
      </trkpt>
      <trkpt lat="42.92308792675949" lon="-72.00586114819758">
        <ele>307</ele>
      </trkpt>
      <trkpt lat="42.92269502193401" lon="-72.00558077436581">
        <ele>307</ele>
      </trkpt>
      <trkpt lat="42.92228399771124" lon="-72.00533187106618">
        <ele>308</ele>
      </trkpt>
      <trkpt lat="42.9216698455083" lon="-72.00485599847414">
        <ele>308</ele>
      </trkpt>
      <trkpt lat="42.92162311653634" lon="-72.00480545489224">
        <ele>308</ele>
      </trkpt>
      <trkpt lat="42.92116917795156" lon="-72.00437821857714">
        <ele>311</ele>
      </trkpt>
      <trkpt lat="42.92080583635324" lon="-72.00397673087926">
        <ele>313</ele>
      </trkpt>
      <trkpt lat="42.92056170131605" lon="-72.00356666030898">
        <ele>315</ele>
      </trkpt>
      <trkpt lat="42.92033282471868" lon="-72.00311081441922">
        <ele>317</ele>
      </trkpt>
      <trkpt lat="42.92010204081633" lon="-72.00269883654396">
        <ele>317</ele>
      </trkpt>
      <trkpt lat="42.92000000000001" lon="-72.00255006675566">
        <ele>317</ele>
      </trkpt>
      <trkpt lat="42.91999999999999" lon="-72.00255006675566">
        <ele>317</ele>
      </trkpt>
      <trkpt lat="42.91990654205607" lon="-72.00241369444973">
        <ele>318</ele>
      </trkpt>
      <trkpt lat="42.91979687201983" lon="-72.00227827579629">
        <ele>318</ele>
      </trkpt>
      <trkpt lat="42.91962712187679" lon="-72.00208373068853">
        <ele>318</ele>
      </trkpt>
      <trkpt lat="42.91943353042151" lon="-72.0018949074957">
        <ele>317</ele>
      </trkpt>
      <trkpt lat="42.91926282662597" lon="-72.00177093267213">
        <ele>317</ele>
      </trkpt>
      <trkpt lat="42.91918558077436" lon="-72.00170036238794">
        <ele>317</ele>
      </trkpt>
      <trkpt lat="42.91886992180049" lon="-72.00149628075529">
        <ele>317</ele>
      </trkpt>
      <trkpt lat="42.91858382605378" lon="-72.00133320617967">
        <ele>317</ele>
      </trkpt>
      <trkpt lat="42.91830345222201" lon="-72.00120160213618">
        <ele>317</ele>
      </trkpt>
      <trkpt lat="42.91739938966241" lon="-72.00090692351706">
        <ele>316</ele>
      </trkpt>
      <trkpt lat="42.91621972153347" lon="-72.00064562273506">
        <ele>320</ele>
      </trkpt>
      <trkpt lat="42.91468052641617" lon="-72.00032519549875">
        <ele>317</ele>
      </trkpt>
      <trkpt lat="42.91427427045584" lon="-72.00022220102994">
        <ele>315</ele>
      </trkpt>
      <trkpt lat="42.9139910356666" lon="-72.00016116727063">
        <ele>313</ele>
      </trkpt>
      <trkpt lat="42.91391378981499" lon="-72.00017261110051">
        <ele>313</ele>
      </trkpt>
      <trkpt lat="42.91373068853709" lon="-72.0002260156399">
        <ele>312</ele>
      </trkpt>
      <trkpt lat="42.913564753004" lon="-72.00031756627884">
        <ele>312</ele>
      </trkpt>
      <trkpt lat="42.91319568949075" lon="-72.00068376883463">
        <ele>311</ele>
      </trkpt>
      <trkpt lat="42.91281804310509" lon="-72.00109383940492">
        <ele>310</ele>
      </trkpt>
      <trkpt lat="42.91262254434483" lon="-72.00128361625023">
        <ele>309</ele>
      </trkpt>
      <trkpt lat="42.91246709898913" lon="-72.00141045203127">
        <ele>308</ele>
      </trkpt>
      <trkpt lat="42.91234026320809" lon="-72.00149628075529">
        <ele>308</ele>
      </trkpt>
      <trkpt lat="42.91223822239176" lon="-72.00154873164217">
        <ele>307</ele>
      </trkpt>
      <trkpt lat="42.91207705512111" lon="-72.00158306313179">
        <ele>307</ele>
      </trkpt>
      <trkpt lat="42.91154587068472" lon="-72.00167461377073">
        <ele>304</ele>
      </trkpt>
      <trkpt lat="42.91098035475872" lon="-72.00181670799159">
        <ele>303</ele>
      </trkpt>
      <trkpt lat="42.91062082777036" lon="-72.00193496090024">
        <ele>302</ele>
      </trkpt>
      <trkpt lat="42.9105302307839" lon="-72.00198073621971">
        <ele>301</ele>
      </trkpt>
      <trkpt lat="42.91045489223727" lon="-72.00202841884416">
        <ele>301</ele>
      </trkpt>
      <trkpt lat="42.91033568567614" lon="-72.0021819568949">
        <ele>301</ele>
      </trkpt>
      <trkpt lat="42.91027942017929" lon="-72.00236315086781">
        <ele>301</ele>
      </trkpt>
      <trkpt lat="42.91027942017929" lon="-72.00236315086781">
        <ele>301</ele>
      </trkpt>
      <trkpt lat="42.9102603471295" lon="-72.00245374785428">
        <ele>301</ele>
      </trkpt>
      <trkpt lat="42.91025367156208" lon="-72.0025987030326">
        <ele>302</ele>
      </trkpt>
      <trkpt lat="42.91036906351325" lon="-72.0037726492466">
        <ele>305</ele>
      </trkpt>
      <trkpt lat="42.9103824146481" lon="-72.0041827198169">
        <ele>306</ele>
      </trkpt>
      <trkpt lat="42.91035094411596" lon="-72.00442876215907">
        <ele>307</ele>
      </trkpt>
      <trkpt lat="42.91032805645622" lon="-72.00467098989128">
        <ele>308</ele>
      </trkpt>
      <trkpt lat="42.91009727255388" lon="-72.00555788670607">
        <ele>313</ele>
      </trkpt>
      <trkpt lat="42.90997615868777" lon="-72.00612340263207">
        <ele>316</ele>
      </trkpt>
      <trkpt lat="42.90990272744612" lon="-72.00654396337974">
        <ele>318</ele>
      </trkpt>
      <trkpt lat="42.90988365439633" lon="-72.00679572763684">
        <ele>319</ele>
      </trkpt>
      <trkpt lat="42.90988365439633" lon="-72.00717909593743">
        <ele>320</ele>
      </trkpt>
      <trkpt lat="42.9099475491131" lon="-72.00825863055502">
        <ele>321</ele>
      </trkpt>
      <trkpt lat="42.9100696166317" lon="-72.00950028609574">
        <ele>321</ele>
      </trkpt>
      <trkpt lat="42.91009727255388" lon="-72.00987221056646">
        <ele>320</ele>
      </trkpt>
      <trkpt lat="42.91008964333397" lon="-72.01022410833491">
        <ele>320</ele>
      </trkpt>
      <trkpt lat="42.91005721914934" lon="-72.01058554262826">
        <ele>318</ele>
      </trkpt>
      <trkpt lat="42.90996280755292" lon="-72.01141903490367">
        <ele>314</ele>
      </trkpt>
      <trkpt lat="42.90996376120541" lon="-72.01170989891283">
        <ele>313</ele>
      </trkpt>
      <trkpt lat="42.9099904634751" lon="-72.01198073621971">
        <ele>312</ele>
      </trkpt>
      <trkpt lat="42.91006103375929" lon="-72.01233358764065">
        <ele>311</ele>
      </trkpt>
      <trkpt lat="42.91012969673851" lon="-72.01275414838832">
        <ele>308</ele>
      </trkpt>
      <trkpt lat="42.91015735266069" lon="-72.01304691970245">
        <ele>305</ele>
      </trkpt>
      <trkpt lat="42.91014400152584" lon="-72.01342742704557">
        <ele>302</ele>
      </trkpt>
      <trkpt lat="42.9101125309937" lon="-72.01378313942398">
        <ele>301</ele>
      </trkpt>
      <trkpt lat="42.9101125309937" lon="-72.01378313942398">
        <ele>301</ele>
      </trkpt>
      <trkpt lat="42.91010967003623" lon="-72.01382414648101">
        <ele>301</ele>
      </trkpt>
      <trkpt lat="42.91010967003623" lon="-72.01382414648101">
        <ele>301</ele>
      </trkpt>
      <trkpt lat="42.91009917985885" lon="-72.01388804119777">
        <ele>301</ele>
      </trkpt>
      <trkpt lat="42.91008964333397" lon="-72.01395098226206">
        <ele>301</ele>
      </trkpt>
      <trkpt lat="42.91008964333397" lon="-72.01395098226206">
        <ele>301</ele>
      </trkpt>
      <trkpt lat="42.91003242418462" lon="-72.01431718481784">
        <ele>302</ele>
      </trkpt>
      <trkpt lat="42.90998855617013" lon="-72.01453461758534">
        <ele>303</ele>
      </trkpt>
      <trkpt lat="42.9099036810986" lon="-72.01485218386419">
        <ele>305</ele>
      </trkpt>
      <trkpt lat="42.90963856570665" lon="-72.01545012397482">
        <ele>308</ele>
      </trkpt>
      <trkpt lat="42.90929715811558" lon="-72.01605760061032">
        <ele>309</ele>
      </trkpt>
      <trkpt lat="42.90916269311462" lon="-72.01633034522219">
        <ele>310</ele>
      </trkpt>
      <trkpt lat="42.90884608048827" lon="-72.01691493419797">
        <ele>311</ele>
      </trkpt>
      <trkpt lat="42.90858764066374" lon="-72.01729162693114">
        <ele>310</ele>
      </trkpt>
      <trkpt lat="42.90840263208086" lon="-72.01766069044439">
        <ele>311</ele>
      </trkpt>
      <trkpt lat="42.90814514590883" lon="-72.01852756055692">
        <ele>313</ele>
      </trkpt>
      <trkpt lat="42.90803261491512" lon="-72.01878027846652">
        <ele>314</ele>
      </trkpt>
      <trkpt lat="42.90765687583444" lon="-72.01940110623688">
        <ele>317</ele>
      </trkpt>
      <trkpt lat="42.90744802593935" lon="-72.01968529467861">
        <ele>318</ele>
      </trkpt>
      <trkpt lat="42.90723250047682" lon="-72.02">
        <ele>321</ele>
      </trkpt>
      <trkpt lat="42.90723250047682" lon="-72.02">
        <ele>321</ele>
      </trkpt>
      <trkpt lat="42.90693209994278" lon="-72.02043772649246">
        <ele>322</ele>
      </trkpt>
      <trkpt lat="42.90674327674995" lon="-72.02076006103376">
        <ele>322</ele>
      </trkpt>
      <trkpt lat="42.90656685103948" lon="-72.02109288575244">
        <ele>323</ele>
      </trkpt>
      <trkpt lat="42.906216860576" lon="-72.02187297348846">
        <ele>325</ele>
      </trkpt>
      <trkpt lat="42.90613293915697" lon="-72.02204176997903">
        <ele>326</ele>
      </trkpt>
      <trkpt lat="42.90583826053786" lon="-72.02248617203891">
        <ele>325</ele>
      </trkpt>
      <trkpt lat="42.90565515925996" lon="-72.02270265115392">
        <ele>326</ele>
      </trkpt>
      <trkpt lat="42.90547777989701" lon="-72.02287621590692">
        <ele>327</ele>
      </trkpt>
      <trkpt lat="42.90532424184627" lon="-72.02297539576578">
        <ele>328</ele>
      </trkpt>
      <trkpt lat="42.90517261110051" lon="-72.02303356856761">
        <ele>329</ele>
      </trkpt>
      <trkpt lat="42.90506770932672" lon="-72.02306122448979">
        <ele>330</ele>
      </trkpt>
      <trkpt lat="42.90484264733931" lon="-72.02308029753958">
        <ele>331</ele>
      </trkpt>
      <trkpt lat="42.90437058935724" lon="-72.02310318519932">
        <ele>333</ele>
      </trkpt>
      <trkpt lat="42.90399198931909" lon="-72.02310127789434">
        <ele>335</ele>
      </trkpt>
      <trkpt lat="42.9032080869731" lon="-72.02312416555408">
        <ele>337</ele>
      </trkpt>
      <trkpt lat="42.90292675948884" lon="-72.02323288193783">
        <ele>337</ele>
      </trkpt>
      <trkpt lat="42.90196660557276" lon="-72.02364004667174">
        <ele>334</ele>
      </trkpt>
      <trkpt lat="42.90196660557276" lon="-72.02364004667174">
        <ele>334</ele>
      </trkpt>
      <trkpt lat="42.90132557695975" lon="-72.02391188251002">
        <ele>334</ele>
      </trkpt>
      <trkpt lat="42.90132557695975" lon="-72.02391188251002">
        <ele>334</ele>
      </trkpt>
      <trkpt lat="42.90143810795346" lon="-72.02440968910929">
        <ele>334</ele>
      </trkpt>
      <trkpt lat="42.90158783139424" lon="-72.02501335113485">
        <ele>334</ele>
      </trkpt>
      <trkpt lat="42.90158783139424" lon="-72.02501335113485">
        <ele>334</ele>
      </trkpt>
      <trkpt lat="42.90163169940873" lon="-72.02522410833492">
        <ele>335</ele>
      </trkpt>
      <trkpt lat="42.90192828533282" lon="-72.02634274270456">
        <ele>339</ele>
      </trkpt>
      <trkpt lat="42.90209898912835" lon="-72.02710471104329">
        <ele>342</ele>
      </trkpt>
      <trkpt lat="42.90234217051306" lon="-72.02802021743277">
        <ele>347</ele>
      </trkpt>
      <trkpt lat="42.90259012016021" lon="-72.02868014495517">
        <ele>351</ele>
      </trkpt>
      <trkpt lat="42.90273412168605" lon="-72.0289834064467">
        <ele>353</ele>
      </trkpt>
      <trkpt lat="42.90288384512683" lon="-72.02922468052641">
        <ele>354</ele>
      </trkpt>
      <trkpt lat="42.90335018119397" lon="-72.02983120350945">
        <ele>358</ele>
      </trkpt>
      <trkpt lat="42.90369444974251" lon="-72.03019359145527">
        <ele>361</ele>
      </trkpt>
      <trkpt lat="42.90401773793629" lon="-72.0305473965287">
        <ele>363</ele>
      </trkpt>
      <trkpt lat="42.90417127598703" lon="-72.03073526606904">
        <ele>364</ele>
      </trkpt>
      <trkpt lat="42.90448216669845" lon="-72.03107762731261">
        <ele>364</ele>
      </trkpt>
      <trkpt lat="42.90466812893381" lon="-72.03131317947739">
        <ele>364</ele>
      </trkpt>
      <trkpt lat="42.90493801258821" lon="-72.03174518405493">
        <ele>365</ele>
      </trkpt>
      <trkpt lat="42.90506580202174" lon="-72.03206370398627">
        <ele>364</ele>
      </trkpt>
      <trkpt lat="42.90515067709326" lon="-72.03240701888232">
        <ele>363</ele>
      </trkpt>
      <trkpt lat="42.90518691588785" lon="-72.03273602899104">
        <ele>364</ele>
      </trkpt>
      <trkpt lat="42.90520217432767" lon="-72.03315754339118">
        <ele>365</ele>
      </trkpt>
      <trkpt lat="42.90516688918558" lon="-72.03365916460042">
        <ele>366</ele>
      </trkpt>
      <trkpt lat="42.90514209422086" lon="-72.03434674804501">
        <ele>367</ele>
      </trkpt>
      <trkpt lat="42.90515353805073" lon="-72.03479019645242">
        <ele>369</ele>
      </trkpt>
      <trkpt lat="42.90519263780278" lon="-72.03524222773221">
        <ele>371</ele>
      </trkpt>
      <trkpt lat="42.90523745946977" lon="-72.03556646957848">
        <ele>372</ele>
      </trkpt>
      <trkpt lat="42.90531661262636" lon="-72.03590883082205">
        <ele>374</ele>
      </trkpt>
      <trkpt lat="42.90531661262636" lon="-72.03590883082205">
        <ele>374</ele>
      </trkpt>
      <trkpt lat="42.90527942017928" lon="-72.03605760061033">
        <ele>374</ele>
      </trkpt>
      <trkpt lat="42.90527942017928" lon="-72.03605760061033">
        <ele>374</ele>
      </trkpt>
      <trkpt lat="42.90524222773221" lon="-72.03620637039863">
        <ele>374</ele>
      </trkpt>
      <trkpt lat="42.90502956322716" lon="-72.03728495136373">
        <ele>377</ele>
      </trkpt>
      <trkpt lat="42.90500095365248" lon="-72.03752717909593">
        <ele>379</ele>
      </trkpt>
      <trkpt lat="42.90501811939729" lon="-72.03770741941636">
        <ele>380</ele>
      </trkpt>
      <trkpt lat="42.90515544535571" lon="-72.03877455655159">
        <ele>385</ele>
      </trkpt>
      <trkpt lat="42.9053213808888" lon="-72.03943353042152">
        <ele>386</ele>
      </trkpt>
      <trkpt lat="42.90545393858478" lon="-72.04000000000001">
        <ele>386</ele>
      </trkpt>
      <trkpt lat="42.90545393858478" lon="-72.03999999999999">
        <ele>386</ele>
      </trkpt>
      <trkpt lat="42.90547110432958" lon="-72.04006770932672">
        <ele>386</ele>
      </trkpt>
      <trkpt lat="42.90552069425901" lon="-72.04045107762731">
        <ele>385</ele>
      </trkpt>
      <trkpt lat="42.9055216479115" lon="-72.04082967766546">
        <ele>384</ele>
      </trkpt>
      <trkpt lat="42.90550638947168" lon="-72.04109765401488">
        <ele>384</ele>
      </trkpt>
      <trkpt lat="42.90547205798207" lon="-72.0413293915697">
        <ele>384</ele>
      </trkpt>
      <trkpt lat="42.9053824146481" lon="-72.04177665458707">
        <ele>384</ele>
      </trkpt>
      <trkpt lat="42.9053213808888" lon="-72.04214762540531">
        <ele>385</ele>
      </trkpt>
      <trkpt lat="42.90529658592408" lon="-72.04244325767689">
        <ele>385</ele>
      </trkpt>
      <trkpt lat="42.90528323478924" lon="-72.04290864009155">
        <ele>386</ele>
      </trkpt>
      <trkpt lat="42.90528323478924" lon="-72.04290864009155">
        <ele>386</ele>
      </trkpt>
      <trkpt lat="42.90528132748426" lon="-72.04319664314323">
        <ele>386</ele>
      </trkpt>
      <trkpt lat="42.90529084832436" lon="-72.04347274750624">
        <ele>386</ele>
      </trkpt>
      <trkpt lat="42.90529084832436" lon="-72.04347274750624">
        <ele>386</ele>
      </trkpt>
      <trkpt lat="42.90527497418225" lon="-72.04363332130015">
        <ele>386</ele>
      </trkpt>
      <trkpt lat="42.90527497418225" lon="-72.04363332130015">
        <ele>386</ele>
      </trkpt>
      <trkpt lat="42.90514832362533" lon="-72.04356668516994">
        <ele>386</ele>
      </trkpt>
      <trkpt lat="42.90498663671315" lon="-72.04354665242136">
        <ele>386</ele>
      </trkpt>
      <trkpt lat="42.90481170639396" lon="-72.0435100235045">
        <ele>386</ele>
      </trkpt>
      <trkpt lat="42.90463166311383" lon="-72.04346501268446">
        <ele>386</ele>
      </trkpt>
      <trkpt lat="42.90443670004606" lon="-72.04341170378029">
        <ele>386</ele>
      </trkpt>
      <trkpt lat="42.90424165315926" lon="-72.04335336573422">
        <ele>386</ele>
      </trkpt>
      <trkpt lat="42.90406169369817" lon="-72.04331170767546">
        <ele>385</ele>
      </trkpt>
      <trkpt lat="42.90387997403741" lon="-72.04326166771352">
        <ele>384</ele>
      </trkpt>
      <trkpt lat="42.90370001457632" lon="-72.04322168603539">
        <ele>384</ele>
      </trkpt>
      <trkpt lat="42.90348837152123" lon="-72.04316996969283">
        <ele>383</ele>
      </trkpt>
      <trkpt lat="42.90327999740839" lon="-72.04311330802739">
        <ele>382</ele>
      </trkpt>
      <trkpt lat="42.90307665243745" lon="-72.04305664636195">
        <ele>381</ele>
      </trkpt>
      <trkpt lat="42.90287163108587" lon="-72.04300836659968">
        <ele>380</ele>
      </trkpt>
      <trkpt lat="42.90266996249557" lon="-72.04294667579234">
        <ele>379</ele>
      </trkpt>
      <trkpt lat="42.90247332304716" lon="-72.04288330860436">
        <ele>378</ele>
      </trkpt>
      <trkpt lat="42.90225497446954" lon="-72.04282664693892">
        <ele>377</ele>
      </trkpt>
      <trkpt lat="42.90205498225987" lon="-72.04277836717665">
        <ele>377</ele>
      </trkpt>
      <trkpt lat="42.9018549900502" lon="-72.04273662529886">
        <ele>377</ele>
      </trkpt>
      <trkpt lat="42.90165835060179" lon="-72.04269832000136">
        <ele>376</ele>
      </trkpt>
      <trkpt lat="42.90144997648895" lon="-72.04266831278801">
        <ele>377</ele>
      </trkpt>
      <trkpt lat="42.90123330429196" lon="-72.04263503663242">
        <ele>378</ele>
      </trkpt>
      <trkpt lat="42.90102166123688" lon="-72.04260997474194">
        <ele>379</ele>
      </trkpt>
      <trkpt lat="42.90081337094307" lon="-72.04257166944444">
        <ele>381</ele>
      </trkpt>
      <trkpt lat="42.90060332044959" lon="-72.04253830946982">
        <ele>382</ele>
      </trkpt>
      <trkpt lat="42.90038329549134" lon="-72.04250168055296">
        <ele>383</ele>
      </trkpt>
      <trkpt lat="42.90017165243626" lon="-72.04246329143643">
        <ele>384</ele>
      </trkpt>
      <trkpt lat="42.89996998384595" lon="-72.04242498613894">
        <ele>385</ele>
      </trkpt>
      <trkpt lat="42.89975666441023" lon="-72.04238500446081">
        <ele>385</ele>
      </trkpt>
      <trkpt lat="42.89953999221325" lon="-72.04232834279537">
        <ele>386</ele>
      </trkpt>
      <trkpt lat="42.89928836748004" lon="-72.04228333197534">
        <ele>387</ele>
      </trkpt>
      <trkpt lat="42.8990366589278" lon="-72.04224335029721">
        <ele>389</ele>
      </trkpt>
      <trkpt lat="42.89878000505269" lon="-72.04218836501241">
        <ele>391</ele>
      </trkpt>
      <trkpt lat="42.89864664897323" lon="-72.04215835779905">
        <ele>392</ele>
      </trkpt>
      <trkpt lat="42.89838496595621" lon="-72.04209666699171">
        <ele>393</ele>
      </trkpt>
      <trkpt lat="42.89811498485506" lon="-72.04203329980373">
        <ele>395</ele>
      </trkpt>
      <trkpt lat="42.89798003621399" lon="-72.04200170002878">
        <ele>396</ele>
      </trkpt>
      <trkpt lat="42.89784165099263" lon="-72.04197001643479">
        <ele>397</ele>
      </trkpt>
      <trkpt lat="42.89770502597094" lon="-72.04194168560207">
        <ele>398</ele>
      </trkpt>
      <trkpt lat="42.89756999351084" lon="-72.04191167838871">
        <ele>399</ele>
      </trkpt>
      <trkpt lat="42.89730998687446" lon="-72.0418400131166">
        <ele>401</ele>
      </trkpt>
      <trkpt lat="42.8971750382334" lon="-72.04180003143847">
        <ele>402</ele>
      </trkpt>
      <trkpt lat="42.89704000577331" lon="-72.04175837337971">
        <ele>403</ele>
      </trkpt>
      <trkpt lat="42.89690002799034" lon="-72.04172333702445">
        <ele>404</ele>
      </trkpt>
      <trkpt lat="42.89676331914961" lon="-72.04168830066919">
        <ele>405</ele>
      </trkpt>
      <trkpt lat="42.8965066652745" lon="-72.04163666814566">
        <ele>407</ele>
      </trkpt>
      <trkpt lat="42.89627498947084" lon="-72.04159501008689">
        <ele>409</ele>
      </trkpt>
      <trkpt lat="42.89605999365449" lon="-72.04155502840877">
        <ele>411</ele>
      </trkpt>
      <trkpt lat="42.89583502337337" lon="-72.0415083412081">
        <ele>413</ele>
      </trkpt>
      <trkpt lat="42.89559664204717" lon="-72.04144329763949">
        <ele>415</ele>
      </trkpt>
      <trkpt lat="42.8953533153981" lon="-72.04139334149659">
        <ele>416</ele>
      </trkpt>
      <trkpt lat="42.89509833790362" lon="-72.04133500345051">
        <ele>418</ele>
      </trkpt>
      <trkpt lat="42.89484503678977" lon="-72.04128831624985">
        <ele>420</ele>
      </trkpt>
      <trkpt lat="42.89460497908294" lon="-72.04124162904918">
        <ele>421</ele>
      </trkpt>
      <trkpt lat="42.89438998326659" lon="-72.04118496738374">
        <ele>422</ele>
      </trkpt>
      <trkpt lat="42.89417331106961" lon="-72.04109997488558">
        <ele>423</ele>
      </trkpt>
      <trkpt lat="42.89395169354975" lon="-72.04104331322014">
        <ele>423</ele>
      </trkpt>
      <trkpt lat="42.89371331222355" lon="-72.04101665876806">
        <ele>423</ele>
      </trkpt>
      <trkpt lat="42.89346001110971" lon="-72.04102168790996">
        <ele>423</ele>
      </trkpt>
      <trkpt lat="42.89320503361523" lon="-72.04105664044619">
        <ele>422</ele>
      </trkpt>
      <trkpt lat="42.89294829592109" lon="-72.04111003316939">
        <ele>421</ele>
      </trkpt>
      <trkpt lat="42.89273665286601" lon="-72.04118002206087">
        <ele>420</ele>
      </trkpt>
      <trkpt lat="42.89260002784431" lon="-72.04125168733299">
        <ele>419</ele>
      </trkpt>
      <trkpt lat="42.89246164262295" lon="-72.04131497070193">
        <ele>418</ele>
      </trkpt>
      <trkpt lat="42.89232669398189" lon="-72.04129502177238">
        <ele>417</ele>
      </trkpt>
      <trkpt lat="42.8921966906637" lon="-72.04120835289359">
        <ele>416</ele>
      </trkpt>
      <trkpt lat="42.89208336733282" lon="-72.04105169512331">
        <ele>415</ele>
      </trkpt>
      <trkpt lat="42.89195663295686" lon="-72.04084164462984">
        <ele>414</ele>
      </trkpt>
      <trkpt lat="42.89184330962598" lon="-72.04058666713536">
        <ele>412</ele>
      </trkpt>
      <trkpt lat="42.89176996797323" lon="-72.04042003490031">
        <ele>411</ele>
      </trkpt>
      <trkpt lat="42.89169662632048" lon="-72.04023999162018">
        <ele>410</ele>
      </trkpt>
      <trkpt lat="42.89161833934486" lon="-72.04004997387528">
        <ele>408</ele>
      </trkpt>
      <trkpt lat="42.89154835045338" lon="-72.0398766361177">
        <ele>408</ele>
      </trkpt>
      <trkpt lat="42.89148003794253" lon="-72.03971503302455">
        <ele>407</ele>
      </trkpt>
      <trkpt lat="42.89134165272117" lon="-72.03942996449769">
        <ele>406</ele>
      </trkpt>
      <trkpt lat="42.89119002409279" lon="-72.03918169252574">
        <ele>406</ele>
      </trkpt>
      <trkpt lat="42.89102003909647" lon="-72.03898170031607">
        <ele>408</ele>
      </trkpt>
      <trkpt lat="42.8908216394484" lon="-72.03879503533244">
        <ele>410</ele>
      </trkpt>
      <trkpt lat="42.89060496725142" lon="-72.03862999565899">
        <ele>411</ele>
      </trkpt>
      <trkpt lat="42.89037169888616" lon="-72.03846998512745">
        <ele>412</ele>
      </trkpt>
      <trkpt lat="42.89011663757265" lon="-72.03835498541594">
        <ele>412</ele>
      </trkpt>
      <trkpt lat="42.88998831063509" lon="-72.03828499652445">
        <ele>412</ele>
      </trkpt>
      <trkpt lat="42.88985998369753" lon="-72.03822330571711">
        <ele>412</ele>
      </trkpt>
      <trkpt lat="42.8896183334291" lon="-72.03809833154082">
        <ele>411</ele>
      </trkpt>
      <trkpt lat="42.88938330486417" lon="-72.03798333182931">
        <ele>409</ele>
      </trkpt>
      <trkpt lat="42.88914668373764" lon="-72.03784997574985">
        <ele>408</ele>
      </trkpt>
      <trkpt lat="42.88891333155334" lon="-72.03769499436021">
        <ele>407</ele>
      </trkpt>
      <trkpt lat="42.88869498297572" lon="-72.0374933257699">
        <ele>406</ele>
      </trkpt>
      <trkpt lat="42.88850496523082" lon="-72.03724496997893">
        <ele>405</ele>
      </trkpt>
      <trkpt lat="42.88840999826789" lon="-72.03710834495723">
        <ele>404</ele>
      </trkpt>
      <trkpt lat="42.88831000216305" lon="-72.03696995973587">
        <ele>404</ele>
      </trkpt>
      <trkpt lat="42.88820497691631" lon="-72.03682168386877">
        <ele>403</ele>
      </trkpt>
      <trkpt lat="42.88810162805021" lon="-72.03667835332453">
        <ele>402</ele>
      </trkpt>
      <trkpt lat="42.88800003938377" lon="-72.0365416444838">
        <ele>400</ele>
      </trkpt>
      <trkpt lat="42.88790163584054" lon="-72.03640837222338">
        <ele>398</ele>
      </trkpt>
      <trkpt lat="42.88772502914071" lon="-72.036148365587">
        <ele>395</ele>
      </trkpt>
      <trkpt lat="42.88758002221584" lon="-72.03591166064143">
        <ele>392</ele>
      </trkpt>
      <trkpt lat="42.88744331337512" lon="-72.03566665761173">
        <ele>389</ele>
      </trkpt>
      <trkpt lat="42.88732001557946" lon="-72.03535837121308">
        <ele>385</ele>
      </trkpt>
      <trkpt lat="42.88726167753339" lon="-72.03518997877836">
        <ele>383</ele>
      </trkpt>
      <trkpt lat="42.88719998672605" lon="-72.03502502292395">
        <ele>382</ele>
      </trkpt>
      <trkpt lat="42.88708498701453" lon="-72.03470835462213">
        <ele>379</ele>
      </trkpt>
      <trkpt lat="42.88696495816112" lon="-72.03439663164318">
        <ele>377</ele>
      </trkpt>
      <trkpt lat="42.88684501312673" lon="-72.03408834524453">
        <ele>375</ele>
      </trkpt>
      <trkpt lat="42.88673998787999" lon="-72.03379162587225">
        <ele>374</ele>
      </trkpt>
      <trkpt lat="42.88664669729769" lon="-72.03354829922318">
        <ele>373</ele>
      </trkpt>
      <trkpt lat="42.8865166939795" lon="-72.0333850197494">
        <ele>372</ele>
      </trkpt>
      <trkpt lat="42.88636003620923" lon="-72.03327337279916">
        <ele>371</ele>
      </trkpt>
      <trkpt lat="42.8861733712256" lon="-72.03323498368263">
        <ele>370</ele>
      </trkpt>
      <trkpt lat="42.88591504096985" lon="-72.03326666727662">
        <ele>369</ele>
      </trkpt>
      <trkpt lat="42.88577330298722" lon="-72.03327664174139">
        <ele>368</ele>
      </trkpt>
      <trkpt lat="42.8855049982667" lon="-72.03327831812203">
        <ele>367</ele>
      </trkpt>
      <trkpt lat="42.8853633441031" lon="-72.03327664174139">
        <ele>367</ele>
      </trkpt>
      <trkpt lat="42.88510333746672" lon="-72.03326834365726">
        <ele>366</ele>
      </trkpt>
      <trkpt lat="42.88485833443701" lon="-72.03323003835976">
        <ele>366</ele>
      </trkpt>
      <trkpt lat="42.88463001139462" lon="-72.0331899728626">
        <ele>366</ele>
      </trkpt>
      <trkpt lat="42.88443999364972" lon="-72.03315669670701">
        <ele>366</ele>
      </trkpt>
      <trkpt lat="42.88429666310549" lon="-72.03313666395843">
        <ele>366</ele>
      </trkpt>
      <trkpt lat="42.88413170725107" lon="-72.03323003835976">
        <ele>366</ele>
      </trkpt>
      <trkpt lat="42.88404503837228" lon="-72.03338996507227">
        <ele>366</ele>
      </trkpt>
      <trkpt lat="42.88394663482904" lon="-72.03360999003053">
        <ele>365</ele>
      </trkpt>
      <trkpt lat="42.88382668979466" lon="-72.03387502580881">
        <ele>365</ele>
      </trkpt>
      <trkpt lat="42.88368335925043" lon="-72.03416503965855">
        <ele>364</ele>
      </trkpt>
      <trkpt lat="42.88359836675227" lon="-72.03431834466755">
        <ele>364</ele>
      </trkpt>
      <trkpt lat="42.88351169787347" lon="-72.03447667881846">
        <ele>364</ele>
      </trkpt>
      <trkpt lat="42.88342167623341" lon="-72.03463501296937">
        <ele>363</ele>
      </trkpt>
      <trkpt lat="42.88333500735462" lon="-72.03478831797838">
        <ele>363</ele>
      </trkpt>
      <trkpt lat="42.88325001485646" lon="-72.03493332490325">
        <ele>362</ele>
      </trkpt>
      <trkpt lat="42.88308832794428" lon="-72.03520003706217">
        <ele>363</ele>
      </trkpt>
      <trkpt lat="42.88293669931591" lon="-72.03545995987952">
        <ele>365</ele>
      </trkpt>
      <trkpt lat="42.88277333602309" lon="-72.03570831567049">
        <ele>368</ele>
      </trkpt>
      <trkpt lat="42.88260335102677" lon="-72.03592834062874">
        <ele>371</ele>
      </trkpt>
      <trkpt lat="42.88241836242378" lon="-72.0361050311476">
        <ele>373</ele>
      </trkpt>
      <trkpt lat="42.88221996277571" lon="-72.03624836169183">
        <ele>374</ele>
      </trkpt>
      <trkpt lat="42.88200002163649" lon="-72.03635497950017">
        <ele>377</ele>
      </trkpt>
      <trkpt lat="42.88176164031029" lon="-72.03642664477229">
        <ele>379</ele>
      </trkpt>
      <trkpt lat="42.88151001557708" lon="-72.03648498281837">
        <ele>379</ele>
      </trkpt>
      <trkpt lat="42.8812500089407" lon="-72.03652496449649">
        <ele>378</ele>
      </trkpt>
      <trkpt lat="42.88097499869764" lon="-72.03656335361302">
        <ele>376</ele>
      </trkpt>
      <trkpt lat="42.88083334453404" lon="-72.03658162616193">
        <ele>375</ele>
      </trkpt>
      <trkpt lat="42.88069663569331" lon="-72.03660333529115">
        <ele>375</ele>
      </trkpt>
      <trkpt lat="42.88043830543756" lon="-72.03665329143405">
        <ele>374</ele>
      </trkpt>
      <trkpt lat="42.88019330240786" lon="-72.03669335693121">
        <ele>374</ele>
      </trkpt>
      <trkpt lat="42.87993832491338" lon="-72.03671833500266">
        <ele>373</ele>
      </trkpt>
      <trkpt lat="42.87969499826431" lon="-72.03671162948012">
        <ele>373</ele>
      </trkpt>
      <trkpt lat="42.87945670075715" lon="-72.03668665140867">
        <ele>372</ele>
      </trkpt>
      <trkpt lat="42.87922670133412" lon="-72.03664331696928">
        <ele>371</ele>
      </trkpt>
      <trkpt lat="42.87899829447269" lon="-72.0365849789232">
        <ele>369</ele>
      </trkpt>
      <trkpt lat="42.87877332419157" lon="-72.03652831725776">
        <ele>368</ele>
      </trkpt>
      <trkpt lat="42.87855665199459" lon="-72.03646830283105">
        <ele>367</ele>
      </trkpt>
      <trkpt lat="42.8783450089395" lon="-72.03640996478498">
        <ele>366</ele>
      </trkpt>
      <trkpt lat="42.87812003865838" lon="-72.03634165227413">
        <ele>364</ele>
      </trkpt>
      <trkpt lat="42.87788668647408" lon="-72.03627166338265">
        <ele>362</ele>
      </trkpt>
      <trkpt lat="42.87763162516057" lon="-72.03623503446579">
        <ele>360</ele>
      </trkpt>
      <trkpt lat="42.87738000042737" lon="-72.03621667809784">
        <ele>358</ele>
      </trkpt>
      <trkpt lat="42.8771417029202" lon="-72.036193292588">
        <ele>357</ele>
      </trkpt>
      <trkpt lat="42.87691002711654" lon="-72.03617837280035">
        <ele>355</ele>
      </trkpt>
      <trkpt lat="42.87666670046747" lon="-72.03617166727781">
        <ele>354</ele>
      </trkpt>
      <trkpt lat="42.87641834467649" lon="-72.03616999089718">
        <ele>352</ele>
      </trkpt>
      <trkpt lat="42.87616998888552" lon="-72.03617837280035">
        <ele>351</ele>
      </trkpt>
      <trkpt lat="42.87592498585582" lon="-72.036193292588">
        <ele>349</ele>
      </trkpt>
      <trkpt lat="42.87568668834865" lon="-72.03622665256262">
        <ele>348</ele>
      </trkpt>
      <trkpt lat="42.87544998340309" lon="-72.03630334697664">
        <ele>347</ele>
      </trkpt>
      <trkpt lat="42.87521000951529" lon="-72.03641331754625">
        <ele>346</ele>
      </trkpt>
      <trkpt lat="42.87496835924685" lon="-72.03655497170985">
        <ele>345</ele>
      </trkpt>
      <trkpt lat="42.87472662515938" lon="-72.03670333139598">
        <ele>345</ele>
      </trkpt>
      <trkpt lat="42.87459829822183" lon="-72.0367749966681">
        <ele>345</ele>
      </trkpt>
      <trkpt lat="42.87446670234203" lon="-72.03685169108212">
        <ele>345</ele>
      </trkpt>
      <trkpt lat="42.87433166988194" lon="-72.03692997805774">
        <ele>345</ele>
      </trkpt>
      <trkpt lat="42.8740849904716" lon="-72.03705503605306">
        <ele>346</ele>
      </trkpt>
      <trkpt lat="42.8738399874419" lon="-72.03716668300331">
        <ele>346</ele>
      </trkpt>
      <trkpt lat="42.87359003908932" lon="-72.03726835548878">
        <ele>347</ele>
      </trkpt>
      <trkpt lat="42.8734583593905" lon="-72.03731001354754">
        <ele>348</ele>
      </trkpt>
      <trkpt lat="42.87320002913475" lon="-72.03735996969044">
        <ele>349</ele>
      </trkpt>
      <trkpt lat="42.8729316405952" lon="-72.03734999522567">
        <ele>349</ele>
      </trkpt>
      <trkpt lat="42.87267163395882" lon="-72.03727665357292">
        <ele>350</ele>
      </trkpt>
      <trkpt lat="42.87241665646434" lon="-72.03720834106207">
        <ele>350</ele>
      </trkpt>
      <trkpt lat="42.87216000258923" lon="-72.03717003576458">
        <ele>350</ele>
      </trkpt>
      <trkpt lat="42.87189831957221" lon="-72.03714329749346">
        <ele>350</ele>
      </trkpt>
      <trkpt lat="42.87164837121964" lon="-72.03713667578995">
        <ele>351</ele>
      </trkpt>
      <trkpt lat="42.87140663713217" lon="-72.03715997748077">
        <ele>352</ele>
      </trkpt>
      <trkpt lat="42.87113330326974" lon="-72.0371550321579">
        <ele>353</ele>
      </trkpt>
      <trkpt lat="42.87086499854922" lon="-72.03714170493186">
        <ele>353</ele>
      </trkpt>
      <trkpt lat="42.87072837352753" lon="-72.03712334856391">
        <ele>353</ele>
      </trkpt>
      <trkpt lat="42.8705866355449" lon="-72.03709334135056">
        <ele>353</ele>
      </trkpt>
      <trkpt lat="42.8704449813813" lon="-72.03706668689847">
        <ele>353</ele>
      </trkpt>
      <trkpt lat="42.8703083563596" lon="-72.03703165054321">
        <ele>352</ele>
      </trkpt>
      <trkpt lat="42.87004667334259" lon="-72.0369599852711">
        <ele>351</ele>
      </trkpt>
      <trkpt lat="42.86979831755161" lon="-72.03688664361835">
        <ele>350</ele>
      </trkpt>
      <trkpt lat="42.86955163814127" lon="-72.03681665472686">
        <ele>350</ele>
      </trkpt>
      <trkpt lat="42.8693016897887" lon="-72.03675664030015">
        <ele>349</ele>
      </trkpt>
      <trkpt lat="42.86905165761709" lon="-72.03671162948012">
        <ele>348</ele>
      </trkpt>
      <trkpt lat="42.86880833096802" lon="-72.03669000416994">
        <ele>348</ele>
      </trkpt>
      <trkpt lat="42.86856165155768" lon="-72.03664499334991">
        <ele>348</ele>
      </trkpt>
      <trkpt lat="42.86832000128925" lon="-72.03661833889782">
        <ele>349</ele>
      </trkpt>
      <trkpt lat="42.86810332909226" lon="-72.03667332418263">
        <ele>350</ele>
      </trkpt>
      <trkpt lat="42.86794834770262" lon="-72.03691002912819">
        <ele>352</ele>
      </trkpt>
      <trkpt lat="42.86788498051465" lon="-72.03707498498261">
        <ele>353</ele>
      </trkpt>
      <trkpt lat="42.86775665357709" lon="-72.03737832605839">
        <ele>354</ele>
      </trkpt>
      <trkpt lat="42.86766830831766" lon="-72.03767169266939">
        <ele>354</ele>
      </trkpt>
      <trkpt lat="42.8676316794008" lon="-72.03795835375786">
        <ele>355</ele>
      </trkpt>
      <trkpt lat="42.86769337020814" lon="-72.03827502205968">
        <ele>355</ele>
      </trkpt>
      <trkpt lat="42.86780166439712" lon="-72.03860669396818">
        <ele>356</ele>
      </trkpt>
      <trkpt lat="42.86790836602449" lon="-72.03893166035414">
        <ele>357</ele>
      </trkpt>
      <trkpt lat="42.86798665300012" lon="-72.03926500864327">
        <ele>358</ele>
      </trkpt>
      <trkpt lat="42.86804666742682" lon="-72.03960162587464">
        <ele>359</ele>
      </trkpt>
      <trkpt lat="42.86810165271163" lon="-72.03993497416377">
        <ele>360</ele>
      </trkpt>
      <trkpt lat="42.86815831437707" lon="-72.04023001715541">
        <ele>361</ele>
      </trkpt>
      <trkpt lat="42.86820667795837" lon="-72.04049832187593">
        <ele>362</ele>
      </trkpt>
      <trkpt lat="42.8682516887784" lon="-72.04076662659645">
        <ele>362</ele>
      </trkpt>
      <trkpt lat="42.86830332130194" lon="-72.04105337150395">
        <ele>362</ele>
      </trkpt>
      <trkpt lat="42.86835503764451" lon="-72.04132167622447">
        <ele>362</ele>
      </trkpt>
      <trkpt lat="42.86840667016804" lon="-72.04153667204082">
        <ele>362</ele>
      </trkpt>
      <trkpt lat="42.86843835376203" lon="-72.04172501340508">
        <ele>362</ele>
      </trkpt>
      <trkpt lat="42.86845997907221" lon="-72.04192332923412">
        <ele>362</ele>
      </trkpt>
      <trkpt lat="42.8684483282268" lon="-72.0421349722892">
        <ele>362</ele>
      </trkpt>
      <trkpt lat="42.86837004125118" lon="-72.04234334640205">
        <ele>361</ele>
      </trkpt>
      <trkpt lat="42.86821832880378" lon="-72.04247997142375">
        <ele>361</ele>
      </trkpt>
      <trkpt lat="42.86801498383284" lon="-72.04259002581239">
        <ele>363</ele>
      </trkpt>
      <trkpt lat="42.86780501715839" lon="-72.04268499277532">
        <ele>365</ele>
      </trkpt>
      <trkpt lat="42.86762832663953" lon="-72.04279496334493">
        <ele>367</ele>
      </trkpt>
      <trkpt lat="42.86747502163053" lon="-72.04292831942439">
        <ele>368</ele>
      </trkpt>
      <trkpt lat="42.86734669469297" lon="-72.04309830442071">
        <ele>370</ele>
      </trkpt>
      <trkpt lat="42.86722834222019" lon="-72.04325169324875">
        <ele>371</ele>
      </trkpt>
      <trkpt lat="42.86712834611535" lon="-72.04338169656694">
        <ele>372</ele>
      </trkpt>
      <trkpt lat="42.86701334640384" lon="-72.04354170709848">
        <ele>373</ele>
      </trkpt>
      <trkpt lat="42.86688996478915" lon="-72.04367833212018">
        <ele>374</ele>
      </trkpt>
      <trkpt lat="42.86676499061286" lon="-72.04377497546375">
        <ele>376</ele>
      </trkpt>
      <trkpt lat="42.86660330370069" lon="-72.04388502985239">
        <ele>377</ele>
      </trkpt>
      <trkpt lat="42.8664283733815" lon="-72.0440000295639">
        <ele>378</ele>
      </trkpt>
      <trkpt lat="42.86625662818551" lon="-72.04413497820497">
        <ele>379</ele>
      </trkpt>
      <trkpt lat="42.86608664318919" lon="-72.04427503980696">
        <ele>380</ele>
      </trkpt>
      <trkpt lat="42.86592336371541" lon="-72.04443496651947">
        <ele>380</ele>
      </trkpt>
      <trkpt lat="42.86576670594513" lon="-72.04460503533483">
        <ele>381</ele>
      </trkpt>
      <trkpt lat="42.86560334265232" lon="-72.04473168589175">
        <ele>381</ele>
      </trkpt>
      <trkpt lat="42.86540829576552" lon="-72.04481667838991">
        <ele>382</ele>
      </trkpt>
      <trkpt lat="42.86519329994917" lon="-72.04488834366202">
        <ele>383</ele>
      </trkpt>
      <trkpt lat="42.86498333327472" lon="-72.04493997618556">
        <ele>384</ele>
      </trkpt>
      <trkpt lat="42.8647649846971" lon="-72.04492497257888">
        <ele>384</ele>
      </trkpt>
      <trkpt lat="42.86452668718994" lon="-72.04488666728139">
        <ele>385</ele>
      </trkpt>
      <trkpt lat="42.86426332779229" lon="-72.04483830370009">
        <ele>385</ele>
      </trkpt>
      <trkpt lat="42.86401664838195" lon="-72.04479170031846">
        <ele>385</ele>
      </trkpt>
      <trkpt lat="42.86381497979164" lon="-72.04477669671178">
        <ele>386</ele>
      </trkpt>
      <trkpt lat="42.86362169310451" lon="-72.04485666006804">
        <ele>386</ele>
      </trkpt>
      <trkpt lat="42.86342832259834" lon="-72.04495162703097">
        <ele>387</ele>
      </trkpt>
      <trkpt lat="42.86322833038867" lon="-72.04502832144499">
        <ele>387</ele>
      </trkpt>
      <trkpt lat="42.86302004009485" lon="-72.04508163034916">
        <ele>388</ele>
      </trkpt>
      <trkpt lat="42.86279004067183" lon="-72.04514164477587">
        <ele>389</ele>
      </trkpt>
      <trkpt lat="42.86255836486816" lon="-72.04522169195116">
        <ele>390</ele>
      </trkpt>
      <trkpt lat="42.86233498714864" lon="-72.04529830254614">
        <ele>391</ele>
      </trkpt>
      <trkpt lat="42.86211336962879" lon="-72.04537499696016">
        <ele>392</ele>
      </trkpt>
      <trkpt lat="42.86190834827721" lon="-72.04545831307769">
        <ele>393</ele>
      </trkpt>
      <trkpt lat="42.86168999969959" lon="-72.04553500749171">
        <ele>393</ele>
      </trkpt>
      <trkpt lat="42.86148003302515" lon="-72.04563165083528">
        <ele>394</ele>
      </trkpt>
      <trkpt lat="42.86126830615103" lon="-72.04574002884328">
        <ele>395</ele>
      </trkpt>
      <trkpt lat="42.86104501225054" lon="-72.04586667940021">
        <ele>395</ele>
      </trkpt>
      <trkpt lat="42.86083169281483" lon="-72.0459966827184">
        <ele>396</ele>
      </trkpt>
      <trkpt lat="42.86062164232135" lon="-72.04612165689468">
        <ele>397</ele>
      </trkpt>
      <trkpt lat="42.86040497012436" lon="-72.04624663107097">
        <ele>398</ele>
      </trkpt>
      <trkpt lat="42.86018167622387" lon="-72.0463400054723">
        <ele>399</ele>
      </trkpt>
      <trkpt lat="42.85994832403958" lon="-72.04636498354375">
        <ele>400</ele>
      </trkpt>
      <trkpt lat="42.8597366809845" lon="-72.04640337266028">
        <ele>401</ele>
      </trkpt>
      <trkpt lat="42.85956837236881" lon="-72.04655835404992">
        <ele>403</ele>
      </trkpt>
      <trkpt lat="42.85943501628935" lon="-72.04676664434373">
        <ele>404</ele>
      </trkpt>
      <trkpt lat="42.85930333659053" lon="-72.04695666208863">
        <ele>404</ele>
      </trkpt>
      <trkpt lat="42.85915497690439" lon="-72.04713997431099">
        <ele>404</ele>
      </trkpt>
      <trkpt lat="42.85899169743061" lon="-72.04734499566257">
        <ele>404</ele>
      </trkpt>
      <trkpt lat="42.85882498137653" lon="-72.04757164232433">
        <ele>403</ele>
      </trkpt>
      <trkpt lat="42.85867335274816" lon="-72.04783500172198">
        <ele>403</ele>
      </trkpt>
      <trkpt lat="42.85852834582329" lon="-72.0481466408819">
        <ele>403</ele>
      </trkpt>
      <trkpt lat="42.85845500417054" lon="-72.04831335693598">
        <ele>402</ele>
      </trkpt>
      <trkpt lat="42.85838836804032" lon="-72.04848166555166">
        <ele>402</ele>
      </trkpt>
      <trkpt lat="42.85827001556754" lon="-72.04879665747285">
        <ele>402</ele>
      </trkpt>
      <trkpt lat="42.85815166309476" lon="-72.0491033513099">
        <ele>402</ele>
      </trkpt>
      <trkpt lat="42.85801000893116" lon="-72.04937668517232">
        <ele>399</ele>
      </trkpt>
      <trkpt lat="42.85781169310212" lon="-72.04961162991822">
        <ele>395</ele>
      </trkpt>
      <trkpt lat="42.85758663900197" lon="-72.04978999681771">
        <ele>392</ele>
      </trkpt>
      <trkpt lat="42.85733995959163" lon="-72.04989669844508">
        <ele>390</ele>
      </trkpt>
      <trkpt lat="42.85708833485842" lon="-72.04997004009783">
        <ele>389</ele>
      </trkpt>
      <trkpt lat="42.85682832822204" lon="-72.05005830153823">
        <ele>387</ele>
      </trkpt>
      <trkpt lat="42.85669329576194" lon="-72.05008998513222">
        <ele>386</ele>
      </trkpt>
      <trkpt lat="42.85655499435961" lon="-72.05012996681035">
        <ele>385</ele>
      </trkpt>
      <trkpt lat="42.85641166381538" lon="-72.05018335953355">
        <ele>385</ele>
      </trkpt>
      <trkpt lat="42.85627663135529" lon="-72.05024337396026">
        <ele>384</ele>
      </trkpt>
      <trkpt lat="42.85614000633359" lon="-72.05029500648379">
        <ele>383</ele>
      </trkpt>
      <trkpt lat="42.85589500330389" lon="-72.05040003173053">
        <ele>382</ele>
      </trkpt>
      <trkpt lat="42.85565829835832" lon="-72.05048670060933">
        <ele>382</ele>
      </trkpt>
      <trkpt lat="42.85541832447052" lon="-72.05056331120431">
        <ele>381</ele>
      </trkpt>
      <trkpt lat="42.85518002696335" lon="-72.05066498368979">
        <ele>381</ele>
      </trkpt>
      <trkpt lat="42.85494835115969" lon="-72.05079833976924">
        <ele>380</ele>
      </trkpt>
      <trkpt lat="42.8547200281173" lon="-72.05094996839762">
        <ele>380</ele>
      </trkpt>
      <trkpt lat="42.85452162846923" lon="-72.05113998614252">
        <ele>379</ele>
      </trkpt>
      <trkpt lat="42.85437335260212" lon="-72.0513566583395">
        <ele>378</ele>
      </trkpt>
      <trkpt lat="42.85423496738076" lon="-72.05153670161963">
        <ele>377</ele>
      </trkpt>
      <trkpt lat="42.85406498238444" lon="-72.05167500302196">
        <ele>375</ele>
      </trkpt>
      <trkpt lat="42.85384504124522" lon="-72.05177835188806">
        <ele>373</ele>
      </trkpt>
      <trkpt lat="42.85361336544156" lon="-72.05187667161226">
        <ele>370</ele>
      </trkpt>
      <trkpt lat="42.8533883113414" lon="-72.05194833688438">
        <ele>369</ele>
      </trkpt>
      <trkpt lat="42.85316501744092" lon="-72.05196836963296">
        <ele>368</ele>
      </trkpt>
      <trkpt lat="42.85294834524393" lon="-72.0519333332777">
        <ele>367</ele>
      </trkpt>
      <trkpt lat="42.8527183458209" lon="-72.05188999883831">
        <ele>367</ele>
      </trkpt>
      <trkpt lat="42.85249664448202" lon="-72.05191003158689">
        <ele>367</ele>
      </trkpt>
      <trkpt lat="42.85227335058153" lon="-72.05199502408504">
        <ele>367</ele>
      </trkpt>
      <trkpt lat="42.85204997286201" lon="-72.05210834741592">
        <ele>367</ele>
      </trkpt>
      <trkpt lat="42.85182332620025" lon="-72.05222334712744">
        <ele>367</ele>
      </trkpt>
      <trkpt lat="42.85161503590643" lon="-72.05238503403962">
        <ele>368</ele>
      </trkpt>
      <trkpt lat="42.851418312639" lon="-72.05261335708201">
        <ele>368</ele>
      </trkpt>
      <trkpt lat="42.85124002955854" lon="-72.0528850145638">
        <ele>367</ele>
      </trkpt>
      <trkpt lat="42.85106669180095" lon="-72.0531199593097">
        <ele>367</ele>
      </trkpt>
      <trkpt lat="42.85089167766273" lon="-72.05329002812505">
        <ele>368</ele>
      </trkpt>
      <trkpt lat="42.85071163438261" lon="-72.05338164232671">
        <ele>367</ele>
      </trkpt>
      <trkpt lat="42.85051834769547" lon="-72.05336169339716">
        <ele>365</ele>
      </trkpt>
      <trkpt lat="42.85032665356994" lon="-72.05323663540184">
        <ele>364</ele>
      </trkpt>
      <trkpt lat="42.85020503215492" lon="-72.05299003981054">
        <ele>364</ele>
      </trkpt>
      <trkpt lat="42.85009497776628" lon="-72.05269834958017">
        <ele>365</ele>
      </trkpt>
      <trkpt lat="42.84996329806745" lon="-72.05243834294379">
        <ele>365</ele>
      </trkpt>
      <trkpt lat="42.84977830946445" lon="-72.05228336155415">
        <ele>364</ele>
      </trkpt>
      <trkpt lat="42.84959499724209" lon="-72.05216500908136">
        <ele>363</ele>
      </trkpt>
      <trkpt lat="42.84939165227115" lon="-72.05204162746668">
        <ele>362</ele>
      </trkpt>
      <trkpt lat="42.84920834004879" lon="-72.05186669714749">
        <ele>362</ele>
      </trkpt>
      <trkpt lat="42.84906836226583" lon="-72.05161163583398">
        <ele>363</ele>
      </trkpt>
      <trkpt lat="42.84896501339972" lon="-72.05133830197155">
        <ele>364</ele>
      </trkpt>
      <trkpt lat="42.84882830455899" lon="-72.05108500085771">
        <ele>365</ele>
      </trkpt>
      <trkpt lat="42.84866670146585" lon="-72.05084335058928">
        <ele>366</ele>
      </trkpt>
      <trkpt lat="42.84850995987654" lon="-72.05067495815456">
        <ele>368</ele>
      </trkpt>
      <trkpt lat="42.84832002595067" lon="-72.05062164925039">
        <ele>368</ele>
      </trkpt>
      <trkpt lat="42.84809497185051" lon="-72.05071670003235">
        <ele>368</ele>
      </trkpt>
      <trkpt lat="42.84787829965353" lon="-72.05082164146006">
        <ele>368</ele>
      </trkpt>
      <trkpt lat="42.84766665659845" lon="-72.0508783031255">
        <ele>368</ele>
      </trkpt>
      <trkpt lat="42.84743330441415" lon="-72.05088668502867">
        <ele>369</ele>
      </trkpt>
      <trkpt lat="42.84718167968094" lon="-72.05087000504136">
        <ele>371</ele>
      </trkpt>
      <trkpt lat="42.84694002941251" lon="-72.05085332505405">
        <ele>373</ele>
      </trkpt>
      <trkpt lat="42.84673165529966" lon="-72.05082499422133">
        <ele>375</ele>
      </trkpt>
      <trkpt lat="42.84652168862522" lon="-72.05076833255589">
        <ele>376</ele>
      </trkpt>
      <trkpt lat="42.84629831090569" lon="-72.05072164535522">
        <ele>376</ele>
      </trkpt>
      <trkpt lat="42.8460699878633" lon="-72.05071334727108">
        <ele>377</ele>
      </trkpt>
      <trkpt lat="42.84583998844028" lon="-72.05072667449713">
        <ele>377</ele>
      </trkpt>
      <trkpt lat="42.84561669453979" lon="-72.05071829259396">
        <ele>378</ele>
      </trkpt>
      <trkpt lat="42.84538166597486" lon="-72.05069499090314">
        <ele>380</ele>
      </trkpt>
      <trkpt lat="42.84514001570642" lon="-72.05070337280631">
        <ele>381</ele>
      </trkpt>
      <trkpt lat="42.84489501267672" lon="-72.05076665617526">
        <ele>381</ele>
      </trkpt>
      <trkpt lat="42.84465168602765" lon="-72.05085667781532">
        <ele>380</ele>
      </trkpt>
      <trkpt lat="42.84440835937858" lon="-72.05091996118426">
        <ele>378</ele>
      </trkpt>
      <trkpt lat="42.84415832720697" lon="-72.0509700011462">
        <ele>376</ele>
      </trkpt>
      <trkpt lat="42.8439150005579" lon="-72.05101668834686">
        <ele>375</ele>
      </trkpt>
      <trkpt lat="42.84367829561234" lon="-72.05105667002499">
        <ele>373</ele>
      </trkpt>
      <trkpt lat="42.8434366453439" lon="-72.05109170638025">
        <ele>372</ele>
      </trkpt>
      <trkpt lat="42.84319499507546" lon="-72.05113663338125">
        <ele>370</ele>
      </trkpt>
      <trkpt lat="42.84294001758099" lon="-72.05119329504669">
        <ele>369</ele>
      </trkpt>
      <trkpt lat="42.84280833788216" lon="-72.05123503692448">
        <ele>368</ele>
      </trkpt>
      <trkpt lat="42.84255998209119" lon="-72.05136830918491">
        <ele>365</ele>
      </trkpt>
      <trkpt lat="42.84244330599904" lon="-72.05146168358624">
        <ele>364</ele>
      </trkpt>
      <trkpt lat="42.84232998266816" lon="-72.05156503245234">
        <ele>364</ele>
      </trkpt>
      <trkpt lat="42.84221330657601" lon="-72.05166670493782">
        <ele>363</ele>
      </trkpt>
      <trkpt lat="42.8420983068645" lon="-72.05176334828138">
        <ele>362</ele>
      </trkpt>
      <trkpt lat="42.84187333658338" lon="-72.05195001326501">
        <ele>360</ele>
      </trkpt>
      <trkpt lat="42.84164501354098" lon="-72.05213667824864">
        <ele>359</ele>
      </trkpt>
      <trkpt lat="42.84141836687922" lon="-72.05232996493578">
        <ele>360</ele>
      </trkpt>
      <trkpt lat="42.8411883674562" lon="-72.05252501182258">
        <ele>360</ele>
      </trkpt>
      <trkpt lat="42.84095836803317" lon="-72.05272332765162">
        <ele>364</ele>
      </trkpt>
      <trkpt lat="42.84084169194102" lon="-72.05282332375646">
        <ele>366</ele>
      </trkpt>
      <trkpt lat="42.84072166308761" lon="-72.05292499624193">
        <ele>368</ele>
      </trkpt>
      <trkpt lat="42.84059836529195" lon="-72.05302834510803">
        <ele>370</ele>
      </trkpt>
      <trkpt lat="42.84047498367727" lon="-72.0531300175935">
        <ele>372</ele>
      </trkpt>
      <trkpt lat="42.84034330397844" lon="-72.0532233081758">
        <ele>373</ele>
      </trkpt>
      <trkpt lat="42.84020835533738" lon="-72.05330670811236">
        <ele>374</ele>
      </trkpt>
      <trkpt lat="42.84007164649665" lon="-72.05339329317212">
        <ele>374</ele>
      </trkpt>
      <trkpt lat="42.83993837423623" lon="-72.05347836948931">
        <ele>374</ele>
      </trkpt>
      <trkpt lat="42.8398066945374" lon="-72.05355833284557">
        <ele>374</ele>
      </trkpt>
      <trkpt lat="42.83967836759984" lon="-72.05362832173705">
        <ele>373</ele>
      </trkpt>
      <trkpt lat="42.83943504095078" lon="-72.05377332866192">
        <ele>372</ele>
      </trkpt>
      <trkpt lat="42.83918500877917" lon="-72.05390668474138">
        <ele>371</ele>
      </trkpt>
      <trkpt lat="42.83905668184161" lon="-72.05398002639413">
        <ele>370</ele>
      </trkpt>
      <trkpt lat="42.83893003128469" lon="-72.05406334251165">
        <ele>369</ele>
      </trkpt>
      <trkpt lat="42.8388000279665" lon="-72.05415336415172">
        <ele>367</ele>
      </trkpt>
      <trkpt lat="42.8386599663645" lon="-72.05424003303051">
        <ele>365</ele>
      </trkpt>
      <trkpt lat="42.83851336687803" lon="-72.05431496724486">
        <ele>363</ele>
      </trkpt>
      <trkpt lat="42.83836668357253" lon="-72.05438168719411">
        <ele>362</ele>
      </trkpt>
      <trkpt lat="42.83822167664766" lon="-72.05443834885955">
        <ele>361</ele>
      </trkpt>
      <trkpt lat="42.83807499334216" lon="-72.05447330139577">
        <ele>361</ele>
      </trkpt>
      <trkpt lat="42.8379350155592" lon="-72.05447833053768">
        <ele>361</ele>
      </trkpt>
      <trkpt lat="42.83778665587306" lon="-72.0544683560729">
        <ele>361</ele>
      </trkpt>
      <trkpt lat="42.83763829618692" lon="-72.0544582977891">
        <ele>361</ele>
      </trkpt>
      <trkpt lat="42.83748834393919" lon="-72.05445670522749">
        <ele>361</ele>
      </trkpt>
      <trkpt lat="42.83734333701432" lon="-72.05444170162082">
        <ele>361</ele>
      </trkpt>
      <trkpt lat="42.83720335923135" lon="-72.05442996695638">
        <ele>362</ele>
      </trkpt>
      <trkpt lat="42.83706329762936" lon="-72.05441663973033">
        <ele>362</ele>
      </trkpt>
      <trkpt lat="42.83691996708512" lon="-72.05440498888493">
        <ele>363</ele>
      </trkpt>
      <trkpt lat="42.83677663654089" lon="-72.05439166165888">
        <ele>363</ele>
      </trkpt>
      <trkpt lat="42.83663498237729" lon="-72.05438001081347">
        <ele>363</ele>
      </trkpt>
      <trkpt lat="42.83649668097496" lon="-72.05437498167157">
        <ele>364</ele>
      </trkpt>
      <trkpt lat="42.83635502681136" lon="-72.05438336357474">
        <ele>364</ele>
      </trkpt>
      <trkpt lat="42.83621831797063" lon="-72.05439836718142">
        <ele>364</ele>
      </trkpt>
      <trkpt lat="42.83607834018767" lon="-72.05442334525287">
        <ele>364</ele>
      </trkpt>
      <trkpt lat="42.8359383624047" lon="-72.0544683560729">
        <ele>364</ele>
      </trkpt>
      <trkpt lat="42.83579997718334" lon="-72.05452669411898">
        <ele>363</ele>
      </trkpt>
      <trkpt lat="42.83565999940038" lon="-72.05459500662982">
        <ele>362</ele>
      </trkpt>
      <trkpt lat="42.83551666885614" lon="-72.05468335188925">
        <ele>360</ele>
      </trkpt>
      <trkpt lat="42.83537501469254" lon="-72.05477664247155">
        <ele>359</ele>
      </trkpt>
      <trkpt lat="42.83522665500641" lon="-72.05486666411161">
        <ele>357</ele>
      </trkpt>
      <trkpt lat="42.83507502637804" lon="-72.05496163107455">
        <ele>356</ele>
      </trkpt>
      <trkpt lat="42.83491996116936" lon="-72.05506330356002">
        <ele>355</ele>
      </trkpt>
      <trkpt lat="42.83476833254099" lon="-72.05515835434198">
        <ele>353</ele>
      </trkpt>
      <trkpt lat="42.83461829647422" lon="-72.05523337237537">
        <ele>352</ele>
      </trkpt>
      <trkpt lat="42.83447169698775" lon="-72.05530000850558">
        <ele>352</ele>
      </trkpt>
      <trkpt lat="42.83432669006288" lon="-72.05533496104181">
        <ele>351</ele>
      </trkpt>
      <trkpt lat="42.83418168313801" lon="-72.05534501932561">
        <ele>351</ele>
      </trkpt>
      <trkpt lat="42.83403667621315" lon="-72.05533496104181">
        <ele>351</ele>
      </trkpt>
      <trkpt lat="42.83389166928828" lon="-72.05530998297036">
        <ele>351</ele>
      </trkpt>
      <trkpt lat="42.8337400406599" lon="-72.0552733540535">
        <ele>350</ele>
      </trkpt>
      <trkpt lat="42.8335832990706" lon="-72.0552300196141">
        <ele>350</ele>
      </trkpt>
      <trkpt lat="42.83342496491969" lon="-72.05519163049757">
        <ele>349</ele>
      </trkpt>
      <trkpt lat="42.83326830714941" lon="-72.05517000518739">
        <ele>348</ele>
      </trkpt>
      <trkpt lat="42.83311332575977" lon="-72.05514502711594">
        <ele>347</ele>
      </trkpt>
      <trkpt lat="42.83296496607363" lon="-72.05512331798673">
        <ele>346</ele>
      </trkpt>
      <trkpt lat="42.83281995914876" lon="-72.05509833991528">
        <ele>344</ele>
      </trkpt>
      <trkpt lat="42.83267662860453" lon="-72.05507663078606">
        <ele>343</ele>
      </trkpt>
      <trkpt lat="42.8325332980603" lon="-72.05505668185651">
        <ele>342</ele>
      </trkpt>
      <trkpt lat="42.83239332027733" lon="-72.05503664910793">
        <ele>342</ele>
      </trkpt>
      <trkpt lat="42.83224663697183" lon="-72.05501502379775">
        <ele>343</ele>
      </trkpt>
      <trkpt lat="42.83210003748536" lon="-72.05498836934566">
        <ele>345</ele>
      </trkpt>
      <trkpt lat="42.83195829950273" lon="-72.05495500937104">
        <ele>346</ele>
      </trkpt>
      <trkpt lat="42.83182335086167" lon="-72.05491829663515">
        <ele>348</ele>
      </trkpt>
      <trkpt lat="42.83156334422529" lon="-72.05483665689826">
        <ele>349</ele>
      </trkpt>
      <trkpt lat="42.83132496289909" lon="-72.05474168993533">
        <ele>351</ele>
      </trkpt>
      <trkpt lat="42.83106998540461" lon="-72.05471000634134">
        <ele>352</ele>
      </trkpt>
      <trkpt lat="42.83093000762165" lon="-72.05471998080611">
        <ele>352</ele>
      </trkpt>
      <trkpt lat="42.83078835345805" lon="-72.05472333356738">
        <ele>353</ele>
      </trkpt>
      <trkpt lat="42.83064829185605" lon="-72.05472500994802">
        <ele>353</ele>
      </trkpt>
      <trkpt lat="42.83038501627743" lon="-72.05471830442548">
        <ele>354</ele>
      </trkpt>
      <trkpt lat="42.83013498410583" lon="-72.05469332635403">
        <ele>355</ele>
      </trkpt>
      <trkpt lat="42.82988662831485" lon="-72.05466331914067">
        <ele>355</ele>
      </trkpt>
      <trkpt lat="42.82967330887914" lon="-72.05466164276004">
        <ele>354</ele>
      </trkpt>
      <trkpt lat="42.829480022192" lon="-72.05466164276004">
        <ele>354</ele>
      </trkpt>
      <trkpt lat="42.82932001166046" lon="-72.05466164276004">
        <ele>353</ele>
      </trkpt>
      <trkpt lat="42.82918162643909" lon="-72.05472500994802">
        <ele>353</ele>
      </trkpt>
      <trkpt lat="42.82907333225012" lon="-72.05485995858908">
        <ele>353</ele>
      </trkpt>
      <trkpt lat="42.82902002334595" lon="-72.0550450310111">
        <ele>353</ele>
      </trkpt>
      <trkpt lat="42.82896998338401" lon="-72.05528668127954">
        <ele>354</ele>
      </trkpt>
      <trkpt lat="42.82890829257667" lon="-72.05554668791592">
        <ele>355</ele>
      </trkpt>
      <trkpt lat="42.82885330729187" lon="-72.05578498542309">
        <ele>355</ele>
      </trkpt>
      <trkpt lat="42.82880335114896" lon="-72.05600668676198">
        <ele>356</ele>
      </trkpt>
      <trkpt lat="42.82874836586416" lon="-72.05620835535228">
        <ele>356</ele>
      </trkpt>
      <trkpt lat="42.82858500257134" lon="-72.05634330399334">
        <ele>356</ele>
      </trkpt>
      <trkpt lat="42.82843169756234" lon="-72.05631664954126">
        <ele>355</ele>
      </trkpt>
      <trkpt lat="42.82827663235366" lon="-72.0562800206244">
        <ele>355</ele>
      </trkpt>
      <trkpt lat="42.82811502926052" lon="-72.05624498426914">
        <ele>354</ele>
      </trkpt>
      <trkpt lat="42.82795501872897" lon="-72.056236686185">
        <ele>353</ele>
      </trkpt>
      <trkpt lat="42.82781504094601" lon="-72.05625168979168">
        <ele>352</ele>
      </trkpt>
      <trkpt lat="42.8276683576405" lon="-72.05627163872123">
        <ele>351</ele>
      </trkpt>
      <trkpt lat="42.82751169987023" lon="-72.05630835145712">
        <ele>350</ele>
      </trkpt>
      <trkpt lat="42.82737666741014" lon="-72.05629167146981">
        <ele>349</ele>
      </trkpt>
      <trkpt lat="42.82717164605856" lon="-72.05627834424376">
        <ele>348</ele>
      </trkpt>
      <trkpt lat="42.82690501771867" lon="-72.05624330788851">
        <ele>347</ele>
      </trkpt>
      <trkpt lat="42.82676503993571" lon="-72.05621665343642">
        <ele>347</ele>
      </trkpt>
      <trkpt lat="42.82661835663021" lon="-72.05618999898434">
        <ele>346</ele>
      </trkpt>
      <trkpt lat="42.8264666441828" lon="-72.05616166815162">
        <ele>346</ele>
      </trkpt>
      <trkpt lat="42.82631166279316" lon="-72.0561383664608">
        <ele>346</ele>
      </trkpt>
      <trkpt lat="42.82614997588098" lon="-72.05611833371222">
        <ele>345</ele>
      </trkpt>
      <trkpt lat="42.82598502002656" lon="-72.05610500648618">
        <ele>345</ele>
      </trkpt>
      <trkpt lat="42.82581830397248" lon="-72.05609670840204">
        <ele>345</ele>
      </trkpt>
      <trkpt lat="42.82565167173743" lon="-72.0560950320214">
        <ele>343</ele>
      </trkpt>
      <trkpt lat="42.82547498121858" lon="-72.0560950320214">
        <ele>341</ele>
      </trkpt>
      <trkpt lat="42.82529996708035" lon="-72.05609830096364">
        <ele>340</ele>
      </trkpt>
      <trkpt lat="42.82512000761926" lon="-72.05610835924745">
        <ele>338</ele>
      </trkpt>
      <trkpt lat="42.82493996433914" lon="-72.05612663179636">
        <ele>336</ele>
      </trkpt>
      <trkpt lat="42.82476662658155" lon="-72.05615169368684">
        <ele>334</ele>
      </trkpt>
      <trkpt lat="42.82459337264299" lon="-72.05617499537766">
        <ele>332</ele>
      </trkpt>
      <trkpt lat="42.8244150057435" lon="-72.05619829706848">
        <ele>330</ele>
      </trkpt>
      <trkpt lat="42.82423336990178" lon="-72.05622335895896">
        <ele>328</ele>
      </trkpt>
      <trkpt lat="42.82404997386038" lon="-72.05624666064978">
        <ele>326</ele>
      </trkpt>
      <trkpt lat="42.82387169077992" lon="-72.05627331510186">
        <ele>325</ele>
      </trkpt>
      <trkpt lat="42.82370497472584" lon="-72.05629670061171">
        <ele>324</ele>
      </trkpt>
      <trkpt lat="42.82354169525206" lon="-72.05632167868316">
        <ele>322</ele>
      </trkpt>
      <trkpt lat="42.82338503748178" lon="-72.05634665675461">
        <ele>321</ele>
      </trkpt>
      <trkpt lat="42.82323332503438" lon="-72.05636995844543">
        <ele>321</ele>
      </trkpt>
      <trkpt lat="42.82308337278664" lon="-72.05638999119401">
        <ele>321</ele>
      </trkpt>
      <trkpt lat="42.82293333671987" lon="-72.05641002394259">
        <ele>321</ele>
      </trkpt>
      <trkpt lat="42.82278003171086" lon="-72.0564282964915">
        <ele>321</ele>
      </trkpt>
      <trkpt lat="42.82262496650219" lon="-72.05644330009818">
        <ele>321</ele>
      </trkpt>
      <trkpt lat="42.82246503978968" lon="-72.05645168200135">
        <ele>322</ele>
      </trkpt>
      <trkpt lat="42.82230670563877" lon="-72.05645998008549">
        <ele>323</ele>
      </trkpt>
      <trkpt lat="42.82214996404946" lon="-72.0564700383693">
        <ele>324</ele>
      </trkpt>
      <trkpt lat="42.82199162989855" lon="-72.05647330731153">
        <ele>326</ele>
      </trkpt>
      <trkpt lat="42.82183664850891" lon="-72.05647833645344">
        <ele>327</ele>
      </trkpt>
      <trkpt lat="42.82168669626117" lon="-72.05648663453758">
        <ele>328</ele>
      </trkpt>
      <trkpt lat="42.82153833657503" lon="-72.05648998729885">
        <ele>328</ele>
      </trkpt>
      <trkpt lat="42.82138830050826" lon="-72.05649166367948">
        <ele>328</ele>
      </trkpt>
      <trkpt lat="42.82124002464116" lon="-72.05649334006011">
        <ele>328</ele>
      </trkpt>
      <trkpt lat="42.82108831219375" lon="-72.05649996176362">
        <ele>329</ele>
      </trkpt>
      <trkpt lat="42.82092830166221" lon="-72.05650834366679">
        <ele>329</ele>
      </trkpt>
      <trkpt lat="42.82076837494969" lon="-72.05652334727347">
        <ele>328</ele>
      </trkpt>
      <trkpt lat="42.82061163336039" lon="-72.05653499811888">
        <ele>328</ele>
      </trkpt>
      <trkpt lat="42.82045665197074" lon="-72.05653835088015">
        <ele>328</ele>
      </trkpt>
      <trkpt lat="42.82031332142651" lon="-72.05654002726078">
        <ele>327</ele>
      </trkpt>
      <trkpt lat="42.82017334364355" lon="-72.05652829259634">
        <ele>327</ele>
      </trkpt>
      <trkpt lat="42.82003495842218" lon="-72.05652167089283">
        <ele>327</ele>
      </trkpt>
      <trkpt lat="42.81989665701985" lon="-72.05651831813157">
        <ele>326</ele>
      </trkpt>
      <trkpt lat="42.81964167952538" lon="-72.05650834366679">
        <ele>325</ele>
      </trkpt>
      <trkpt lat="42.81943498179317" lon="-72.05649501644075">
        <ele>325</ele>
      </trkpt>
      <trkpt lat="42.81922333873808" lon="-72.0564766600728">
        <ele>324</ele>
      </trkpt>
      <trkpt lat="42.81900331377983" lon="-72.05641170032322">
        <ele>325</ele>
      </trkpt>
      <trkpt lat="42.81878831796348" lon="-72.0562866423279">
        <ele>325</ele>
      </trkpt>
      <trkpt lat="42.8185716457665" lon="-72.05616166815162">
        <ele>326</ele>
      </trkpt>
      <trkpt lat="42.81836167909205" lon="-72.0560416392982">
        <ele>326</ele>
      </trkpt>
      <trkpt lat="42.81816336326301" lon="-72.05589830875397">
        <ele>327</ele>
      </trkpt>
      <trkpt lat="42.81796001829207" lon="-72.05572329461575">
        <ele>328</ele>
      </trkpt>
      <trkpt lat="42.81774669885635" lon="-72.05552665516734">
        <ele>329</ele>
      </trkpt>
      <trkpt lat="42.81752835027874" lon="-72.05533496104181">
        <ele>331</ele>
      </trkpt>
      <trkpt lat="42.81731670722365" lon="-72.05517830327153">
        <ele>332</ele>
      </trkpt>
      <trkpt lat="42.81710833311081" lon="-72.05506833270192">
        <ele>333</ele>
      </trkpt>
      <trkpt lat="42.81688830815256" lon="-72.05500999465585">
        <ele>335</ele>
      </trkpt>
      <trkpt lat="42.81665001064539" lon="-72.05494830384851">
        <ele>337</ele>
      </trkpt>
      <trkpt lat="42.81642663292587" lon="-72.05488502047956">
        <ele>338</ele>
      </trkpt>
      <trkpt lat="42.81620669178665" lon="-72.05481830053031">
        <ele>340</ele>
      </trkpt>
      <trkpt lat="42.81596831046045" lon="-72.05474998801947">
        <ele>342</ele>
      </trkpt>
      <trkpt lat="42.81572330743074" lon="-72.05466667190194">
        <ele>343</ele>
      </trkpt>
      <trkpt lat="42.8154750354588" lon="-72.05458830110729">
        <ele>342</ele>
      </trkpt>
      <trkpt lat="42.81525836326182" lon="-72.05450833775103">
        <ele>343</ele>
      </trkpt>
      <trkpt lat="42.81502836383879" lon="-72.05435000360012">
        <ele>343</ele>
      </trkpt>
      <trkpt lat="42.81483331695199" lon="-72.05408002249897">
        <ele>343</ele>
      </trkpt>
      <trkpt lat="42.81474832445383" lon="-72.05391498282552">
        <ele>343</ele>
      </trkpt>
      <trkpt lat="42.81467498280108" lon="-72.05373334698379">
        <ele>343</ele>
      </trkpt>
      <trkpt lat="42.81459996476769" lon="-72.05356168560684">
        <ele>342</ele>
      </trkpt>
      <trkpt lat="42.81452670693398" lon="-72.05339832231402">
        <ele>342</ele>
      </trkpt>
      <trkpt lat="42.81445001251996" lon="-72.05323169007897">
        <ele>341</ele>
      </trkpt>
      <trkpt lat="42.81436996534467" lon="-72.05307335592806">
        <ele>341</ele>
      </trkpt>
      <trkpt lat="42.81429335474968" lon="-72.05291502177715">
        <ele>341</ele>
      </trkpt>
      <trkpt lat="42.81421498395503" lon="-72.05276163294911">
        <ele>341</ele>
      </trkpt>
      <trkpt lat="42.81406503170729" lon="-72.0524616446346">
        <ele>341</ele>
      </trkpt>
      <trkpt lat="42.81391499564052" lon="-72.05215000547469">
        <ele>341</ele>
      </trkpt>
      <trkpt lat="42.81382832676172" lon="-72.05198337323964">
        <ele>340</ele>
      </trkpt>
      <trkpt lat="42.81373998150229" lon="-72.05182168632746">
        <ele>340</ele>
      </trkpt>
      <trkpt lat="42.81364995986223" lon="-72.05166335217655">
        <ele>341</ele>
      </trkpt>
      <trkpt lat="42.8135600220412" lon="-72.051503341645">
        <ele>341</ele>
      </trkpt>
      <trkpt lat="42.8134683240205" lon="-72.05134668387473">
        <ele>341</ele>
      </trkpt>
      <trkpt lat="42.81337168067694" lon="-72.05119664780796">
        <ele>342</ele>
      </trkpt>
      <trkpt lat="42.81326003372669" lon="-72.05106169916689">
        <ele>343</ele>
      </trkpt>
      <trkpt lat="42.81314000487328" lon="-72.05094167031348">
        <ele>343</ele>
      </trkpt>
      <trkpt lat="42.81301670707762" lon="-72.05083999782801">
        <ele>343</ele>
      </trkpt>
      <trkpt lat="42.8128916490823" lon="-72.05074670724571">
        <ele>342</ele>
      </trkpt>
      <trkpt lat="42.81276835128665" lon="-72.05065668560565">
        <ele>341</ele>
      </trkpt>
      <trkpt lat="42.81252502463758" lon="-72.0504966750741">
        <ele>341</ele>
      </trkpt>
      <trkpt lat="42.81240331940353" lon="-72.05041503533721">
        <ele>340</ele>
      </trkpt>
      <trkpt lat="42.81216996721923" lon="-72.05024337396026">
        <ele>340</ele>
      </trkpt>
      <trkpt lat="42.81195832416415" lon="-72.05007162876427">
        <ele>340</ele>
      </trkpt>
      <trkpt lat="42.81173503026366" lon="-72.04989669844508">
        <ele>340</ele>
      </trkpt>
      <trkpt lat="42.81161835417151" lon="-72.04980164766312">
        <ele>339</ele>
      </trkpt>
      <trkpt lat="42.8114983253181" lon="-72.04970668070018">
        <ele>339</ele>
      </trkpt>
      <trkpt lat="42.81137335114181" lon="-72.04961498267949">
        <ele>339</ele>
      </trkpt>
      <trkpt lat="42.81113664619625" lon="-72.04944332130253">
        <ele>339</ele>
      </trkpt>
      <trkpt lat="42.81089331954718" lon="-72.04927668906748">
        <ele>340</ele>
      </trkpt>
      <trkpt lat="42.81076499260962" lon="-72.04917996190488">
        <ele>341</ele>
      </trkpt>
      <trkpt lat="42.8106333129108" lon="-72.04908331856132">
        <ele>341</ele>
      </trkpt>
      <trkpt lat="42.81050498597324" lon="-72.04900000244379">
        <ele>342</ele>
      </trkpt>
      <trkpt lat="42.81038001179695" lon="-72.04891668632627">
        <ele>342</ele>
      </trkpt>
      <trkpt lat="42.81017499044538" lon="-72.04880001023412">
        <ele>343</ele>
      </trkpt>
      <trkpt lat="42.81000500544906" lon="-72.04869330860674">
        <ele>344</ele>
      </trkpt>
      <trkpt lat="42.80985329300165" lon="-72.04863832332194">
        <ele>345</ele>
      </trkpt>
      <trkpt lat="42.80969495885074" lon="-72.04861996695399">
        <ele>345</ele>
      </trkpt>
      <trkpt lat="42.80951667577028" lon="-72.04868333414197">
        <ele>346</ele>
      </trkpt>
      <trkpt lat="42.80933336354792" lon="-72.04875499941409">
        <ele>346</ele>
      </trkpt>
      <trkpt lat="42.80911166220903" lon="-72.04883496277034">
        <ele>347</ele>
      </trkpt>
      <trkpt lat="42.8088700119406" lon="-72.04892498441041">
        <ele>345</ele>
      </trkpt>
      <trkpt lat="42.80873833224177" lon="-72.04897167161107">
        <ele>345</ele>
      </trkpt>
      <trkpt lat="42.80860003083944" lon="-72.04902330413461">
        <ele>344</ele>
      </trkpt>
      <trkpt lat="42.80845996923745" lon="-72.04907837323844">
        <ele>343</ele>
      </trkpt>
      <trkpt lat="42.80831999145448" lon="-72.04913335852325">
        <ele>342</ele>
      </trkpt>
      <trkpt lat="42.80818336643279" lon="-72.04919496551156">
        <ele>342</ele>
      </trkpt>
      <trkpt lat="42.80804162845016" lon="-72.04926503822207">
        <ele>341</ele>
      </trkpt>
      <trkpt lat="42.80791003257036" lon="-72.0493433251977">
        <ele>340</ele>
      </trkpt>
      <trkpt lat="42.80778002925217" lon="-72.04942337237298">
        <ele>340</ele>
      </trkpt>
      <trkpt lat="42.80765329487622" lon="-72.04950165934861">
        <ele>340</ele>
      </trkpt>
      <trkpt lat="42.80752832069993" lon="-72.04957164824009">
        <ele>340</ele>
      </trkpt>
      <trkpt lat="42.80728667043149" lon="-72.04969670623541">
        <ele>340</ele>
      </trkpt>
      <trkpt lat="42.80704334378242" lon="-72.04977666959167">
        <ele>342</ele>
      </trkpt>
      <trkpt lat="42.80678995884955" lon="-72.04981497488916">
        <ele>343</ele>
      </trkpt>
      <trkpt lat="42.80652668327093" lon="-72.04980835318565">
        <ele>345</ele>
      </trkpt>
      <trkpt lat="42.80626164749265" lon="-72.04975496046245">
        <ele>346</ele>
      </trkpt>
      <trkpt lat="42.80612669885159" lon="-72.04972503706813">
        <ele>346</ele>
      </trkpt>
      <trkpt lat="42.80598831363022" lon="-72.04969670623541">
        <ele>347</ele>
      </trkpt>
      <trkpt lat="42.80584665946662" lon="-72.04968170262873">
        <ele>347</ele>
      </trkpt>
      <trkpt lat="42.80570668168366" lon="-72.04966502264142">
        <ele>348</ele>
      </trkpt>
      <trkpt lat="42.80556997284293" lon="-72.04964666627347">
        <ele>348</ele>
      </trkpt>
      <trkpt lat="42.80543334782124" lon="-72.04962336458266">
        <ele>349</ele>
      </trkpt>
      <trkpt lat="42.80529663898051" lon="-72.04959997907281">
        <ele>349</ele>
      </trkpt>
      <trkpt lat="42.80515330843627" lon="-72.04957500100136">
        <ele>349</ele>
      </trkpt>
      <trkpt lat="42.80500662513077" lon="-72.04954834654927">
        <ele>350</ele>
      </trkpt>
      <trkpt lat="42.80476002953947" lon="-72.04954834654927">
        <ele>350</ele>
      </trkpt>
      <trkpt lat="42.80453497543931" lon="-72.04962830990553">
        <ele>351</ele>
      </trkpt>
      <trkpt lat="42.80429500155151" lon="-72.0498216804117">
        <ele>352</ele>
      </trkpt>
      <trkpt lat="42.80417329631746" lon="-72.04993332736194">
        <ele>352</ele>
      </trkpt>
      <trkpt lat="42.8040499985218" lon="-72.05004329793155">
        <ele>351</ele>
      </trkpt>
      <trkpt lat="42.80392996966839" lon="-72.05015670508146">
        <ele>350</ele>
      </trkpt>
      <trkpt lat="42.80381999909878" lon="-72.05027665011585">
        <ele>349</ele>
      </trkpt>
      <trkpt lat="42.80363668687642" lon="-72.05051997676492">
        <ele>347</ele>
      </trkpt>
      <trkpt lat="42.80351003631949" lon="-72.0508233178407">
        <ele>345</ele>
      </trkpt>
      <trkpt lat="42.80347499996424" lon="-72.05119002610445">
        <ele>345</ele>
      </trkpt>
      <trkpt lat="42.8034682944417" lon="-72.05139169469476">
        <ele>344</ele>
      </trkpt>
      <trkpt lat="42.80345664359629" lon="-72.05159830860794">
        <ele>344</ele>
      </trkpt>
      <trkpt lat="42.80344834551215" lon="-72.05179830081761">
        <ele>343</ele>
      </trkpt>
      <trkpt lat="42.80343501828611" lon="-72.05198999494314">
        <ele>341</ele>
      </trkpt>
      <trkpt lat="42.80342169106007" lon="-72.05217498354614">
        <ele>339</ele>
      </trkpt>
      <trkpt lat="42.80339503660798" lon="-72.05251998268068">
        <ele>336</ele>
      </trkpt>
      <trkpt lat="42.80335664749146" lon="-72.05286665819585">
        <ele>336</ele>
      </trkpt>
      <trkpt lat="42.80333334580064" lon="-72.05304829403758">
        <ele>336</ele>
      </trkpt>
      <trkpt lat="42.80326662585139" lon="-72.05340335145593">
        <ele>336</ele>
      </trkpt>
      <trkpt lat="42.80322169885039" lon="-72.05358834005892">
        <ele>335</ele>
      </trkpt>
      <trkpt lat="42.80310166999698" lon="-72.05388170666993">
        <ele>333</ele>
      </trkpt>
      <trkpt lat="42.80297837220132" lon="-72.05411002971232">
        <ele>330</ele>
      </trkpt>
      <trkpt lat="42.80291500501335" lon="-72.05431337468326">
        <ele>329</ele>
      </trkpt>
      <trkpt lat="42.80283336527646" lon="-72.05446667969227">
        <ele>327</ele>
      </trkpt>
      <trkpt lat="42.80267670750618" lon="-72.05458167940378">
        <ele>324</ele>
      </trkpt>
      <trkpt lat="42.8025099914521" lon="-72.05467496998608">
        <ele>322</ele>
      </trkpt>
      <trkpt lat="42.80234503559768" lon="-72.05476163886487">
        <ele>320</ele>
      </trkpt>
      <trkpt lat="42.80216163955629" lon="-72.0548433624208">
        <ele>319</ele>
      </trkpt>
      <trkpt lat="42.8019449673593" lon="-72.05495668575168">
        <ele>318</ele>
      </trkpt>
      <trkpt lat="42.80171832069755" lon="-72.05510496161878">
        <ele>318</ele>
      </trkpt>
      <trkpt lat="42.80159167014062" lon="-72.05520001240075">
        <ele>319</ele>
      </trkpt>
      <trkpt lat="42.80146837234497" lon="-72.05529497936368">
        <ele>320</ele>
      </trkpt>
      <trkpt lat="42.80134666711092" lon="-72.0553782954812">
        <ele>321</ele>
      </trkpt>
      <trkpt lat="42.80109831131995" lon="-72.05549170263112">
        <ele>323</ele>
      </trkpt>
      <trkpt lat="42.80084668658674" lon="-72.05555330961943">
        <ele>325</ele>
      </trkpt>
      <trkpt lat="42.8006000071764" lon="-72.05559496767819">
        <ele>326</ele>
      </trkpt>
      <trkpt lat="42.8003550041467" lon="-72.05564165487885">
        <ele>327</ele>
      </trkpt>
      <trkpt lat="42.80011503025889" lon="-72.0557083748281">
        <ele>329</ele>
      </trkpt>
      <trkpt lat="42.79987329617143" lon="-72.05577165819705">
        <ele>331</ele>
      </trkpt>
      <trkpt lat="42.79963835142553" lon="-72.05583167262375">
        <ele>332</ele>
      </trkpt>
      <trkpt lat="42.79940164647996" lon="-72.05589503981173">
        <ele>333</ele>
      </trkpt>
      <trkpt lat="42.79915002174675" lon="-72.05592831596732">
        <ele>334</ele>
      </trkpt>
      <trkpt lat="42.79890996403992" lon="-72.05587333068252">
        <ele>336</ele>
      </trkpt>
      <trkpt lat="42.79867669567466" lon="-72.05574165098369">
        <ele>338</ele>
      </trkpt>
      <trkpt lat="42.79846664518118" lon="-72.05556496046484">
        <ele>339</ele>
      </trkpt>
      <trkpt lat="42.79830663464963" lon="-72.05535667017102">
        <ele>341</ele>
      </trkpt>
      <trkpt lat="42.79813329689205" lon="-72.05510831438005">
        <ele>343</ele>
      </trkpt>
      <trkpt lat="42.79794663190842" lon="-72.05487831495702">
        <ele>346</ele>
      </trkpt>
      <trkpt lat="42.79775334522128" lon="-72.05469500273466">
        <ele>348</ele>
      </trkpt>
      <trkpt lat="42.79757497832179" lon="-72.05448335967958">
        <ele>351</ele>
      </trkpt>
      <trkpt lat="42.79742997139692" lon="-72.0542183239013">
        <ele>353</ele>
      </trkpt>
      <trkpt lat="42.79731497168541" lon="-72.05392001196742">
        <ele>354</ele>
      </trkpt>
      <trkpt lat="42.79719670303166" lon="-72.05362832173705">
        <ele>355</ele>
      </trkpt>
      <trkpt lat="42.79705664142966" lon="-72.05335666425526">
        <ele>356</ele>
      </trkpt>
      <trkpt lat="42.79689000919461" lon="-72.05311669036746">
        <ele>358</ele>
      </trkpt>
      <trkpt lat="42.79669496230781" lon="-72.05290999263525">
        <ele>359</ele>
      </trkpt>
      <trkpt lat="42.79651332646608" lon="-72.05274000763893">
        <ele>360</ele>
      </trkpt>
      <trkpt lat="42.7963399887085" lon="-72.05257329158485">
        <ele>361</ele>
      </trkpt>
      <trkpt lat="42.79613664373755" lon="-72.05238000489771">
        <ele>362</ele>
      </trkpt>
      <trkpt lat="42.79592500068247" lon="-72.05215997993946">
        <ele>363</ele>
      </trkpt>
      <trkpt lat="42.79581503011286" lon="-72.05204162746668">
        <ele>363</ele>
      </trkpt>
      <trkpt lat="42.79570665210485" lon="-72.05192168243229">
        <ele>364</ele>
      </trkpt>
      <trkpt lat="42.79549333266914" lon="-72.05170333385468">
        <ele>364</ele>
      </trkpt>
      <trkpt lat="42.7952899876982" lon="-72.051503341645">
        <ele>364</ele>
      </trkpt>
      <trkpt lat="42.79511329717934" lon="-72.05137333832681">
        <ele>365</ele>
      </trkpt>
      <trkpt lat="42.79495496302843" lon="-72.0513016730547">
        <ele>364</ele>
      </trkpt>
      <trkpt lat="42.79482001438737" lon="-72.05128666944802">
        <ele>364</ele>
      </trkpt>
      <trkpt lat="42.79468330554664" lon="-72.05128666944802">
        <ele>363</ele>
      </trkpt>
      <trkpt lat="42.79450502246618" lon="-72.05128331668675">
        <ele>362</ele>
      </trkpt>
      <trkpt lat="42.79428164474666" lon="-72.05125163309276">
        <ele>360</ele>
      </trkpt>
      <trkpt lat="42.79406170360744" lon="-72.05120670609176">
        <ele>359</ele>
      </trkpt>
      <trkpt lat="42.79388501308858" lon="-72.05116496421397">
        <ele>358</ele>
      </trkpt>
      <trkpt lat="42.79373497702181" lon="-72.05114501528442">
        <ele>357</ele>
      </trkpt>
      <trkpt lat="42.79358334839344" lon="-72.0511233061552">
        <ele>356</ele>
      </trkpt>
      <trkpt lat="42.79341830871999" lon="-72.05108667723835">
        <ele>354</ele>
      </trkpt>
      <trkpt lat="42.79322996735573" lon="-72.05107997171581">
        <ele>353</ele>
      </trkpt>
      <trkpt lat="42.79307163320482" lon="-72.05108835361898">
        <ele>351</ele>
      </trkpt>
      <trkpt lat="42.79293333180249" lon="-72.05106002278626">
        <ele>350</ele>
      </trkpt>
      <trkpt lat="42.79274163767695" lon="-72.0510183647275">
        <ele>348</ele>
      </trkpt>
      <trkpt lat="42.79259830713272" lon="-72.05099003389478">
        <ele>347</ele>
      </trkpt>
      <trkpt lat="42.79246503487229" lon="-72.05091669224203">
        <ele>345</ele>
      </trkpt>
      <trkpt lat="42.79231332242489" lon="-72.05086497589946">
        <ele>343</ele>
      </trkpt>
      <trkpt lat="42.79215498827398" lon="-72.05080336891115">
        <ele>341</ele>
      </trkpt>
      <trkpt lat="42.79200503602624" lon="-72.05077830702066">
        <ele>340</ele>
      </trkpt>
      <trkpt lat="42.79185332357883" lon="-72.05071167089045">
        <ele>338</ele>
      </trkpt>
      <trkpt lat="42.79169666580856" lon="-72.05065165646374">
        <ele>335</ele>
      </trkpt>
      <trkpt lat="42.79153162613511" lon="-72.05059331841767">
        <ele>333</ele>
      </trkpt>
      <trkpt lat="42.79136667028069" lon="-72.05053833313286">
        <ele>331</ele>
      </trkpt>
      <trkpt lat="42.7911766525358" lon="-72.05048670060933">
        <ele>328</ele>
      </trkpt>
      <trkpt lat="42.7909916639328" lon="-72.05043833702803">
        <ele>325</ele>
      </trkpt>
      <trkpt lat="42.7907950244844" lon="-72.05038167536259">
        <ele>323</ele>
      </trkpt>
      <trkpt lat="42.79065663926303" lon="-72.05032333731651">
        <ele>321</ele>
      </trkpt>
      <trkpt lat="42.79052169062197" lon="-72.05027002841234">
        <ele>320</ele>
      </trkpt>
      <trkpt lat="42.79033997096121" lon="-72.05018830485642">
        <ele>319</ele>
      </trkpt>
      <trkpt lat="42.79019831679761" lon="-72.05009333789349">
        <ele>317</ele>
      </trkpt>
      <trkpt lat="42.79005833901465" lon="-72.04989669844508">
        <ele>316</ele>
      </trkpt>
      <trkpt lat="42.78997167013586" lon="-72.04973165877163">
        <ele>315</ele>
      </trkpt>
      <trkpt lat="42.78988332487643" lon="-72.04952663742006">
        <ele>315</ele>
      </trkpt>
      <trkpt lat="42.78978668153286" lon="-72.04933829605579">
        <ele>316</ele>
      </trkpt>
      <trkpt lat="42.78970663435757" lon="-72.04918331466615">
        <ele>316</ele>
      </trkpt>
      <trkpt lat="42.78961502015591" lon="-72.04900000244379">
        <ele>317</ele>
      </trkpt>
      <trkpt lat="42.78947168961167" lon="-72.04887335188687">
        <ele>318</ele>
      </trkpt>
      <trkpt lat="42.78928996995091" lon="-72.04877000302076">
        <ele>320</ele>
      </trkpt>
      <trkpt lat="42.78909333050251" lon="-72.04874334856868">
        <ele>321</ele>
      </trkpt>
      <trkpt lat="42.78892669826746" lon="-72.04876002855599">
        <ele>321</ele>
      </trkpt>
      <trkpt lat="42.78872167691588" lon="-72.04875332303345">
        <ele>322</ele>
      </trkpt>
      <trkpt lat="42.7885050047189" lon="-72.04872163943946">
        <ele>323</ele>
      </trkpt>
      <trkpt lat="42.78829998336732" lon="-72.04869498498738">
        <ele>323</ele>
      </trkpt>
      <trkpt lat="42.78813829645514" lon="-72.0486799813807">
        <ele>323</ele>
      </trkpt>
      <trkpt lat="42.78799831867218" lon="-72.04861166886985">
        <ele>323</ele>
      </trkpt>
      <trkpt lat="42.78783830814064" lon="-72.04852164722979">
        <ele>323</ele>
      </trkpt>
      <trkpt lat="42.78771668672562" lon="-72.04833330586553">
        <ele>323</ele>
      </trkpt>
      <trkpt lat="42.78762666508555" lon="-72.04806164838374">
        <ele>322</ele>
      </trkpt>
      <trkpt lat="42.7875916287303" lon="-72.04774162732065">
        <ele>322</ele>
      </trkpt>
      <trkpt lat="42.78755835257471" lon="-72.04740836285055">
        <ele>322</ele>
      </trkpt>
      <trkpt lat="42.78748501092196" lon="-72.04709831625223">
        <ele>323</ele>
      </trkpt>
      <trkpt lat="42.78737504035234" lon="-72.04677670262754">
        <ele>323</ele>
      </trkpt>
      <trkpt lat="42.78725501149893" lon="-72.04646162688732">
        <ele>323</ele>
      </trkpt>
      <trkpt lat="42.78717999346554" lon="-72.04630002379417">
        <ele>323</ele>
      </trkpt>
      <trkpt lat="42.78711168095469" lon="-72.04614001326263">
        <ele>322</ele>
      </trkpt>
      <trkpt lat="42.78704169206321" lon="-72.04598000273108">
        <ele>322</ele>
      </trkpt>
      <trkpt lat="42.78697329573333" lon="-72.04581831581891">
        <ele>322</ele>
      </trkpt>
      <trkpt lat="42.78681831434369" lon="-72.04552503302693">
        <ele>321</ele>
      </trkpt>
      <trkpt lat="42.78665830381215" lon="-72.04524499364197">
        <ele>321</ele>
      </trkpt>
      <trkpt lat="42.78650164604187" lon="-72.04496998339891">
        <ele>320</ele>
      </trkpt>
      <trkpt lat="42.78637331910431" lon="-72.04469170421362">
        <ele>320</ele>
      </trkpt>
      <trkpt lat="42.78629830107093" lon="-72.04440001398325">
        <ele>320</ele>
      </trkpt>
      <trkpt lat="42.78625496663153" lon="-72.04405166208744">
        <ele>319</ele>
      </trkpt>
      <trkpt lat="42.78616829775274" lon="-72.04372501932085">
        <ele>319</ele>
      </trkpt>
      <trkpt lat="42.78603997081518" lon="-72.04343165270984">
        <ele>319</ele>
      </trkpt>
      <trkpt lat="42.78587501496077" lon="-72.04318832606077">
        <ele>320</ele>
      </trkpt>
      <trkpt lat="42.78567669913173" lon="-72.04298665747046">
        <ele>321</ele>
      </trkpt>
      <trkpt lat="42.78547335416079" lon="-72.0427983161062">
        <ele>323</ele>
      </trkpt>
      <trkpt lat="42.78527503833175" lon="-72.04259329475462">
        <ele>325</ele>
      </trkpt>
      <trkpt lat="42.78506331145763" lon="-72.04239330254495">
        <ele>326</ele>
      </trkpt>
      <trkpt lat="42.78484663926065" lon="-72.04218668863177">
        <ele>327</ele>
      </trkpt>
      <trkpt lat="42.78465997427702" lon="-72.04197831451893">
        <ele>328</ele>
      </trkpt>
      <trkpt lat="42.78448831290007" lon="-72.04179500229657">
        <ele>329</ele>
      </trkpt>
      <trkpt lat="42.78429829515517" lon="-72.0416000392288">
        <ele>330</ele>
      </trkpt>
      <trkpt lat="42.78409830294549" lon="-72.04141169786453">
        <ele>330</ele>
      </trkpt>
      <trkpt lat="42.78387165628374" lon="-72.04121832735837">
        <ele>330</ele>
      </trkpt>
      <trkpt lat="42.78375330381095" lon="-72.04111330211163">
        <ele>330</ele>
      </trkpt>
      <trkpt lat="42.78363998048007" lon="-72.04100333154202">
        <ele>330</ele>
      </trkpt>
      <trkpt lat="42.7835316862911" lon="-72.04089000821114">
        <ele>329</ele>
      </trkpt>
      <trkpt lat="42.78342330828309" lon="-72.04077500849962">
        <ele>330</ele>
      </trkpt>
      <trkpt lat="42.78331836685538" lon="-72.04065497964621">
        <ele>330</ele>
      </trkpt>
      <trkpt lat="42.78310999274254" lon="-72.04041835851967">
        <ele>329</ele>
      </trkpt>
      <trkpt lat="42.78300664387643" lon="-72.04029170796275">
        <ele>329</ele>
      </trkpt>
      <trkpt lat="42.78290170244873" lon="-72.04016329720616">
        <ele>329</ele>
      </trkpt>
      <trkpt lat="42.78280002996325" lon="-72.04003170132637">
        <ele>328</ele>
      </trkpt>
      <trkpt lat="42.78269500471652" lon="-72.03989163972437">
        <ele>327</ele>
      </trkpt>
      <trkpt lat="42.78259333223104" lon="-72.0397450402379">
        <ele>327</ele>
      </trkpt>
      <trkpt lat="42.78250163421035" lon="-72.03959668055177">
        <ele>326</ele>
      </trkpt>
      <trkpt lat="42.78242669999599" lon="-72.03944329172373">
        <ele>327</ele>
      </trkpt>
      <trkpt lat="42.78229996562004" lon="-72.03912670724094">
        <ele>328</ele>
      </trkpt>
      <trkpt lat="42.78217163868248" lon="-72.03879998065531">
        <ele>329</ele>
      </trkpt>
      <trkpt lat="42.78200500644743" lon="-72.03852497041225">
        <ele>330</ele>
      </trkpt>
      <trkpt lat="42.78190165758133" lon="-72.03839831985533">
        <ele>330</ele>
      </trkpt>
      <trkpt lat="42.78180501423776" lon="-72.03826664015651">
        <ele>330</ele>
      </trkpt>
      <trkpt lat="42.7816666290164" lon="-72.0379716809839">
        <ele>330</ele>
      </trkpt>
      <trkpt lat="42.78162832371891" lon="-72.03779163770378">
        <ele>330</ele>
      </trkpt>
      <trkpt lat="42.78160837478936" lon="-72.03760002739727">
        <ele>329</ele>
      </trkpt>
      <trkpt lat="42.78159831650555" lon="-72.03740833327174">
        <ele>329</ele>
      </trkpt>
      <trkpt lat="42.78159169480205" lon="-72.03721831552684">
        <ele>329</ele>
      </trkpt>
      <trkpt lat="42.781578367576" lon="-72.03703165054321">
        <ele>329</ele>
      </trkpt>
      <trkpt lat="42.78154836036265" lon="-72.03684666194022">
        <ele>329</ele>
      </trkpt>
      <trkpt lat="42.78151500038803" lon="-72.03666502609849">
        <ele>329</ele>
      </trkpt>
      <trkpt lat="42.781469989568" lon="-72.0364816300571">
        <ele>329</ele>
      </trkpt>
      <trkpt lat="42.78141835704446" lon="-72.03630334697664">
        <ele>329</ele>
      </trkpt>
      <trkpt lat="42.78136169537902" lon="-72.03612665645778">
        <ele>329</ele>
      </trkpt>
      <trkpt lat="42.78130830265582" lon="-72.03595164231956">
        <ele>329</ele>
      </trkpt>
      <trkpt lat="42.78126169927418" lon="-72.0357683300972">
        <ele>329</ele>
      </trkpt>
      <trkpt lat="42.78121836483479" lon="-72.03558166511357">
        <ele>328</ele>
      </trkpt>
      <trkpt lat="42.78117000125349" lon="-72.03539835289121">
        <ele>327</ele>
      </trkpt>
      <trkpt lat="42.78113001957536" lon="-72.03521663323045">
        <ele>325</ele>
      </trkpt>
      <trkpt lat="42.78108165599406" lon="-72.03504329547286">
        <ele>324</ele>
      </trkpt>
      <trkpt lat="42.78096833266318" lon="-72.03472997993231">
        <ele>321</ele>
      </trkpt>
      <trkpt lat="42.78080496937037" lon="-72.03447500243783">
        <ele>319</ele>
      </trkpt>
      <trkpt lat="42.78061168268323" lon="-72.03426662832499">
        <ele>318</ele>
      </trkpt>
      <trkpt lat="42.78048830106854" lon="-72.03405003994703">
        <ele>317</ele>
      </trkpt>
      <trkpt lat="42.78044337406754" lon="-72.03386002220213">
        <ele>315</ele>
      </trkpt>
      <trkpt lat="42.78039501048625" lon="-72.03365332446992">
        <ele>314</ele>
      </trkpt>
      <trkpt lat="42.78024665080011" lon="-72.03359331004322">
        <ele>314</ele>
      </trkpt>
      <trkpt lat="42.77996501885355" lon="-72.0335700083524">
        <ele>314</ele>
      </trkpt>
      <trkpt lat="42.77977667748928" lon="-72.03354167751968">
        <ele>314</ele>
      </trkpt>
      <trkpt lat="42.77957836166024" lon="-72.03350337222219">
        <ele>314</ele>
      </trkpt>
      <trkpt lat="42.77936831116676" lon="-72.03347504138947">
        <ele>314</ele>
      </trkpt>
      <trkpt lat="42.77915499173105" lon="-72.03344000503421">
        <ele>314</ele>
      </trkpt>
      <trkpt lat="42.77893337421119" lon="-72.03340664505959">
        <ele>313</ele>
      </trkpt>
      <trkpt lat="42.77871997095644" lon="-72.03337336890399">
        <ele>312</ele>
      </trkpt>
      <trkpt lat="42.77851830236614" lon="-72.03334503807127">
        <ele>312</ele>
      </trkpt>
      <trkpt lat="42.77833834290504" lon="-72.03331829980016">
        <ele>311</ele>
      </trkpt>
      <trkpt lat="42.7781783323735" lon="-72.03329332172871">
        <ele>311</ele>
      </trkpt>
      <trkpt lat="42.7780417073518" lon="-72.03327337279916">
        <ele>311</ele>
      </trkpt>
      <trkpt lat="42.77782998047769" lon="-72.03323003835976">
        <ele>311</ele>
      </trkpt>
      <trkpt lat="42.77767164632678" lon="-72.03313666395843">
        <ele>311</ele>
      </trkpt>
      <trkpt lat="42.77762663550675" lon="-72.03292334452271">
        <ele>311</ele>
      </trkpt>
      <trkpt lat="42.77758665382862" lon="-72.03265001066029">
        <ele>311</ele>
      </trkpt>
      <trkpt lat="42.77754331938922" lon="-72.03242336399853">
        <ele>311</ele>
      </trkpt>
      <trkpt lat="42.77748162858188" lon="-72.03218665905297">
        <ele>311</ele>
      </trkpt>
      <trkpt lat="42.77739495970309" lon="-72.031938303262">
        <ele>311</ele>
      </trkpt>
      <trkpt lat="42.77728834189475" lon="-72.03167829662561">
        <ele>312</ele>
      </trkpt>
      <trkpt lat="42.77717837132514" lon="-72.03139834105968">
        <ele>312</ele>
      </trkpt>
      <trkpt lat="42.77706664055586" lon="-72.03109835274518">
        <ele>312</ele>
      </trkpt>
      <trkpt lat="42.77695331722498" lon="-72.03077162615955">
        <ele>313</ele>
      </trkpt>
      <trkpt lat="42.77682666666806" lon="-72.0304633397609">
        <ele>314</ele>
      </trkpt>
      <trkpt lat="42.77665332891047" lon="-72.0302233658731">
        <ele>314</ele>
      </trkpt>
      <trkpt lat="42.7764150314033" lon="-72.03010668978095">
        <ele>316</ele>
      </trkpt>
      <trkpt lat="42.77615167200565" lon="-72.03003670088947">
        <ele>318</ele>
      </trkpt>
      <trkpt lat="42.77601999230683" lon="-72.02998833730817">
        <ele>320</ele>
      </trkpt>
      <trkpt lat="42.77588663622737" lon="-72.0299416501075">
        <ele>321</ele>
      </trkpt>
      <trkpt lat="42.77575168758631" lon="-72.02989337034523">
        <ele>322</ele>
      </trkpt>
      <trkpt lat="42.77561665512621" lon="-72.02985003590584">
        <ele>323</ele>
      </trkpt>
      <trkpt lat="42.77535664848983" lon="-72.0297883450985">
        <ele>325</ele>
      </trkpt>
      <trkpt lat="42.77509831823409" lon="-72.02974668703973">
        <ele>328</ele>
      </trkpt>
      <trkpt lat="42.7748750243336" lon="-72.0297016762197">
        <ele>330</ele>
      </trkpt>
      <trkpt lat="42.77470830827951" lon="-72.02962498180568">
        <ele>331</ele>
      </trkpt>
      <trkpt lat="42.77460998855531" lon="-72.02940504066646">
        <ele>333</ele>
      </trkpt>
      <trkpt lat="42.77466170489788" lon="-72.02918669208884">
        <ele>334</ele>
      </trkpt>
      <trkpt lat="42.77476999908686" lon="-72.02892668545246">
        <ele>334</ele>
      </trkpt>
      <trkpt lat="42.77491332963109" lon="-72.02865502797067">
        <ele>333</ele>
      </trkpt>
      <trkpt lat="42.77509169653058" lon="-72.02838999219239">
        <ele>333</ele>
      </trkpt>
      <trkpt lat="42.77519831433892" lon="-72.02825831249356">
        <ele>332</ele>
      </trkpt>
      <trkpt lat="42.7753050159663" lon="-72.02813166193664">
        <ele>332</ele>
      </trkpt>
      <trkpt lat="42.7753983065486" lon="-72.02799662947655">
        <ele>331</ele>
      </trkpt>
      <trkpt lat="42.77549000456929" lon="-72.02786000445485">
        <ele>331</ele>
      </trkpt>
      <trkpt lat="42.77558170258999" lon="-72.02771667391062">
        <ele>331</ele>
      </trkpt>
      <trkpt lat="42.77566837146878" lon="-72.02756336890161">
        <ele>331</ele>
      </trkpt>
      <trkpt lat="42.77575504034758" lon="-72.02740830369294">
        <ele>330</ele>
      </trkpt>
      <trkpt lat="42.77588495984674" lon="-72.02710001729429">
        <ele>331</ele>
      </trkpt>
      <trkpt lat="42.77604999952018" lon="-72.02683162875473">
        <ele>331</ele>
      </trkpt>
      <trkpt lat="42.77624663896859" lon="-72.02658830210567">
        <ele>331</ele>
      </trkpt>
      <trkpt lat="42.77635334059596" lon="-72.02647330239415">
        <ele>331</ele>
      </trkpt>
      <trkpt lat="42.77646834030747" lon="-72.02636165544391">
        <ele>331</ele>
      </trkpt>
      <trkpt lat="42.77658996172249" lon="-72.02625336125493">
        <ele>331</ele>
      </trkpt>
      <trkpt lat="42.77671501971781" lon="-72.02615504153073">
        <ele>331</ele>
      </trkpt>
      <trkpt lat="42.7768399938941" lon="-72.02605831436813">
        <ele>331</ele>
      </trkpt>
      <trkpt lat="42.77696999721229" lon="-72.0259633474052">
        <ele>331</ele>
      </trkpt>
      <trkpt lat="42.77709329500794" lon="-72.02586335130036">
        <ele>331</ele>
      </trkpt>
      <trkpt lat="42.77729001827538" lon="-72.02563335187733">
        <ele>331</ele>
      </trkpt>
      <trkpt lat="42.77742831967771" lon="-72.0253917016089">
        <ele>332</ele>
      </trkpt>
      <trkpt lat="42.77753166854382" lon="-72.02513169497252">
        <ele>333</ele>
      </trkpt>
      <trkpt lat="42.77760836295784" lon="-72.0248649828136">
        <ele>333</ele>
      </trkpt>
      <trkpt lat="42.77768832631409" lon="-72.02459332533181">
        <ele>333</ele>
      </trkpt>
      <trkpt lat="42.77777164243162" lon="-72.02428998425603">
        <ele>334</ele>
      </trkpt>
      <trkpt lat="42.77782335877419" lon="-72.02397499233484">
        <ele>334</ele>
      </trkpt>
      <trkpt lat="42.77786334045231" lon="-72.02364164404571">
        <ele>333</ele>
      </trkpt>
      <trkpt lat="42.77787666767836" lon="-72.02329664491117">
        <ele>332</ele>
      </trkpt>
      <trkpt lat="42.77789167128503" lon="-72.02293496578932">
        <ele>332</ele>
      </trkpt>
      <trkpt lat="42.77792000211775" lon="-72.02257001772523">
        <ele>331</ele>
      </trkpt>
      <trkpt lat="42.77794003486633" lon="-72.0223833527416">
        <ele>331</ele>
      </trkpt>
      <trkpt lat="42.77796995826066" lon="-72.02219501137733">
        <ele>330</ele>
      </trkpt>
      <trkpt lat="42.77799502015114" lon="-72.02201002277434">
        <ele>330</ele>
      </trkpt>
      <trkpt lat="42.77800667099655" lon="-72.02182662673295">
        <ele>330</ele>
      </trkpt>
      <trkpt lat="42.77801170013845" lon="-72.02163836918771">
        <ele>329</ele>
      </trkpt>
      <trkpt lat="42.77800499461591" lon="-72.02145170420408">
        <ele>329</ele>
      </trkpt>
      <trkpt lat="42.7779883146286" lon="-72.02108331955969">
        <ele>329</ele>
      </trkpt>
      <trkpt lat="42.77797666378319" lon="-72.0208983309567">
        <ele>329</ele>
      </trkpt>
      <trkpt lat="42.77797163464129" lon="-72.02053665183485">
        <ele>330</ele>
      </trkpt>
      <trkpt lat="42.77800667099655" lon="-72.02018829993904">
        <ele>330</ele>
      </trkpt>
      <trkpt lat="42.7780866343528" lon="-72.01985168270767">
        <ele>330</ele>
      </trkpt>
      <trkpt lat="42.77814497239888" lon="-72.01968337409198">
        <ele>330</ele>
      </trkpt>
      <trkpt lat="42.77821001596749" lon="-72.01952001079917">
        <ele>330</ele>
      </trkpt>
      <trkpt lat="42.7782816812396" lon="-72.01936000026762">
        <ele>330</ele>
      </trkpt>
      <trkpt lat="42.77835669927299" lon="-72.01919831335545">
        <ele>330</ele>
      </trkpt>
      <trkpt lat="42.77842836454511" lon="-72.01903997920454">
        <ele>330</ele>
      </trkpt>
      <trkpt lat="42.77850497514009" lon="-72.01887829229236">
        <ele>330</ele>
      </trkpt>
      <trkpt lat="42.77858669869602" lon="-72.01871995814145">
        <ele>330</ele>
      </trkpt>
      <trkpt lat="42.77867496013641" lon="-72.0185649767518">
        <ele>330</ele>
      </trkpt>
      <trkpt lat="42.77877336367965" lon="-72.01841502450407">
        <ele>330</ele>
      </trkpt>
      <trkpt lat="42.77887998148799" lon="-72.01827831566334">
        <ele>330</ele>
      </trkpt>
      <trkpt lat="42.77899162843823" lon="-72.01815334148705">
        <ele>330</ele>
      </trkpt>
      <trkpt lat="42.77910503558815" lon="-72.01802836731076">
        <ele>329</ele>
      </trkpt>
      <trkpt lat="42.77921835891902" lon="-72.01789333485067">
        <ele>329</ele>
      </trkpt>
      <trkpt lat="42.77933000586927" lon="-72.0177533570677">
        <ele>329</ele>
      </trkpt>
      <trkpt lat="42.77943997643888" lon="-72.01760835014284">
        <ele>329</ele>
      </trkpt>
      <trkpt lat="42.77954164892435" lon="-72.01745663769543">
        <ele>329</ele>
      </trkpt>
      <trkpt lat="42.77964164502919" lon="-72.01730165630579">
        <ele>329</ele>
      </trkpt>
      <trkpt lat="42.77973669581115" lon="-72.01713996939361">
        <ele>329</ele>
      </trkpt>
      <trkpt lat="42.77982336468995" lon="-72.01697166077793">
        <ele>329</ele>
      </trkpt>
      <trkpt lat="42.77991665527225" lon="-72.01680502854288">
        <ele>329</ele>
      </trkpt>
      <trkpt lat="42.78000835329294" lon="-72.01664166525006">
        <ele>329</ele>
      </trkpt>
      <trkpt lat="42.78009502217174" lon="-72.01647830195725">
        <ele>329</ele>
      </trkpt>
      <trkpt lat="42.7801800146699" lon="-72.01631996780634">
        <ele>329</ele>
      </trkpt>
      <trkpt lat="42.78026500716805" lon="-72.01615836471319">
        <ele>329</ele>
      </trkpt>
      <trkpt lat="42.78034832328558" lon="-72.01599667780101">
        <ele>329</ele>
      </trkpt>
      <trkpt lat="42.78043666854501" lon="-72.01583666726947">
        <ele>329</ele>
      </trkpt>
      <trkpt lat="42.78052995912731" lon="-72.01568168587983">
        <ele>329</ele>
      </trkpt>
      <trkpt lat="42.78062668628991" lon="-72.01552829705179">
        <ele>329</ele>
      </trkpt>
      <trkpt lat="42.78072165325284" lon="-72.01537666842341">
        <ele>329</ele>
      </trkpt>
      <trkpt lat="42.7808116748929" lon="-72.01523333787918">
        <ele>329</ele>
      </trkpt>
      <trkpt lat="42.7809049654752" lon="-72.01509168371558">
        <ele>328</ele>
      </trkpt>
      <trkpt lat="42.78099498711526" lon="-72.01495002955198">
        <ele>328</ele>
      </trkpt>
      <trkpt lat="42.78117335401475" lon="-72.01467334292829">
        <ele>328</ele>
      </trkpt>
      <trkpt lat="42.78135163709521" lon="-72.01440336182714">
        <ele>328</ele>
      </trkpt>
      <trkpt lat="42.78152329847217" lon="-72.01413002796471">
        <ele>328</ele>
      </trkpt>
      <trkpt lat="42.78169336728752" lon="-72.01384495943785">
        <ele>328</ele>
      </trkpt>
      <trkpt lat="42.78178003616631" lon="-72.01369500719011">
        <ele>328</ele>
      </trkpt>
      <trkpt lat="42.7818667050451" lon="-72.01355335302651">
        <ele>329</ele>
      </trkpt>
      <trkpt lat="42.78201665729284" lon="-72.01329334639013">
        <ele>329</ele>
      </trkpt>
      <trkpt lat="42.78214330784976" lon="-72.01305169612169">
        <ele>330</ele>
      </trkpt>
      <trkpt lat="42.78226166032255" lon="-72.0128233730793">
        <ele>330</ele>
      </trkpt>
      <trkpt lat="42.7823899872601" lon="-72.01259664259851">
        <ele>330</ele>
      </trkpt>
      <trkpt lat="42.78249165974557" lon="-72.01232163235545">
        <ele>330</ele>
      </trkpt>
      <trkpt lat="42.7825749758631" lon="-72.01201502233744">
        <ele>331</ele>
      </trkpt>
      <trkpt lat="42.78265996836126" lon="-72.01170329935849">
        <ele>331</ele>
      </trkpt>
      <trkpt lat="42.78274169191718" lon="-72.01139501295984">
        <ele>332</ele>
      </trkpt>
      <trkpt lat="42.78282333165407" lon="-72.01105998829007">
        <ele>332</ele>
      </trkpt>
      <trkpt lat="42.78291335329413" lon="-72.01071163639426">
        <ele>332</ele>
      </trkpt>
      <trkpt lat="42.78296666219831" lon="-72.01053670607507">
        <ele>333</ele>
      </trkpt>
      <trkpt lat="42.7830150257796" lon="-72.01036001555622">
        <ele>333</ele>
      </trkpt>
      <trkpt lat="42.78309498913586" lon="-72.01002163812518">
        <ele>333</ele>
      </trkpt>
      <trkpt lat="42.78316665440798" lon="-72.00972164981067">
        <ele>333</ele>
      </trkpt>
      <trkpt lat="42.78322834521532" lon="-72.00946834869683">
        <ele>333</ele>
      </trkpt>
      <trkpt lat="42.78326002880931" lon="-72.00926835648715">
        <ele>334</ele>
      </trkpt>
      <trkpt lat="42.78312164358795" lon="-72.0091350004077">
        <ele>335</ele>
      </trkpt>
      <trkpt lat="42.78297169134021" lon="-72.00913332402706">
        <ele>336</ele>
      </trkpt>
      <trkpt lat="42.78280329890549" lon="-72.00913332402706">
        <ele>337</ele>
      </trkpt>
      <trkpt lat="42.78263331390917" lon="-72.00914170593023">
        <ele>338</ele>
      </trkpt>
      <trkpt lat="42.78248998336494" lon="-72.00911169871688">
        <ele>339</ele>
      </trkpt>
      <trkpt lat="42.78230834752321" lon="-72.00906333513558">
        <ele>341</ele>
      </trkpt>
      <trkpt lat="42.78203501366079" lon="-72.00903165154159">
        <ele>343</ele>
      </trkpt>
      <trkpt lat="42.78188330121338" lon="-72.00901664793491">
        <ele>345</ele>
      </trkpt>
      <trkpt lat="42.78172831982374" lon="-72.00901002623141">
        <ele>346</ele>
      </trkpt>
      <trkpt lat="42.78156336396933" lon="-72.00899669900537">
        <ele>348</ele>
      </trkpt>
      <trkpt lat="42.78140335343778" lon="-72.00897834263742">
        <ele>350</ele>
      </trkpt>
      <trkpt lat="42.78124501928687" lon="-72.00895998626947">
        <ele>351</ele>
      </trkpt>
      <trkpt lat="42.78108500875533" lon="-72.00894003733993">
        <ele>353</ele>
      </trkpt>
      <trkpt lat="42.78092499822378" lon="-72.00891329906881">
        <ele>355</ele>
      </trkpt>
      <trkpt lat="42.78076666407287" lon="-72.00888664461672">
        <ele>357</ele>
      </trkpt>
      <trkpt lat="42.78060832992196" lon="-72.00885999016464">
        <ele>359</ele>
      </trkpt>
      <trkpt lat="42.78045334853232" lon="-72.00883333571255">
        <ele>360</ele>
      </trkpt>
      <trkpt lat="42.78029501438141" lon="-72.00879503041506">
        <ele>362</ele>
      </trkpt>
      <trkpt lat="42.78014003299177" lon="-72.00874331407249">
        <ele>364</ele>
      </trkpt>
      <trkpt lat="42.77998169884086" lon="-72.00867835432291">
        <ele>367</ele>
      </trkpt>
      <trkpt lat="42.77982663363218" lon="-72.00859663076699">
        <ele>369</ele>
      </trkpt>
      <trkpt lat="42.77967835776508" lon="-72.00850501656532">
        <ele>371</ele>
      </trkpt>
      <trkpt lat="42.77953335084021" lon="-72.00840669684112">
        <ele>373</ele>
      </trkpt>
      <trkpt lat="42.77939496561885" lon="-72.00830829329789">
        <ele>375</ele>
      </trkpt>
      <trkpt lat="42.77926169335842" lon="-72.00820997357368">
        <ele>377</ele>
      </trkpt>
      <trkpt lat="42.77913495898247" lon="-72.00808835215867">
        <ele>379</ele>
      </trkpt>
      <trkpt lat="42.77900998480618" lon="-72.00796170160174">
        <ele>381</ele>
      </trkpt>
      <trkpt lat="42.77888501062989" lon="-72.00783169828355">
        <ele>383</ele>
      </trkpt>
      <trkpt lat="42.77875165455043" lon="-72.00768836773932">
        <ele>384</ele>
      </trkpt>
      <trkpt lat="42.77862165123224" lon="-72.00754503719509">
        <ele>386</ele>
      </trkpt>
      <trkpt lat="42.77849835343659" lon="-72.00740170665085">
        <ele>387</ele>
      </trkpt>
      <trkpt lat="42.7783683501184" lon="-72.00726835057139">
        <ele>388</ele>
      </trkpt>
      <trkpt lat="42.77823667041957" lon="-72.00712996535003">
        <ele>389</ele>
      </trkpt>
      <trkpt lat="42.77810499072075" lon="-72.00699334032834">
        <ele>389</ele>
      </trkpt>
      <trkpt lat="42.77796995826066" lon="-72.00685168616474">
        <ele>390</ele>
      </trkpt>
      <trkpt lat="42.77783333323896" lon="-72.0067033264786">
        <ele>390</ele>
      </trkpt>
      <trkpt lat="42.77769830077887" lon="-72.00655496679246">
        <ele>389</ele>
      </trkpt>
      <trkpt lat="42.77757165022194" lon="-72.0064200181514">
        <ele>388</ele>
      </trkpt>
      <trkpt lat="42.77747726999223" lon="-72.00625807978213">
        <ele>387</ele>
      </trkpt>
      <trkpt lat="42.7772010024637" lon="-72.00599178671837">
        <ele>385</ele>
      </trkpt>
      <trkpt lat="42.77707803994417" lon="-72.00563421472907">
        <ele>385</ele>
      </trkpt>
      <trkpt lat="42.77704778127372" lon="-72.00516415759921">
        <ele>383</ele>
      </trkpt>
      <trkpt lat="42.77700109407306" lon="-72.00479786843061">
        <ele>382</ele>
      </trkpt>
      <trkpt lat="42.77701836079359" lon="-72.00455999001861">
        <ele>382</ele>
      </trkpt>
      <trkpt lat="42.77702330611646" lon="-72.00435169972479">
        <ele>381</ele>
      </trkpt>
      <trkpt lat="42.77700662612915" lon="-72.00412832200527">
        <ele>381</ele>
      </trkpt>
      <trkpt lat="42.77697997167706" lon="-72.00391164980829">
        <ele>380</ele>
      </trkpt>
      <trkpt lat="42.77696169912815" lon="-72.00363001786172">
        <ele>379</ele>
      </trkpt>
      <trkpt lat="42.77694996446371" lon="-72.00334000401199">
        <ele>378</ele>
      </trkpt>
      <trkpt lat="42.7769383136183" lon="-72.00305166654289">
        <ele>377</ele>
      </trkpt>
      <trkpt lat="42.77694166637957" lon="-72.00277833268046">
        <ele>376</ele>
      </trkpt>
      <trkpt lat="42.77697502635419" lon="-72.00252503156662">
        <ele>376</ele>
      </trkpt>
      <trkpt lat="42.77701165527105" lon="-72.00229000300169">
        <ele>375</ele>
      </trkpt>
      <trkpt lat="42.77703830972314" lon="-72.00210501439869">
        <ele>375</ele>
      </trkpt>
      <trkpt lat="42.7770366333425" lon="-72.00190669856966">
        <ele>374</ele>
      </trkpt>
      <trkpt lat="42.77706337161362" lon="-72.00170997530222">
        <ele>373</ele>
      </trkpt>
      <trkpt lat="42.77714333496988" lon="-72.00153001584113">
        <ele>373</ele>
      </trkpt>
      <trkpt lat="42.77726504020393" lon="-72.00136003084481">
        <ele>374</ele>
      </trkpt>
      <trkpt lat="42.77739663608372" lon="-72.00119163841009">
        <ele>374</ele>
      </trkpt>
      <trkpt lat="42.77752169407904" lon="-72.00108837336302">
        <ele>374</ele>
      </trkpt>
      <trkpt lat="42.77762663550675" lon="-72.00093833729625">
        <ele>374</ele>
      </trkpt>
      <trkpt lat="42.77770332992077" lon="-72.00074337422848">
        <ele>374</ele>
      </trkpt>
      <trkpt lat="42.77779997326434" lon="-72.00054832734168">
        <ele>374</ele>
      </trkpt>
      <trkpt lat="42.7778899949044" lon="-72.00038496404886">
        <ele>375</ele>
      </trkpt>
      <trkpt lat="42.77797498740256" lon="-72.00019167736173">
        <ele>375</ele>
      </trkpt>
      <trkpt lat="42.77807330712676" lon="-72.00001498684287">
        <ele>375</ele>
      </trkpt>
      <trkpt lat="42.77819165959954" lon="-71.99987836182117">
        <ele>375</ele>
      </trkpt>
      <trkpt lat="42.77832836844027" lon="-71.99973167851567">
        <ele>375</ele>
      </trkpt>
      <trkpt lat="42.77842501178384" lon="-71.99959329329431">
        <ele>375</ele>
      </trkpt>
      <trkpt lat="42.77834664098918" lon="-71.99935164302588">
        <ele>376</ele>
      </trkpt>
      <trkpt lat="42.7782816812396" lon="-71.99913497082889">
        <ele>377</ele>
      </trkpt>
      <trkpt lat="42.77818830683827" lon="-71.99885501526296">
        <ele>378</ele>
      </trkpt>
      <trkpt lat="42.7780866343528" lon="-71.99858830310404">
        <ele>379</ele>
      </trkpt>
      <trkpt lat="42.77800164185464" lon="-71.9983783364296">
        <ele>380</ele>
      </trkpt>
      <trkpt lat="42.77791664935648" lon="-71.99816501699388">
        <ele>381</ele>
      </trkpt>
      <trkpt lat="42.7778416313231" lon="-71.99796334840357">
        <ele>382</ele>
      </trkpt>
      <trkpt lat="42.7777483407408" lon="-71.99775329791009">
        <ele>383</ele>
      </trkpt>
      <trkpt lat="42.77762831188738" lon="-71.99753503315151">
        <ele>384</ele>
      </trkpt>
      <trkpt lat="42.77752999216318" lon="-71.99732330627739">
        <ele>385</ele>
      </trkpt>
      <trkpt lat="42.77744164690375" lon="-71.9971383176744">
        <ele>386</ele>
      </trkpt>
      <trkpt lat="42.77735003270209" lon="-71.99697168543935">
        <ele>386</ele>
      </trkpt>
      <trkpt lat="42.77727166190743" lon="-71.99678502045572">
        <ele>386</ele>
      </trkpt>
      <trkpt lat="42.77720829471946" lon="-71.99660832993686">
        <ele>386</ele>
      </trkpt>
      <trkpt lat="42.77712497860193" lon="-71.99641001410782">
        <ele>386</ele>
      </trkpt>
      <trkpt lat="42.77705666609108" lon="-71.99617004022002">
        <ele>386</ele>
      </trkpt>
      <trkpt lat="42.77699002996087" lon="-71.99599997140467">
        <ele>386</ele>
      </trkpt>
      <trkpt lat="42.77691668830812" lon="-71.99582336470485">
        <ele>386</ele>
      </trkpt>
      <trkpt lat="42.77682666666806" lon="-71.9955600053072">
        <ele>385</ele>
      </trkpt>
      <trkpt lat="42.77675164863467" lon="-71.99536001309752">
        <ele>385</ele>
      </trkpt>
      <trkpt lat="42.77667998336256" lon="-71.99514996260405">
        <ele>385</ele>
      </trkpt>
      <trkpt lat="42.77658836916089" lon="-71.99491837061942">
        <ele>384</ele>
      </trkpt>
      <trkpt lat="42.77651997283101" lon="-71.99474662542343">
        <ele>384</ele>
      </trkpt>
      <trkpt lat="42.77643665671349" lon="-71.9945166260004">
        <ele>383</ele>
      </trkpt>
      <trkpt lat="42.776366667822" lon="-71.99432996101677">
        <ele>382</ele>
      </trkpt>
      <trkpt lat="42.77629164978862" lon="-71.99410666711628">
        <ele>381</ele>
      </trkpt>
      <trkpt lat="42.77622669003904" lon="-71.99386166408658">
        <ele>380</ele>
      </trkpt>
      <trkpt lat="42.77618503198028" lon="-71.99362336657941">
        <ele>379</ele>
      </trkpt>
      <trkpt lat="42.77615670114756" lon="-71.99339169077575">
        <ele>378</ele>
      </trkpt>
      <trkpt lat="42.77611831203103" lon="-71.99316169135273">
        <ele>377</ele>
      </trkpt>
      <trkpt lat="42.776073301211" lon="-71.9929266627878">
        <ele>376</ele>
      </trkpt>
      <trkpt lat="42.77604664675891" lon="-71.99272164143622">
        <ele>375</ele>
      </trkpt>
      <trkpt lat="42.77602837421" lon="-71.99248669669032">
        <ele>374</ele>
      </trkpt>
      <trkpt lat="42.77601496316493" lon="-71.99228167533875">
        <ele>375</ele>
      </trkpt>
      <trkpt lat="42.77598830871284" lon="-71.99206332676113">
        <ele>376</ele>
      </trkpt>
      <trkpt lat="42.77597003616393" lon="-71.99182000011206">
        <ele>377</ele>
      </trkpt>
      <trkpt lat="42.77599501423538" lon="-71.99158497154713">
        <ele>378</ele>
      </trkpt>
      <trkpt lat="42.77602166868746" lon="-71.99135329574347">
        <ele>379</ele>
      </trkpt>
      <trkpt lat="42.77603331953287" lon="-71.9911633618176">
        <ele>381</ele>
      </trkpt>
      <trkpt lat="42.77607497759163" lon="-71.99089664965868">
        <ele>382</ele>
      </trkpt>
      <trkpt lat="42.77611998841166" lon="-71.99068835936487">
        <ele>383</ele>
      </trkpt>
      <trkpt lat="42.77615502476692" lon="-71.99049163609743">
        <ele>385</ele>
      </trkpt>
      <trkpt lat="42.77620833367109" lon="-71.9903049711138">
        <ele>386</ele>
      </trkpt>
      <trkpt lat="42.77620162814856" lon="-71.99005669914186">
        <ele>388</ele>
      </trkpt>
      <trkpt lat="42.77611495926976" lon="-71.9898316450417">
        <ele>392</ele>
      </trkpt>
      <trkpt lat="42.77604002505541" lon="-71.98961170390248">
        <ele>394</ele>
      </trkpt>
      <trkpt lat="42.77598998509347" lon="-71.98943501338363">
        <ele>396</ele>
      </trkpt>
      <trkpt lat="42.77593499980867" lon="-71.98925170116127">
        <ele>399</ele>
      </trkpt>
      <trkpt lat="42.77587498538196" lon="-71.98907501064241">
        <ele>400</ele>
      </trkpt>
      <trkpt lat="42.7757833711803" lon="-71.98887501843274">
        <ele>402</ele>
      </trkpt>
      <trkpt lat="42.77569334954023" lon="-71.9886767026037">
        <ele>403</ele>
      </trkpt>
      <trkpt lat="42.77559829875827" lon="-71.98849163018167">
        <ele>404</ele>
      </trkpt>
      <trkpt lat="42.77547500096262" lon="-71.98830496519804">
        <ele>405</ele>
      </trkpt>
      <trkpt lat="42.77535170316696" lon="-71.98811335489154">
        <ele>406</ele>
      </trkpt>
      <trkpt lat="42.77523829601705" lon="-71.98794831521809">
        <ele>406</ele>
      </trkpt>
      <trkpt lat="42.77515003457665" lon="-71.98780003935099">
        <ele>406</ele>
      </trkpt>
      <trkpt lat="42.7750666346401" lon="-71.98764832690358">
        <ele>407</ele>
      </trkpt>
      <trkpt lat="42.77496169321239" lon="-71.98741497471929">
        <ele>406</ele>
      </trkpt>
      <trkpt lat="42.77487829327583" lon="-71.98725664056838">
        <ele>406</ele>
      </trkpt>
      <trkpt lat="42.77477997355163" lon="-71.98707165196538">
        <ele>405</ele>
      </trkpt>
      <trkpt lat="42.77468668296933" lon="-71.98687836527824">
        <ele>405</ele>
      </trkpt>
      <trkpt lat="42.77459666132927" lon="-71.9866699911654">
        <ele>405</ele>
      </trkpt>
      <trkpt lat="42.77452834881842" lon="-71.98648332618177">
        <ele>405</ele>
      </trkpt>
      <trkpt lat="42.77444830164313" lon="-71.986288363114">
        <ele>405</ele>
      </trkpt>
      <trkpt lat="42.77436498552561" lon="-71.98601670563221">
        <ele>405</ele>
      </trkpt>
      <trkpt lat="42.774408319965" lon="-71.98583330959082">
        <ele>404</ele>
      </trkpt>
      <trkpt lat="42.77455165050924" lon="-71.98579165153205">
        <ele>405</ele>
      </trkpt>
      <trkpt lat="42.77468668296933" lon="-71.98565502651036">
        <ele>405</ele>
      </trkpt>
      <trkpt lat="42.77479003183544" lon="-71.98553164489567">
        <ele>405</ele>
      </trkpt>
      <trkpt lat="42.77492003515363" lon="-71.98537163436413">
        <ele>404</ele>
      </trkpt>
      <trkpt lat="42.77508163824677" lon="-71.98518329299986">
        <ele>403</ele>
      </trkpt>
      <trkpt lat="42.7752616815269" lon="-71.98498330079019">
        <ele>401</ele>
      </trkpt>
      <trkpt lat="42.77543837204576" lon="-71.98479169048369">
        <ele>400</ele>
      </trkpt>
      <trkpt lat="42.77559670619667" lon="-71.98460334911942">
        <ele>399</ele>
      </trkpt>
      <trkpt lat="42.77575830928981" lon="-71.9844233058393">
        <ele>398</ele>
      </trkpt>
      <trkpt lat="42.77592502534389" lon="-71.98425667360425">
        <ele>398</ele>
      </trkpt>
      <trkpt lat="42.77610003948212" lon="-71.98410663753748">
        <ele>398</ele>
      </trkpt>
      <trkpt lat="42.77627999894321" lon="-71.98397831059992">
        <ele>399</ele>
      </trkpt>
      <trkpt lat="42.77647001668811" lon="-71.98387001641095">
        <ele>399</ele>
      </trkpt>
      <trkpt lat="42.7766550052911" lon="-71.98378334753215">
        <ele>400</ele>
      </trkpt>
      <trkpt lat="42.7768399938941" lon="-71.98370170779526">
        <ele>399</ele>
      </trkpt>
      <trkpt lat="42.77701836079359" lon="-71.98362166061997">
        <ele>399</ele>
      </trkpt>
      <trkpt lat="42.77719496749341" lon="-71.98353499174118">
        <ele>398</ele>
      </trkpt>
      <trkpt lat="42.77736503630877" lon="-71.98343499563634">
        <ele>398</ele>
      </trkpt>
      <trkpt lat="42.77752496302128" lon="-71.9833299703896">
        <ele>397</ele>
      </trkpt>
      <trkpt lat="42.77767835184932" lon="-71.98321329429746">
        <ele>397</ele>
      </trkpt>
      <trkpt lat="42.77782168239355" lon="-71.98309334926307">
        <ele>396</ele>
      </trkpt>
      <trkpt lat="42.77795830741525" lon="-71.98296669870615">
        <ele>395</ele>
      </trkpt>
      <trkpt lat="42.77809333987534" lon="-71.98283166624606">
        <ele>394</ele>
      </trkpt>
      <trkpt lat="42.77822837233543" lon="-71.98269336484373">
        <ele>393</ele>
      </trkpt>
      <trkpt lat="42.77836667373776" lon="-71.98255497962236">
        <ele>392</ele>
      </trkpt>
      <trkpt lat="42.77850170619786" lon="-71.98241667822003">
        <ele>391</ele>
      </trkpt>
      <trkpt lat="42.77864000760019" lon="-71.98227829299867">
        <ele>389</ele>
      </trkpt>
      <trkpt lat="42.77877830900252" lon="-71.98213999159634">
        <ele>388</ele>
      </trkpt>
      <trkpt lat="42.77891669422388" lon="-71.98199330829084">
        <ele>387</ele>
      </trkpt>
      <trkpt lat="42.77905667200685" lon="-71.9818383269012">
        <ele>386</ele>
      </trkpt>
      <trkpt lat="42.77920167893171" lon="-71.98168166913092">
        <ele>384</ele>
      </trkpt>
      <trkpt lat="42.77935833670199" lon="-71.98152333498001">
        <ele>383</ele>
      </trkpt>
      <trkpt lat="42.77952002361417" lon="-71.9813650008291">
        <ele>382</ele>
      </trkpt>
      <trkpt lat="42.77968162670732" lon="-71.98121169582009">
        <ele>382</ele>
      </trkpt>
      <trkpt lat="42.77984331361949" lon="-71.98106333613396">
        <ele>381</ele>
      </trkpt>
      <trkpt lat="42.7800016477704" lon="-71.98091832920909">
        <ele>381</ele>
      </trkpt>
      <trkpt lat="42.78015336021781" lon="-71.98078170418739">
        <ele>381</ele>
      </trkpt>
      <trkpt lat="42.78029333800077" lon="-71.98065329343081">
        <ele>381</ele>
      </trkpt>
      <trkpt lat="42.78043331578374" lon="-71.98053334839642">
        <ele>381</ele>
      </trkpt>
      <trkpt lat="42.7805666718632" lon="-71.98040837422013">
        <ele>382</ele>
      </trkpt>
      <trkpt lat="42.78070329688489" lon="-71.98027996346354">
        <ele>382</ele>
      </trkpt>
      <trkpt lat="42.78084662742913" lon="-71.98015498928726">
        <ele>382</ele>
      </trkpt>
      <trkpt lat="42.78098668903112" lon="-71.98002498596907">
        <ele>381</ele>
      </trkpt>
      <trkpt lat="42.78112834319472" lon="-71.979890037328">
        <ele>378</ele>
      </trkpt>
      <trkpt lat="42.78126999735832" lon="-71.97973002679646">
        <ele>376</ele>
      </trkpt>
      <trkpt lat="42.78140829876065" lon="-71.9795533362776">
        <ele>373</ele>
      </trkpt>
      <trkpt lat="42.78152832761407" lon="-71.97935837320983">
        <ele>371</ele>
      </trkpt>
      <trkpt lat="42.78164500370622" lon="-71.97914999909699">
        <ele>369</ele>
      </trkpt>
      <trkpt lat="42.781763356179" lon="-71.97894497774541">
        <ele>367</ele>
      </trkpt>
      <trkpt lat="42.78187500312924" lon="-71.97875001467764">
        <ele>366</ele>
      </trkpt>
      <trkpt lat="42.78199000284076" lon="-71.97857835330069">
        <ele>366</ele>
      </trkpt>
      <trkpt lat="42.78210500255227" lon="-71.97843166999519">
        <ele>365</ele>
      </trkpt>
      <trkpt lat="42.78221832588315" lon="-71.97830501943827">
        <ele>364</ele>
      </trkpt>
      <trkpt lat="42.78235000558197" lon="-71.97821667417884">
        <ele>364</ele>
      </trkpt>
      <trkpt lat="42.78248503804207" lon="-71.9781666342169">
        <ele>363</ele>
      </trkpt>
      <trkpt lat="42.7826233394444" lon="-71.97815833613276">
        <ele>363</ele>
      </trkpt>
      <trkpt lat="42.78289164416492" lon="-71.97827333584428">
        <ele>364</ele>
      </trkpt>
      <trkpt lat="42.78304335661232" lon="-71.97836335748434">
        <ele>365</ele>
      </trkpt>
      <trkpt lat="42.78319003991783" lon="-71.97845664806664">
        <ele>365</ele>
      </trkpt>
      <trkpt lat="42.78333001770079" lon="-71.97855664417148">
        <ele>366</ele>
      </trkpt>
      <trkpt lat="42.78346831910312" lon="-71.97865664027631">
        <ele>366</ele>
      </trkpt>
      <trkpt lat="42.78360670432448" lon="-71.97874833829701">
        <ele>366</ele>
      </trkpt>
      <trkpt lat="42.78374332934618" lon="-71.97884162887931">
        <ele>366</ele>
      </trkpt>
      <trkpt lat="42.78389001265168" lon="-71.97894003242254">
        <ele>367</ele>
      </trkpt>
      <trkpt lat="42.78403996489942" lon="-71.97903835214674">
        <ele>367</ele>
      </trkpt>
      <trkpt lat="42.78418664820492" lon="-71.97913834825158">
        <ele>367</ele>
      </trkpt>
      <trkpt lat="42.78433500789106" lon="-71.97923666797578">
        <ele>367</ele>
      </trkpt>
      <trkpt lat="42.78448169119656" lon="-71.97933666408062">
        <ele>367</ele>
      </trkpt>
      <trkpt lat="42.78462837450206" lon="-71.97943833656609">
        <ele>368</ele>
      </trkpt>
      <trkpt lat="42.78477497398853" lon="-71.97954336181283">
        <ele>368</ele>
      </trkpt>
      <trkpt lat="42.78492333367467" lon="-71.97965333238244">
        <ele>368</ele>
      </trkpt>
      <trkpt lat="42.7850666642189" lon="-71.97976330295205">
        <ele>368</ele>
      </trkpt>
      <trkpt lat="42.78520999476314" lon="-71.97987830266356">
        <ele>368</ele>
      </trkpt>
      <trkpt lat="42.7853499725461" lon="-71.97999003343284">
        <ele>367</ele>
      </trkpt>
      <trkpt lat="42.78548165224493" lon="-71.98009665124118">
        <ele>366</ele>
      </trkpt>
      <trkpt lat="42.78560503385961" lon="-71.98019497096539">
        <ele>365</ele>
      </trkpt>
      <trkpt lat="42.78572330251336" lon="-71.98029831983149">
        <ele>365</ele>
      </trkpt>
      <trkpt lat="42.78584500774741" lon="-71.98040996678174">
        <ele>364</ele>
      </trkpt>
      <trkpt lat="42.7859699819237" lon="-71.98052169755101">
        <ele>363</ele>
      </trkpt>
      <trkpt lat="42.78609168715775" lon="-71.98063334450126">
        <ele>363</ele>
      </trkpt>
      <trkpt lat="42.78622169047594" lon="-71.9807449914515">
        <ele>362</ele>
      </trkpt>
      <trkpt lat="42.78635999187827" lon="-71.98084666393697">
        <ele>362</ele>
      </trkpt>
      <trkpt lat="42.78651170432568" lon="-71.9809400383383">
        <ele>361</ele>
      </trkpt>
      <trkpt lat="42.78667330741882" lon="-71.98101832531393">
        <ele>361</ele>
      </trkpt>
      <trkpt lat="42.786834994331" lon="-71.98108336888254">
        <ele>360</ele>
      </trkpt>
      <trkpt lat="42.78700162656605" lon="-71.98113667778671">
        <ele>360</ele>
      </trkpt>
      <trkpt lat="42.78717001900077" lon="-71.98118504136801">
        <ele>359</ele>
      </trkpt>
      <trkpt lat="42.78733497485518" lon="-71.98122167028487">
        <ele>358</ele>
      </trkpt>
      <trkpt lat="42.78749666176736" lon="-71.98125670664012">
        <ele>358</ele>
      </trkpt>
      <trkpt lat="42.78765834867954" lon="-71.98129333555698">
        <ele>357</ele>
      </trkpt>
      <trkpt lat="42.78781835921109" lon="-71.98132501915097">
        <ele>357</ele>
      </trkpt>
      <trkpt lat="42.787976693362" lon="-71.98135670274496">
        <ele>357</ele>
      </trkpt>
      <trkpt lat="42.78813167475164" lon="-71.98138997890055">
        <ele>356</ele>
      </trkpt>
      <trkpt lat="42.78829000890255" lon="-71.98141998611391">
        <ele>356</ele>
      </trkpt>
      <trkpt lat="42.78845001943409" lon="-71.98145166970789">
        <ele>355</ele>
      </trkpt>
      <trkpt lat="42.78861002996564" lon="-71.98148502968252">
        <ele>355</ele>
      </trkpt>
      <trkpt lat="42.78876836411655" lon="-71.98151998221874">
        <ele>354</ele>
      </trkpt>
      <trkpt lat="42.78892334550619" lon="-71.98155996389687">
        <ele>354</ele>
      </trkpt>
      <trkpt lat="42.7890766505152" lon="-71.9816100038588">
        <ele>353</ele>
      </trkpt>
      <trkpt lat="42.7892183046788" lon="-71.98166498914361">
        <ele>352</ele>
      </trkpt>
      <trkpt lat="42.78935501351953" lon="-71.98173003271222">
        <ele>351</ele>
      </trkpt>
      <trkpt lat="42.78947998769581" lon="-71.9818000216037">
        <ele>351</ele>
      </trkpt>
      <trkpt lat="42.7897016890347" lon="-71.9819366466254">
        <ele>349</ele>
      </trkpt>
      <trkpt lat="42.78987502679229" lon="-71.98207000270486">
        <ele>348</ele>
      </trkpt>
      <trkpt lat="42.79000829905272" lon="-71.98218667879701">
        <ele>347</ele>
      </trkpt>
      <trkpt lat="42.79007501900196" lon="-71.98199330829084">
        <ele>347</ele>
      </trkpt>
      <trkpt lat="42.78997334651649" lon="-71.98173497803509">
        <ele>347</ele>
      </trkpt>
      <trkpt lat="42.78990168124437" lon="-71.98146834969521">
        <ele>347</ele>
      </trkpt>
      <trkpt lat="42.78983336873353" lon="-71.98122996836901">
        <ele>347</ele>
      </trkpt>
      <trkpt lat="42.78978835791349" lon="-71.98100667446852">
        <ele>347</ele>
      </trkpt>
      <trkpt lat="42.78973496519029" lon="-71.98080835863948">
        <ele>347</ele>
      </trkpt>
      <trkpt lat="42.78967662714422" lon="-71.98056000284851">
        <ele>346</ele>
      </trkpt>
      <trkpt lat="42.78963170014322" lon="-71.98036663234234">
        <ele>345</ele>
      </trkpt>
      <trkpt lat="42.7896049618721" lon="-71.98014501482248">
        <ele>344</ele>
      </trkpt>
      <trkpt lat="42.78961334377527" lon="-71.979890037328">
        <ele>343</ele>
      </trkpt>
      <trkpt lat="42.78964335098863" lon="-71.97965165600181">
        <ele>342</ele>
      </trkpt>
      <trkpt lat="42.78968836180866" lon="-71.97939164936543">
        <ele>341</ele>
      </trkpt>
      <trkpt lat="42.78974167071283" lon="-71.97913331910968">
        <ele>340</ele>
      </trkpt>
      <trkpt lat="42.78979833237827" lon="-71.97886166162789">
        <ele>339</ele>
      </trkpt>
      <trkpt lat="42.78984669595957" lon="-71.97859335690737">
        <ele>337</ele>
      </trkpt>
      <trkpt lat="42.78988835401833" lon="-71.97832496836782">
        <ele>336</ele>
      </trkpt>
      <trkpt lat="42.78993336483836" lon="-71.97805834002793">
        <ele>337</ele>
      </trkpt>
      <trkpt lat="42.78998332098126" lon="-71.97780663147569">
        <ele>338</ele>
      </trkpt>
      <trkpt lat="42.79002665542066" lon="-71.9775450322777">
        <ele>339</ele>
      </trkpt>
      <trkpt lat="42.79005163349211" lon="-71.97728502564132">
        <ele>340</ele>
      </trkpt>
      <trkpt lat="42.79006998986006" lon="-71.97703499346972">
        <ele>341</ele>
      </trkpt>
      <trkpt lat="42.79012002982199" lon="-71.97679501958191">
        <ele>343</ele>
      </trkpt>
      <trkpt lat="42.7901816368103" lon="-71.97656334377825">
        <ele>344</ele>
      </trkpt>
      <trkpt lat="42.79022002592683" lon="-71.97634499520063">
        <ele>346</ele>
      </trkpt>
      <trkpt lat="42.79026168398559" lon="-71.97613829746842">
        <ele>347</ele>
      </trkpt>
      <trkpt lat="42.79027165845037" lon="-71.97590502910316">
        <ele>349</ele>
      </trkpt>
      <trkpt lat="42.79024332761765" lon="-71.97566664777696">
        <ele>350</ele>
      </trkpt>
      <trkpt lat="42.79016168788075" lon="-71.97541996836662">
        <ele>352</ele>
      </trkpt>
      <trkpt lat="42.79001500457525" lon="-71.97516163811088">
        <ele>353</ele>
      </trkpt>
      <trkpt lat="42.78981668874621" lon="-71.97494496591389">
        <ele>355</ele>
      </trkpt>
      <trkpt lat="42.78969163075089" lon="-71.97485335171223">
        <ele>355</ele>
      </trkpt>
      <trkpt lat="42.78955668210983" lon="-71.97475000284612">
        <ele>356</ele>
      </trkpt>
      <trkpt lat="42.78941829688847" lon="-71.97464497759938">
        <ele>356</ele>
      </trkpt>
      <trkpt lat="42.78930170461535" lon="-71.97453835979104">
        <ele>357</ele>
      </trkpt>
      <trkpt lat="42.78910162858665" lon="-71.97427500039339">
        <ele>358</ele>
      </trkpt>
      <trkpt lat="42.78894170187414" lon="-71.9739983137697">
        <ele>359</ele>
      </trkpt>
      <trkpt lat="42.78883835300803" lon="-71.97373830713332">
        <ele>359</ele>
      </trkpt>
      <trkpt lat="42.78872670605779" lon="-71.97349833324552">
        <ele>359</ele>
      </trkpt>
      <trkpt lat="42.78858664445579" lon="-71.97326665744185">
        <ele>359</ele>
      </trkpt>
      <trkpt lat="42.78842336498201" lon="-71.97304336354136">
        <ele>358</ele>
      </trkpt>
      <trkpt lat="42.7882600016892" lon="-71.97277170605958">
        <ele>357</ele>
      </trkpt>
      <trkpt lat="42.78818666003644" lon="-71.97260331362486">
        <ele>357</ele>
      </trkpt>
      <trkpt lat="42.78810996562243" lon="-71.97240499779582">
        <ele>356</ele>
      </trkpt>
      <trkpt lat="42.7880266495049" lon="-71.97220668196678">
        <ele>355</ele>
      </trkpt>
      <trkpt lat="42.78794333338737" lon="-71.97201834060252">
        <ele>354</ele>
      </trkpt>
      <trkpt lat="42.78786337003112" lon="-71.97183670476079">
        <ele>353</ele>
      </trkpt>
      <trkpt lat="42.78778499923646" lon="-71.97166001424193">
        <ele>352</ele>
      </trkpt>
      <trkpt lat="42.78770830482244" lon="-71.97148500010371">
        <ele>351</ele>
      </trkpt>
      <trkpt lat="42.7876399923116" lon="-71.97130998596549">
        <ele>349</ele>
      </trkpt>
      <trkpt lat="42.78757503256202" lon="-71.97113832458854">
        <ele>348</ele>
      </trkpt>
      <trkpt lat="42.78743664734066" lon="-71.97083163075149">
        <ele>346</ele>
      </trkpt>
      <trkpt lat="42.78727169148624" lon="-71.97055829688907">
        <ele>345</ele>
      </trkpt>
      <trkpt lat="42.78712836094201" lon="-71.97026836685836">
        <ele>344</ele>
      </trkpt>
      <trkpt lat="42.78705166652799" lon="-71.97011003270745">
        <ele>343</ele>
      </trkpt>
      <trkpt lat="42.7869266923517" lon="-71.96983669884503">
        <ele>343</ele>
      </trkpt>
      <trkpt lat="42.78682669624686" lon="-71.96961332112551">
        <ele>343</ele>
      </trkpt>
      <trkpt lat="42.78674329631031" lon="-71.96939002722502">
        <ele>342</ele>
      </trkpt>
      <trkpt lat="42.78666500933468" lon="-71.96914996951818">
        <ele>342</ele>
      </trkpt>
      <trkpt lat="42.78657498769462" lon="-71.96885668672621">
        <ele>343</ele>
      </trkpt>
      <trkpt lat="42.78647499158978" lon="-71.9685516692698">
        <ele>343</ele>
      </trkpt>
      <trkpt lat="42.78634834103286" lon="-71.96826165542006">
        <ele>343</ele>
      </trkpt>
      <trkpt lat="42.78619000688195" lon="-71.96798999793828">
        <ele>343</ele>
      </trkpt>
      <trkpt lat="42.78606503270566" lon="-71.96771163493395">
        <ele>343</ele>
      </trkpt>
      <trkpt lat="42.78593502938747" lon="-71.96744165383279">
        <ele>343</ele>
      </trkpt>
      <trkpt lat="42.78576663695276" lon="-71.96720167994499">
        <ele>343</ele>
      </trkpt>
      <trkpt lat="42.78559665195644" lon="-71.96697830222547">
        <ele>343</ele>
      </trkpt>
      <trkpt lat="42.78544334694743" lon="-71.96675500832498">
        <ele>343</ele>
      </trkpt>
      <trkpt lat="42.78532164171338" lon="-71.96648670360446">
        <ele>342</ele>
      </trkpt>
      <trkpt lat="42.78518996201456" lon="-71.96617833338678">
        <ele>342</ele>
      </trkpt>
      <trkpt lat="42.78501335531473" lon="-71.96589502505958">
        <ele>341</ele>
      </trkpt>
      <trkpt lat="42.78491000644863" lon="-71.96577331982553">
        <ele>340</ele>
      </trkpt>
      <trkpt lat="42.78479333035648" lon="-71.96565169841051">
        <ele>340</ele>
      </trkpt>
      <trkpt lat="42.7846850361675" lon="-71.96553334593773">
        <ele>341</ele>
      </trkpt>
      <trkpt lat="42.78458663262427" lon="-71.96540669538081">
        <ele>341</ele>
      </trkpt>
      <trkpt lat="42.78449166566133" lon="-71.96526998654008">
        <ele>341</ele>
      </trkpt>
      <trkpt lat="42.78429829515517" lon="-71.96501165628433">
        <ele>341</ele>
      </trkpt>
      <trkpt lat="42.78419829905033" lon="-71.96488668210804">
        <ele>342</ele>
      </trkpt>
      <trkpt lat="42.78409662656486" lon="-71.96476003155112">
        <ele>343</ele>
      </trkpt>
      <trkpt lat="42.78399000875652" lon="-71.96463170461357">
        <ele>344</ele>
      </trkpt>
      <trkpt lat="42.78388330712914" lon="-71.96450999937952">
        <ele>345</ele>
      </trkpt>
      <trkpt lat="42.78367501683533" lon="-71.96432501077652">
        <ele>348</ele>
      </trkpt>
      <trkpt lat="42.78343169018626" lon="-71.9642483163625">
        <ele>349</ele>
      </trkpt>
      <trkpt lat="42.78319163247943" lon="-71.96417329832911">
        <ele>351</ele>
      </trkpt>
      <trkpt lat="42.78296330943704" lon="-71.96402166970074">
        <ele>353</ele>
      </trkpt>
      <trkpt lat="42.78278334997594" lon="-71.96379334665835">
        <ele>355</ele>
      </trkpt>
      <trkpt lat="42.78266164474189" lon="-71.96359503082931">
        <ele>358</ele>
      </trkpt>
      <trkpt lat="42.78253499418497" lon="-71.96338498033583">
        <ele>361</ele>
      </trkpt>
      <trkpt lat="42.78239166364074" lon="-71.96313670836389">
        <ele>363</ele>
      </trkpt>
      <trkpt lat="42.7822433039546" lon="-71.96291333064437">
        <ele>365</ele>
      </trkpt>
      <trkpt lat="42.78205496259034" lon="-71.9627183675766">
        <ele>367</ele>
      </trkpt>
      <trkpt lat="42.78183502145112" lon="-71.96254167705774">
        <ele>369</ele>
      </trkpt>
      <trkpt lat="42.78160996735096" lon="-71.96240169927478">
        <ele>370</ele>
      </trkpt>
      <trkpt lat="42.78136999346316" lon="-71.96224998682737">
        <ele>371</ele>
      </trkpt>
      <trkpt lat="42.7811433468014" lon="-71.96209500543773">
        <ele>371</ele>
      </trkpt>
      <trkpt lat="42.7809482999146" lon="-71.96191831491888">
        <ele>372</ele>
      </trkpt>
      <trkpt lat="42.78077496215701" lon="-71.96171664632857">
        <ele>374</ele>
      </trkpt>
      <trkpt lat="42.78067169710994" lon="-71.96148329414427">
        <ele>374</ele>
      </trkpt>
      <trkpt lat="42.7806150354445" lon="-71.96120166219771">
        <ele>375</ele>
      </trkpt>
      <trkpt lat="42.78060170821846" lon="-71.96088499389589">
        <ele>377</ele>
      </trkpt>
      <trkpt lat="42.7806166280061" lon="-71.96057830005884">
        <ele>378</ele>
      </trkpt>
      <trkpt lat="42.78065501712263" lon="-71.96030002087355">
        <ele>379</ele>
      </trkpt>
      <trkpt lat="42.78068670071661" lon="-71.96010002866387">
        <ele>380</ele>
      </trkpt>
      <trkpt lat="42.78072835877538" lon="-71.95991336368024">
        <ele>380</ele>
      </trkpt>
      <trkpt lat="42.78077496215701" lon="-71.95972996763885">
        <ele>381</ele>
      </trkpt>
      <trkpt lat="42.78081670403481" lon="-71.95950667373836">
        <ele>381</ele>
      </trkpt>
      <trkpt lat="42.78084000572562" lon="-71.9592250417918">
        <ele>382</ele>
      </trkpt>
      <trkpt lat="42.7808499801904" lon="-71.9588999915868">
        <ele>382</ele>
      </trkpt>
      <trkpt lat="42.78085668571293" lon="-71.95856999605894">
        <ele>382</ele>
      </trkpt>
      <trkpt lat="42.78086833655834" lon="-71.95826497860253">
        <ele>382</ele>
      </trkpt>
      <trkpt lat="42.78087831102312" lon="-71.95794831030071">
        <ele>382</ele>
      </trkpt>
      <trkpt lat="42.78089666739106" lon="-71.9576049875468">
        <ele>381</ele>
      </trkpt>
      <trkpt lat="42.78092164546251" lon="-71.95725831203163">
        <ele>381</ele>
      </trkpt>
      <trkpt lat="42.78093329630792" lon="-71.95696000009775">
        <ele>381</ele>
      </trkpt>
      <trkpt lat="42.78091829270124" lon="-71.9566533062607">
        <ele>381</ele>
      </trkpt>
      <trkpt lat="42.78087336570024" lon="-71.95636002346873">
        <ele>381</ele>
      </trkpt>
      <trkpt lat="42.78080496937037" lon="-71.95611502043903">
        <ele>381</ele>
      </trkpt>
      <trkpt lat="42.78077001683414" lon="-71.95588837377727">
        <ele>381</ele>
      </trkpt>
      <trkpt lat="42.78070664964616" lon="-71.95561663247645">
        <ele>381</ele>
      </trkpt>
      <trkpt lat="42.780621657148" lon="-71.95532997138798">
        <ele>381</ele>
      </trkpt>
      <trkpt lat="42.78050330467522" lon="-71.95505831390619">
        <ele>381</ele>
      </trkpt>
      <trkpt lat="42.78034170158207" lon="-71.9547800347209">
        <ele>381</ele>
      </trkpt>
      <trkpt lat="42.78017833828926" lon="-71.95448834449053">
        <ele>381</ele>
      </trkpt>
      <trkpt lat="42.78000835329294" lon="-71.95422163233161">
        <ele>381</ele>
      </trkpt>
      <trkpt lat="42.77986166998744" lon="-71.95398501120508">
        <ele>381</ele>
      </trkpt>
      <trkpt lat="42.77973996475339" lon="-71.95380169898272">
        <ele>381</ele>
      </trkpt>
      <trkpt lat="42.77962337248027" lon="-71.95364504121244">
        <ele>381</ele>
      </trkpt>
      <trkpt lat="42.77951499447227" lon="-71.95344664156437">
        <ele>381</ele>
      </trkpt>
      <trkpt lat="42.77943830005825" lon="-71.95323667488992">
        <ele>382</ele>
      </trkpt>
      <trkpt lat="42.77937669306993" lon="-71.95302830077708">
        <ele>382</ele>
      </trkpt>
      <trkpt lat="42.77926999144256" lon="-71.95276670157909">
        <ele>382</ele>
      </trkpt>
      <trkpt lat="42.77918667532504" lon="-71.95249998942018">
        <ele>383</ele>
      </trkpt>
      <trkpt lat="42.77911165729165" lon="-71.95222162641585">
        <ele>383</ele>
      </trkpt>
      <trkpt lat="42.77905164286494" lon="-71.95198332890868">
        <ele>383</ele>
      </trkpt>
      <trkpt lat="42.77898668311536" lon="-71.95173497311771">
        <ele>383</ele>
      </trkpt>
      <trkpt lat="42.77890495955944" lon="-71.95142836309969">
        <ele>383</ele>
      </trkpt>
      <trkpt lat="42.77885165065527" lon="-71.95123331621289">
        <ele>383</ele>
      </trkpt>
      <trkpt lat="42.77880001813173" lon="-71.95102997124195">
        <ele>383</ele>
      </trkpt>
      <trkpt lat="42.77874503284693" lon="-71.95081665180624">
        <ele>383</ele>
      </trkpt>
      <trkpt lat="42.77868996374309" lon="-71.95060165598989">
        <ele>383</ele>
      </trkpt>
      <trkpt lat="42.77863330207765" lon="-71.95040166378021">
        <ele>384</ele>
      </trkpt>
      <trkpt lat="42.77858334593475" lon="-71.95019999518991">
        <ele>384</ele>
      </trkpt>
      <trkpt lat="42.77852836064994" lon="-71.94999665021896">
        <ele>384</ele>
      </trkpt>
      <trkpt lat="42.7784716989845" lon="-71.94979498162866">
        <ele>385</ele>
      </trkpt>
      <trkpt lat="42.77841503731906" lon="-71.94958996027708">
        <ele>385</ele>
      </trkpt>
      <trkpt lat="42.77835829183459" lon="-71.94938669912517">
        <ele>386</ele>
      </trkpt>
      <trkpt lat="42.77829500846565" lon="-71.94918503053486">
        <ele>387</ele>
      </trkpt>
      <trkpt lat="42.77824169956148" lon="-71.94898998364806">
        <ele>387</ele>
      </trkpt>
      <trkpt lat="42.77820004150271" lon="-71.94879334419966">
        <ele>388</ele>
      </trkpt>
      <trkpt lat="42.77815503068268" lon="-71.94859502837062">
        <ele>388</ele>
      </trkpt>
      <trkpt lat="42.77810499072075" lon="-71.948376679793">
        <ele>389</ele>
      </trkpt>
      <trkpt lat="42.77805997990072" lon="-71.94816168397665">
        <ele>390</ele>
      </trkpt>
      <trkpt lat="42.77800834737718" lon="-71.94795498624444">
        <ele>391</ele>
      </trkpt>
      <trkpt lat="42.77796166017652" lon="-71.94777167402208">
        <ele>392</ele>
      </trkpt>
      <trkpt lat="42.77788002043962" lon="-71.94743832573295">
        <ele>393</ele>
      </trkpt>
      <trkpt lat="42.77781832963228" lon="-71.9471366610378">
        <ele>394</ele>
      </trkpt>
      <trkpt lat="42.7777483407408" lon="-71.94683164358139">
        <ele>396</ele>
      </trkpt>
      <trkpt lat="42.77767835184932" lon="-71.9465166516602">
        <ele>398</ele>
      </trkpt>
      <trkpt lat="42.77762169018388" lon="-71.94619830697775">
        <ele>400</ele>
      </trkpt>
      <trkpt lat="42.77756502851844" lon="-71.94591835141182">
        <ele>401</ele>
      </trkpt>
      <trkpt lat="42.77749830856919" lon="-71.94560335949063">
        <ele>403</ele>
      </trkpt>
      <trkpt lat="42.77741499245167" lon="-71.94524997845292">
        <ele>404</ele>
      </trkpt>
      <trkpt lat="42.777368305251" lon="-71.94505669176579">
        <ele>404</ele>
      </trkpt>
      <trkpt lat="42.77732664719224" lon="-71.94487002678216">
        <ele>403</ele>
      </trkpt>
      <trkpt lat="42.77725498192012" lon="-71.94458998739719">
        <ele>401</ele>
      </trkpt>
      <trkpt lat="42.77723335660994" lon="-71.94438664242625">
        <ele>400</ele>
      </trkpt>
      <trkpt lat="42.77725498192012" lon="-71.94457833655179">
        <ele>401</ele>
      </trkpt>
      <trkpt lat="42.77720670215786" lon="-71.94432998076081">
        <ele>400</ele>
      </trkpt>
      <trkpt lat="42.77714501135051" lon="-71.94412336684763">
        <ele>398</ele>
      </trkpt>
      <trkpt lat="42.77719496749341" lon="-71.94394332356751">
        <ele>399</ele>
      </trkpt>
      <trkpt lat="42.7771283313632" lon="-71.94378163665533">
        <ele>397</ele>
      </trkpt>
      <trkpt lat="42.77706337161362" lon="-71.94350662641227">
        <ele>396</ele>
      </trkpt>
      <trkpt lat="42.77700662612915" lon="-71.94328500889242">
        <ele>395</ele>
      </trkpt>
      <trkpt lat="42.77694334276021" lon="-71.94303665310144">
        <ele>395</ele>
      </trkpt>
      <trkpt lat="42.77685332112014" lon="-71.9427400175482">
        <ele>395</ele>
      </trkpt>
      <trkpt lat="42.77673496864736" lon="-71.94242670200765">
        <ele>395</ele>
      </trkpt>
      <trkpt lat="42.77667168527842" lon="-71.94225998595357">
        <ele>395</ele>
      </trkpt>
      <trkpt lat="42.77660831809044" lon="-71.94208664819598">
        <ele>394</ele>
      </trkpt>
      <trkpt lat="42.7765466272831" lon="-71.94191004149616">
        <ele>393</ele>
      </trkpt>
      <trkpt lat="42.77649331837893" lon="-71.94173167459667">
        <ele>393</ele>
      </trkpt>
      <trkpt lat="42.77644503861666" lon="-71.9415433332324">
        <ele>392</ele>
      </trkpt>
      <trkpt lat="42.77640002779663" lon="-71.94136169739068">
        <ele>392</ele>
      </trkpt>
      <trkpt lat="42.77635996229947" lon="-71.94118165411055">
        <ele>391</ele>
      </trkpt>
      <trkpt lat="42.77627329342067" lon="-71.94084503687918">
        <ele>391</ele>
      </trkpt>
      <trkpt lat="42.77615997008979" lon="-71.9405366666615">
        <ele>392</ele>
      </trkpt>
      <trkpt lat="42.7760233450681" lon="-71.94026165641844">
        <ele>392</ele>
      </trkpt>
      <trkpt lat="42.77585830539465" lon="-71.94000500254333">
        <ele>392</ele>
      </trkpt>
      <trkpt lat="42.77567834593356" lon="-71.93974499590695">
        <ele>391</ele>
      </trkpt>
      <trkpt lat="42.77559000067413" lon="-71.93960166536272">
        <ele>390</ele>
      </trkpt>
      <trkpt lat="42.77550333179533" lon="-71.93945665843785">
        <ele>390</ele>
      </trkpt>
      <trkpt lat="42.77533167041838" lon="-71.93917829543352">
        <ele>389</ele>
      </trkpt>
      <trkpt lat="42.7751633618027" lon="-71.93889498710632">
        <ele>388</ele>
      </trkpt>
      <trkpt lat="42.7749783731997" lon="-71.93861670792103">
        <ele>387</ele>
      </trkpt>
      <trkpt lat="42.7748816460371" lon="-71.9384749699384">
        <ele>386</ele>
      </trkpt>
      <trkpt lat="42.77477997355163" lon="-71.93832501769066">
        <ele>386</ele>
      </trkpt>
      <trkpt lat="42.77468668296933" lon="-71.93818168714643">
        <ele>385</ele>
      </trkpt>
      <trkpt lat="42.77460336685181" lon="-71.93802997469902">
        <ele>384</ele>
      </trkpt>
      <trkpt lat="42.77452164329588" lon="-71.93786166608334">
        <ele>384</ele>
      </trkpt>
      <trkpt lat="42.77443832717836" lon="-71.93769830279052">
        <ele>383</ele>
      </trkpt>
      <trkpt lat="42.77436330914497" lon="-71.93753502331674">
        <ele>383</ele>
      </trkpt>
      <trkpt lat="42.77429667301476" lon="-71.93737333640456">
        <ele>382</ele>
      </trkpt>
      <trkpt lat="42.77423665858805" lon="-71.93720335140824">
        <ele>381</ele>
      </trkpt>
      <trkpt lat="42.77417664416134" lon="-71.93703169003129">
        <ele>381</ele>
      </trkpt>
      <trkpt lat="42.77408335357904" lon="-71.93669834174216">
        <ele>380</ele>
      </trkpt>
      <trkpt lat="42.77404169552028" lon="-71.93637329153717">
        <ele>379</ele>
      </trkpt>
      <trkpt lat="42.77400833554566" lon="-71.93603332154453">
        <ele>379</ele>
      </trkpt>
      <trkpt lat="42.77398997917771" lon="-71.93585000932217">
        <ele>379</ele>
      </trkpt>
      <trkpt lat="42.77397497557104" lon="-71.93565831519663">
        <ele>379</ele>
      </trkpt>
      <trkpt lat="42.7739732991904" lon="-71.93545664660633">
        <ele>378</ele>
      </trkpt>
      <trkpt lat="42.77398503385484" lon="-71.93525833077729">
        <ele>378</ele>
      </trkpt>
      <trkpt lat="42.77401336468756" lon="-71.93506001494825">
        <ele>378</ele>
      </trkpt>
      <trkpt lat="42.77404496446252" lon="-71.93486169911921">
        <ele>378</ele>
      </trkpt>
      <trkpt lat="42.77407170273364" lon="-71.93466665223241">
        <ele>378</ele>
      </trkpt>
      <trkpt lat="42.77408829890192" lon="-71.93447168916464">
        <ele>379</ele>
      </trkpt>
      <trkpt lat="42.77410330250859" lon="-71.93428167141974">
        <ele>379</ele>
      </trkpt>
      <trkpt lat="42.77411662973464" lon="-71.93409668281674">
        <ele>379</ele>
      </trkpt>
      <trkpt lat="42.77412668801844" lon="-71.93391169421375">
        <ele>379</ele>
      </trkpt>
      <trkpt lat="42.7741133607924" lon="-71.93356501869857">
        <ele>380</ele>
      </trkpt>
      <trkpt lat="42.77413330972195" lon="-71.9332183431834">
        <ele>381</ele>
      </trkpt>
      <trkpt lat="42.77418502606452" lon="-71.93287166766822">
        <ele>381</ele>
      </trkpt>
      <trkpt lat="42.77422836050391" lon="-71.93251501768827">
        <ele>382</ele>
      </trkpt>
      <trkpt lat="42.77423665858805" lon="-71.93233002908528">
        <ele>382</ele>
      </trkpt>
      <trkpt lat="42.77423330582678" lon="-71.9319732952863">
        <ele>382</ele>
      </trkpt>
      <trkpt lat="42.77423665858805" lon="-71.93165503442287">
        <ele>382</ele>
      </trkpt>
      <trkpt lat="42.77424830943346" lon="-71.93138496950269">
        <ele>382</ele>
      </trkpt>
      <trkpt lat="42.77424998581409" lon="-71.93117835558951">
        <ele>382</ele>
      </trkpt>
      <trkpt lat="42.77414663694799" lon="-71.9310149922967">
        <ele>383</ele>
      </trkpt>
      <trkpt lat="42.77400003746152" lon="-71.93104332312942">
        <ele>384</ele>
      </trkpt>
      <trkpt lat="42.77387003414333" lon="-71.93110669031739">
        <ele>385</ele>
      </trkpt>
      <trkpt lat="42.77374665252864" lon="-71.93118833005428">
        <ele>386</ele>
      </trkpt>
      <trkpt lat="42.77362167835236" lon="-71.9312650244683">
        <ele>387</ele>
      </trkpt>
      <trkpt lat="42.77345831505954" lon="-71.93135496228933">
        <ele>388</ele>
      </trkpt>
      <trkpt lat="42.77326167561114" lon="-71.93146836943924">
        <ele>389</ele>
      </trkpt>
      <trkpt lat="42.77307333424687" lon="-71.93158169277012">
        <ele>391</ele>
      </trkpt>
      <trkpt lat="42.77289337478578" lon="-71.93166668526828">
        <ele>392</ele>
      </trkpt>
      <trkpt lat="42.77271165512502" lon="-71.93175167776644">
        <ele>393</ele>
      </trkpt>
      <trkpt lat="42.77253496460617" lon="-71.9318316411227">
        <ele>394</ele>
      </trkpt>
      <trkpt lat="42.7723516523838" lon="-71.931880004704">
        <ele>394</ele>
      </trkpt>
      <trkpt lat="42.77214663103223" lon="-71.93192166276276">
        <ele>395</ele>
      </trkpt>
      <trkpt lat="42.77192668989301" lon="-71.93198167718947">
        <ele>396</ele>
      </trkpt>
      <trkpt lat="42.77171169407666" lon="-71.93203666247427">
        <ele>397</ele>
      </trkpt>
      <trkpt lat="42.77149669826031" lon="-71.93210170604289">
        <ele>397</ele>
      </trkpt>
      <trkpt lat="42.77129829861224" lon="-71.93217999301851">
        <ele>397</ele>
      </trkpt>
      <trkpt lat="42.77109663002193" lon="-71.93224662914872">
        <ele>397</ele>
      </trkpt>
      <trkpt lat="42.77087333612144" lon="-71.93230831995606">
        <ele>398</ele>
      </trkpt>
      <trkpt lat="42.77063336223364" lon="-71.93238333798945">
        <ele>398</ele>
      </trkpt>
      <trkpt lat="42.77040168642998" lon="-71.93248836323619">
        <ele>397</ele>
      </trkpt>
      <trkpt lat="42.77021669782698" lon="-71.93260001018643">
        <ele>397</ele>
      </trkpt>
      <trkpt lat="42.77004000730813" lon="-71.93272330798209">
        <ele>397</ele>
      </trkpt>
      <trkpt lat="42.76986331678927" lon="-71.93285498768091">
        <ele>397</ele>
      </trkpt>
      <trkpt lat="42.7696633245796" lon="-71.93298331461847">
        <ele>396</ele>
      </trkpt>
      <trkpt lat="42.76944832876325" lon="-71.93312999792397">
        <ele>396</ele>
      </trkpt>
      <trkpt lat="42.76926501654088" lon="-71.93327500484884">
        <ele>395</ele>
      </trkpt>
      <trkpt lat="42.76912998408079" lon="-71.93338329903781">
        <ele>395</ele>
      </trkpt>
      <trkpt lat="42.76898832991719" lon="-71.93348664790392">
        <ele>395</ele>
      </trkpt>
      <trkpt lat="42.76885002851486" lon="-71.93356501869857">
        <ele>395</ele>
      </trkpt>
      <trkpt lat="42.76868834160268" lon="-71.9336966983974">
        <ele>395</ele>
      </trkpt>
      <trkpt lat="42.76854501105845" lon="-71.93383667618036">
        <ele>396</ele>
      </trkpt>
      <trkpt lat="42.76836999692023" lon="-71.93399333395064">
        <ele>396</ele>
      </trkpt>
      <trkpt lat="42.76821166276932" lon="-71.93415502086282">
        <ele>397</ele>
      </trkpt>
      <trkpt lat="42.76805165223777" lon="-71.93429164588451">
        <ele>397</ele>
      </trkpt>
      <trkpt lat="42.76787831448019" lon="-71.93440496921539">
        <ele>398</ele>
      </trkpt>
      <trkpt lat="42.76770832948387" lon="-71.93451996892691">
        <ele>398</ele>
      </trkpt>
      <trkpt lat="42.76754831895232" lon="-71.93463496863842">
        <ele>398</ele>
      </trkpt>
      <trkpt lat="42.7674166392535" lon="-71.93473831750453">
        <ele>399</ele>
      </trkpt>
      <trkpt lat="42.76726836338639" lon="-71.93483169190586">
        <ele>399</ele>
      </trkpt>
      <trkpt lat="42.76708664372563" lon="-71.93492003716528">
        <ele>400</ele>
      </trkpt>
      <trkpt lat="42.76689662598073" lon="-71.93502665497363">
        <ele>400</ele>
      </trkpt>
      <trkpt lat="42.76671834290028" lon="-71.93511667661369">
        <ele>401</ele>
      </trkpt>
      <trkpt lat="42.76654165238142" lon="-71.93516663275659">
        <ele>401</ele>
      </trkpt>
      <trkpt lat="42.7664200309664" lon="-71.93524835631251">
        <ele>402</ele>
      </trkpt>
      <trkpt lat="42.76627502404153" lon="-71.93533829413354">
        <ele>402</ele>
      </trkpt>
      <trkpt lat="42.76613336987793" lon="-71.93538162857294">
        <ele>402</ele>
      </trkpt>
      <trkpt lat="42.7659916318953" lon="-71.93536997772753">
        <ele>403</ele>
      </trkpt>
      <trkpt lat="42.76585333049297" lon="-71.93547667935491">
        <ele>403</ele>
      </trkpt>
      <trkpt lat="42.76568334549665" lon="-71.93561498075724">
        <ele>404</ele>
      </trkpt>
      <trkpt lat="42.76549835689366" lon="-71.93569335155189">
        <ele>404</ele>
      </trkpt>
      <trkpt lat="42.76533331722021" lon="-71.93576166406274">
        <ele>404</ele>
      </trkpt>
      <trkpt lat="42.76519836857915" lon="-71.93583835847676">
        <ele>404</ele>
      </trkpt>
      <trkpt lat="42.76504003442824" lon="-71.93591832183301">
        <ele>405</ele>
      </trkpt>
      <trkpt lat="42.7648866456002" lon="-71.93602334707975">
        <ele>406</ele>
      </trkpt>
      <trkpt lat="42.76474163867533" lon="-71.93614664487541">
        <ele>407</ele>
      </trkpt>
      <trkpt lat="42.76463502086699" lon="-71.93625996820629">
        <ele>407</ele>
      </trkpt>
      <trkpt lat="42.76453829370439" lon="-71.93639164790511">
        <ele>408</ele>
      </trkpt>
      <trkpt lat="42.76442664675415" lon="-71.93654662929475">
        <ele>409</ele>
      </trkpt>
      <trkpt lat="42.76431332342327" lon="-71.93667830899358">
        <ele>410</ele>
      </trkpt>
      <trkpt lat="42.76418834924698" lon="-71.9368099886924">
        <ele>411</ele>
      </trkpt>
      <trkpt lat="42.76406002230942" lon="-71.93692498840392">
        <ele>412</ele>
      </trkpt>
      <trkpt lat="42.76391333900392" lon="-71.93698500283062">
        <ele>413</ele>
      </trkpt>
      <trkpt lat="42.76374997571111" lon="-71.93702003918588">
        <ele>413</ele>
      </trkpt>
      <trkpt lat="42.76358166709542" lon="-71.93702330812812">
        <ele>414</ele>
      </trkpt>
      <trkpt lat="42.76341830380261" lon="-71.93702666088939">
        <ele>414</ele>
      </trkpt>
      <trkpt lat="42.76324169710279" lon="-71.9370433408767">
        <ele>415</ele>
      </trkpt>
      <trkpt lat="42.76307665742934" lon="-71.93706169724464">
        <ele>415</ele>
      </trkpt>
      <trkpt lat="42.76289996691048" lon="-71.93707334809005">
        <ele>414</ele>
      </trkpt>
      <trkpt lat="42.76271162554622" lon="-71.93711835891008">
        <ele>414</ele>
      </trkpt>
      <trkpt lat="42.76256334967911" lon="-71.93716831505299">
        <ele>414</ele>
      </trkpt>
      <trkpt lat="42.76240836828947" lon="-71.93720997311175">
        <ele>415</ele>
      </trkpt>
      <trkpt lat="42.76224668137729" lon="-71.93723168224096">
        <ele>415</ele>
      </trkpt>
      <trkpt lat="42.76209496892989" lon="-71.93724500946701">
        <ele>416</ele>
      </trkpt>
      <trkpt lat="42.76193831115961" lon="-71.93726336583495">
        <ele>416</ele>
      </trkpt>
      <trkpt lat="42.76173169724643" lon="-71.93727669306099">
        <ele>417</ele>
      </trkpt>
      <trkpt lat="42.76150999590755" lon="-71.93728666752577">
        <ele>417</ele>
      </trkpt>
      <trkpt lat="42.76134001091123" lon="-71.93732002750039">
        <ele>417</ele>
      </trkpt>
      <trkpt lat="42.76116834953427" lon="-71.93736503832042">
        <ele>418</ele>
      </trkpt>
      <trkpt lat="42.76099501177669" lon="-71.93739336915314">
        <ele>418</ele>
      </trkpt>
      <trkpt lat="42.76082502678037" lon="-71.93741834722459">
        <ele>418</ele>
      </trkpt>
      <trkpt lat="42.76063836179674" lon="-71.93745665252209">
        <ele>417</ele>
      </trkpt>
      <trkpt lat="42.76043334044516" lon="-71.93750166334212">
        <ele>416</ele>
      </trkpt>
      <trkpt lat="42.76026000268757" lon="-71.93755832500756">
        <ele>415</ele>
      </trkpt>
      <trkpt lat="42.76005833409727" lon="-71.93760165944695">
        <ele>414</ele>
      </trkpt>
      <trkpt lat="42.75987669825554" lon="-71.93765999749303">
        <ele>413</ele>
      </trkpt>
      <trkpt lat="42.7597233094275" lon="-71.93772663362324">
        <ele>412</ele>
      </trkpt>
      <trkpt lat="42.75958500802517" lon="-71.93779829889536">
        <ele>412</ele>
      </trkpt>
      <trkpt lat="42.75945835746825" lon="-71.93792830221355">
        <ele>411</ele>
      </trkpt>
      <trkpt lat="42.75935165584087" lon="-71.93808336742222">
        <ele>411</ele>
      </trkpt>
      <trkpt lat="42.75921000167727" lon="-71.93822334520519">
        <ele>410</ele>
      </trkpt>
      <trkpt lat="42.75907329283655" lon="-71.93835334852338">
        <ele>410</ele>
      </trkpt>
      <trkpt lat="42.75891998782754" lon="-71.93848167546093">
        <ele>410</ele>
      </trkpt>
      <trkpt lat="42.75875503197312" lon="-71.93861335515976">
        <ele>411</ele>
      </trkpt>
      <trkpt lat="42.75858496315777" lon="-71.93875836208463">
        <ele>412</ele>
      </trkpt>
      <trkpt lat="42.75841665454209" lon="-71.93888501264155">
        <ele>412</ele>
      </trkpt>
      <trkpt lat="42.75824666954577" lon="-71.93899665959179">
        <ele>413</ele>
      </trkpt>
      <trkpt lat="42.75804500095546" lon="-71.93914166651666">
        <ele>415</ele>
      </trkpt>
      <trkpt lat="42.75789831764996" lon="-71.93927502259612">
        <ele>416</ele>
      </trkpt>
      <trkpt lat="42.75778667069972" lon="-71.93942832760513">
        <ele>417</ele>
      </trkpt>
      <trkpt lat="42.75770000182092" lon="-71.93958833813667">
        <ele>417</ele>
      </trkpt>
      <trkpt lat="42.75762666016817" lon="-71.93980165757239">
        <ele>418</ele>
      </trkpt>
      <trkpt lat="42.75758164934814" lon="-71.94004163146019">
        <ele>419</ele>
      </trkpt>
      <trkpt lat="42.75752331130207" lon="-71.94026836194098">
        <ele>419</ele>
      </trkpt>
      <trkpt lat="42.75744167156518" lon="-71.94051168859005">
        <ele>419</ele>
      </trkpt>
      <trkpt lat="42.75735835544765" lon="-71.94076666608453">
        <ele>419</ele>
      </trkpt>
      <trkpt lat="42.75730337016284" lon="-71.94094997830689">
        <ele>419</ele>
      </trkpt>
      <trkpt lat="42.7572366502136" lon="-71.94116497412324">
        <ele>419</ele>
      </trkpt>
      <trkpt lat="42.75718334130943" lon="-71.94136169739068">
        <ele>418</ele>
      </trkpt>
      <trkpt lat="42.75710832327604" lon="-71.94152665324509">
        <ele>418</ele>
      </trkpt>
      <trkpt lat="42.75703162886202" lon="-71.94172664545476">
        <ele>417</ele>
      </trkpt>
      <trkpt lat="42.75696331635118" lon="-71.94194499403238">
        <ele>415</ele>
      </trkpt>
      <trkpt lat="42.7569049783051" lon="-71.94214163348079">
        <ele>414</ele>
      </trkpt>
      <trkpt lat="42.75683163665235" lon="-71.94232335314155">
        <ele>412</ele>
      </trkpt>
      <trkpt lat="42.75672501884401" lon="-71.94252334535122">
        <ele>410</ele>
      </trkpt>
      <trkpt lat="42.75664832442999" lon="-71.94269333034754">
        <ele>409</ele>
      </trkpt>
      <trkpt lat="42.75658168829978" lon="-71.94289332255721">
        <ele>408</ele>
      </trkpt>
      <trkpt lat="42.75651664473116" lon="-71.94308996200562">
        <ele>408</ele>
      </trkpt>
      <trkpt lat="42.7564683649689" lon="-71.94332331418991">
        <ele>407</ele>
      </trkpt>
      <trkpt lat="42.75640499778092" lon="-71.94354836829007">
        <ele>406</ele>
      </trkpt>
      <trkpt lat="42.75634163059294" lon="-71.94375003688037">
        <ele>406</ele>
      </trkpt>
      <trkpt lat="42.75628329254687" lon="-71.94393997080624">
        <ele>405</ele>
      </trkpt>
      <trkpt lat="42.75620668195188" lon="-71.94416997022927">
        <ele>405</ele>
      </trkpt>
      <trkpt lat="42.75612998753786" lon="-71.94437834434211">
        <ele>404</ele>
      </trkpt>
      <trkpt lat="42.75605329312384" lon="-71.94455662742257">
        <ele>403</ele>
      </trkpt>
      <trkpt lat="42.75597332976758" lon="-71.94475502707064">
        <ele>402</ele>
      </trkpt>
      <trkpt lat="42.75589663535357" lon="-71.94498997181654">
        <ele>401</ele>
      </trkpt>
      <trkpt lat="42.75581834837794" lon="-71.94521334953606">
        <ele>400</ele>
      </trkpt>
      <trkpt lat="42.75577836669981" lon="-71.94540001451969">
        <ele>400</ele>
      </trkpt>
      <trkpt lat="42.75575498118997" lon="-71.9456450175494">
        <ele>399</ele>
      </trkpt>
      <trkpt lat="42.75572329759598" lon="-71.94587166421115">
        <ele>399</ele>
      </trkpt>
      <trkpt lat="42.75567334145308" lon="-71.9461233727634">
        <ele>399</ele>
      </trkpt>
      <trkpt lat="42.75561667978764" lon="-71.94635831750929">
        <ele>399</ele>
      </trkpt>
      <trkpt lat="42.7555666398257" lon="-71.94654330611229">
        <ele>399</ele>
      </trkpt>
      <trkpt lat="42.75550830177963" lon="-71.94671496748924">
        <ele>399</ele>
      </trkpt>
      <trkpt lat="42.75543169118464" lon="-71.94690666161478">
        <ele>399</ele>
      </trkpt>
      <trkpt lat="42.7553316950798" lon="-71.9470867048949">
        <ele>399</ele>
      </trkpt>
      <trkpt lat="42.75522499345243" lon="-71.94729667156935">
        <ele>399</ele>
      </trkpt>
      <trkpt lat="42.7551300264895" lon="-71.94750999100506">
        <ele>399</ele>
      </trkpt>
      <trkpt lat="42.75506163015962" lon="-71.94769497960806">
        <ele>399</ele>
      </trkpt>
      <trkpt lat="42.75495165959001" lon="-71.9479033537209">
        <ele>400</ele>
      </trkpt>
      <trkpt lat="42.75485669262707" lon="-71.94805665872991">
        <ele>400</ele>
      </trkpt>
      <trkpt lat="42.75477832183242" lon="-71.94824667647481">
        <ele>400</ele>
      </trkpt>
      <trkpt lat="42.75472333654761" lon="-71.94844499230385">
        <ele>400</ele>
      </trkpt>
      <trkpt lat="42.75467664934695" lon="-71.94865336641669">
        <ele>401</ele>
      </trkpt>
      <trkpt lat="42.75461663492024" lon="-71.94888168945909">
        <ele>401</ele>
      </trkpt>
      <trkpt lat="42.75455167517066" lon="-71.94915502332151">
        <ele>401</ele>
      </trkpt>
      <trkpt lat="42.75448830798268" lon="-71.94940832443535">
        <ele>402</ele>
      </trkpt>
      <trkpt lat="42.75443835183978" lon="-71.94962667301297">
        <ele>402</ele>
      </trkpt>
      <trkpt lat="42.75439669378102" lon="-71.94984837435186">
        <ele>402</ele>
      </trkpt>
      <trkpt lat="42.75435998104513" lon="-71.95009329356253">
        <ele>403</ele>
      </trkpt>
      <trkpt lat="42.75429837405682" lon="-71.95038003847003">
        <ele>404</ele>
      </trkpt>
      <trkpt lat="42.75424498133361" lon="-71.95066167041659">
        <ele>405</ele>
      </trkpt>
      <trkpt lat="42.75419334881008" lon="-71.95093332789838">
        <ele>405</ele>
      </trkpt>
      <trkpt lat="42.75415001437068" lon="-71.95117003284395">
        <ele>406</ele>
      </trkpt>
      <trkpt lat="42.75415663607419" lon="-71.95140162482858">
        <ele>406</ele>
      </trkpt>
      <trkpt lat="42.75427834130824" lon="-71.95151167921722">
        <ele>406</ele>
      </trkpt>
      <trkpt lat="42.75420332327485" lon="-71.95172164589167">
        <ele>406</ele>
      </trkpt>
      <trkpt lat="42.75420332327485" lon="-71.95190663449466">
        <ele>406</ele>
      </trkpt>
      <trkpt lat="42.75426995940506" lon="-71.95223168469965">
        <ele>406</ele>
      </trkpt>
      <trkpt lat="42.75433500297368" lon="-71.95253670215607">
        <ele>406</ele>
      </trkpt>
      <trkpt lat="42.75436501018703" lon="-71.95276334881783">
        <ele>405</ele>
      </trkpt>
      <trkpt lat="42.75436501018703" lon="-71.95299996994436">
        <ele>405</ele>
      </trkpt>
      <trkpt lat="42.75433500297368" lon="-71.95324832573533">
        <ele>404</ele>
      </trkpt>
      <trkpt lat="42.75424162857234" lon="-71.95344664156437">
        <ele>403</ele>
      </trkpt>
      <trkpt lat="42.75405663996935" lon="-71.9535833504051">
        <ele>402</ele>
      </trkpt>
      <trkpt lat="42.75382169522345" lon="-71.95370170287788">
        <ele>401</ele>
      </trkpt>
      <trkpt lat="42.75357836857438" lon="-71.95382667705417">
        <ele>400</ele>
      </trkpt>
      <trkpt lat="42.75333495810628" lon="-71.95395835675299">
        <ele>399</ele>
      </trkpt>
      <trkpt lat="42.75311836972833" lon="-71.9541166909039">
        <ele>397</ele>
      </trkpt>
      <trkpt lat="42.75295333005488" lon="-71.95433336310089">
        <ele>396</ele>
      </trkpt>
      <trkpt lat="42.75282165035605" lon="-71.95461667142808">
        <ele>394</ele>
      </trkpt>
      <trkpt lat="42.75272165425122" lon="-71.95496167056262">
        <ele>391</ele>
      </trkpt>
      <trkpt lat="42.75267169810832" lon="-71.95514003746212">
        <ele>390</ele>
      </trkpt>
      <trkpt lat="42.75261830538511" lon="-71.95533332414925">
        <ele>388</ele>
      </trkpt>
      <trkpt lat="42.75256499648094" lon="-71.95552334189415">
        <ele>387</ele>
      </trkpt>
      <trkpt lat="42.75251168757677" lon="-71.95571503601968">
        <ele>386</ele>
      </trkpt>
      <trkpt lat="42.7524599712342" lon="-71.95590329356492">
        <ele>385</ele>
      </trkpt>
      <trkpt lat="42.75240666233003" lon="-71.95608836598694">
        <ele>384</ele>
      </trkpt>
      <trkpt lat="42.75236165151" lon="-71.95626832544804">
        <ele>383</ele>
      </trkpt>
      <trkpt lat="42.75228830985725" lon="-71.95660167373717">
        <ele>381</ele>
      </trkpt>
      <trkpt lat="42.75224329903722" lon="-71.95692831650376">
        <ele>380</ele>
      </trkpt>
      <trkpt lat="42.75221664458513" lon="-71.95711498148739">
        <ele>379</ele>
      </trkpt>
      <trkpt lat="42.75218496099114" lon="-71.95731170475483">
        <ele>378</ele>
      </trkpt>
      <trkpt lat="42.75215663015842" lon="-71.9575116969645">
        <ele>377</ele>
      </trkpt>
      <trkpt lat="42.75213500484824" lon="-71.95772669278085">
        <ele>376</ele>
      </trkpt>
      <trkpt lat="42.75212997570634" lon="-71.95794336497784">
        <ele>375</ele>
      </trkpt>
      <trkpt lat="42.75213668122888" lon="-71.95816498249769">
        <ele>374</ele>
      </trkpt>
      <trkpt lat="42.75215168483555" lon="-71.95838668383658">
        <ele>373</ele>
      </trkpt>
      <trkpt lat="42.7521700412035" lon="-71.95861333049834">
        <ele>372</ele>
      </trkpt>
      <trkpt lat="42.75219334289432" lon="-71.95883830077946">
        <ele>371</ele>
      </trkpt>
      <trkpt lat="42.7522149682045" lon="-71.95906000211835">
        <ele>370</ele>
      </trkpt>
      <trkpt lat="42.75223500095308" lon="-71.9592699687928">
        <ele>368</ele>
      </trkpt>
      <trkpt lat="42.75224497541785" lon="-71.95946996100247">
        <ele>367</ele>
      </trkpt>
      <trkpt lat="42.75224665179849" lon="-71.95967003703117">
        <ele>365</ele>
      </trkpt>
      <trkpt lat="42.75222997181118" lon="-71.95986500009894">
        <ele>364</ele>
      </trkpt>
      <trkpt lat="42.75219166651368" lon="-71.96006163954735">
        <ele>362</ele>
      </trkpt>
      <trkpt lat="42.7521282993257" lon="-71.96025501005352">
        <ele>361</ele>
      </trkpt>
      <trkpt lat="42.75206333957613" lon="-71.96044335141778">
        <ele>359</ele>
      </trkpt>
      <trkpt lat="42.75200835429132" lon="-71.96064166724682">
        <ele>357</ele>
      </trkpt>
      <trkpt lat="42.75196669623256" lon="-71.96084333583713">
        <ele>356</ele>
      </trkpt>
      <trkpt lat="42.75194833986461" lon="-71.9610483571887">
        <ele>354</ele>
      </trkpt>
      <trkpt lat="42.75195169262588" lon="-71.96125170215964">
        <ele>353</ele>
      </trkpt>
      <trkpt lat="42.75196166709065" lon="-71.96145663969219">
        <ele>351</ele>
      </trkpt>
      <trkpt lat="42.75197667069733" lon="-71.96165503934026">
        <ele>350</ele>
      </trkpt>
      <trkpt lat="42.75198664516211" lon="-71.96184664964676">
        <ele>348</ele>
      </trkpt>
      <trkpt lat="42.75199670344591" lon="-71.96203163824975">
        <ele>347</ele>
      </trkpt>
      <trkpt lat="42.75200667791069" lon="-71.96222165599465">
        <ele>346</ele>
      </trkpt>
      <trkpt lat="42.75202168151736" lon="-71.96241167373955">
        <ele>345</ele>
      </trkpt>
      <trkpt lat="42.75204003788531" lon="-71.96259666234255">
        <ele>344</ele>
      </trkpt>
      <trkpt lat="42.75206166319549" lon="-71.96278835646808">
        <ele>344</ele>
      </trkpt>
      <trkpt lat="42.75208496488631" lon="-71.96298499591649">
        <ele>344</ele>
      </trkpt>
      <trkpt lat="42.75211170315742" lon="-71.96317166090012">
        <ele>343</ele>
      </trkpt>
      <trkpt lat="42.75213500484824" lon="-71.96335664950311">
        <ele>343</ele>
      </trkpt>
      <trkpt lat="42.75215000845492" lon="-71.96354666724801">
        <ele>343</ele>
      </trkpt>
      <trkpt lat="42.75215998291969" lon="-71.96374498307705">
        <ele>344</ele>
      </trkpt>
      <trkpt lat="42.75216165930033" lon="-71.96394170634449">
        <ele>344</ele>
      </trkpt>
      <trkpt lat="42.75215336121619" lon="-71.96413164027035">
        <ele>345</ele>
      </trkpt>
      <trkpt lat="42.75213332846761" lon="-71.96432165801525">
        <ele>345</ele>
      </trkpt>
      <trkpt lat="42.75211170315742" lon="-71.96452165022492">
        <ele>346</ele>
      </trkpt>
      <trkpt lat="42.75207666680217" lon="-71.96471837349236">
        <ele>346</ele>
      </trkpt>
      <trkpt lat="42.75205001235008" lon="-71.96490998379886">
        <ele>347</ele>
      </trkpt>
      <trkpt lat="42.752023357898" lon="-71.96510335430503">
        <ele>347</ele>
      </trkpt>
      <trkpt lat="42.75199335068464" lon="-71.9652983173728">
        <ele>347</ele>
      </trkpt>
      <trkpt lat="42.75196837261319" lon="-71.96549504064023">
        <ele>347</ele>
      </trkpt>
      <trkpt lat="42.75194163434207" lon="-71.96570165455341">
        <ele>347</ele>
      </trkpt>
      <trkpt lat="42.75191833265126" lon="-71.96591497398913">
        <ele>347</ele>
      </trkpt>
      <trkpt lat="42.75190668180585" lon="-71.96612996980548">
        <ele>348</ele>
      </trkpt>
      <trkpt lat="42.75189829990268" lon="-71.9663483183831">
        <ele>348</ele>
      </trkpt>
      <trkpt lat="42.75188497267663" lon="-71.96657001972198">
        <ele>349</ele>
      </trkpt>
      <trkpt lat="42.75186829268932" lon="-71.96679666638374">
        <ele>349</ele>
      </trkpt>
      <trkpt lat="42.75185496546328" lon="-71.96701996028423">
        <ele>350</ele>
      </trkpt>
      <trkpt lat="42.75184163823724" lon="-71.96724333800375">
        <ele>350</ele>
      </trkpt>
      <trkpt lat="42.7518283110112" lon="-71.96747166104615">
        <ele>351</ele>
      </trkpt>
      <trkpt lat="42.75182168930769" lon="-71.96769998408854">
        <ele>352</ele>
      </trkpt>
      <trkpt lat="42.75182998739183" lon="-71.96791833266616">
        <ele>352</ele>
      </trkpt>
      <trkpt lat="42.75184666737914" lon="-71.96813668124378">
        <ele>353</ele>
      </trkpt>
      <trkpt lat="42.75186334736645" lon="-71.96835167706013">
        <ele>354</ele>
      </trkpt>
      <trkpt lat="42.751883296296" lon="-71.96854999288917">
        <ele>355</ele>
      </trkpt>
      <trkpt lat="42.75189997628331" lon="-71.96874336339533">
        <ele>355</ele>
      </trkpt>
      <trkpt lat="42.75194498710334" lon="-71.96909666061401">
        <ele>357</ele>
      </trkpt>
      <trkpt lat="42.75203165598214" lon="-71.96945666335523">
        <ele>358</ele>
      </trkpt>
      <trkpt lat="42.75209167040884" lon="-71.969651626423">
        <ele>358</ele>
      </trkpt>
      <trkpt lat="42.75215000845492" lon="-71.96985832415521">
        <ele>359</ele>
      </trkpt>
      <trkpt lat="42.75220834650099" lon="-71.97006996721029">
        <ele>359</ele>
      </trkpt>
      <trkpt lat="42.75226500816643" lon="-71.9702766649425">
        <ele>360</ele>
      </trkpt>
      <trkpt lat="42.75231496430933" lon="-71.97047833353281">
        <ele>360</ele>
      </trkpt>
      <trkpt lat="42.75236165151" lon="-71.97067497298121">
        <ele>360</ele>
      </trkpt>
      <trkpt lat="42.7524049859494" lon="-71.97086499072611">
        <ele>360</ele>
      </trkpt>
      <trkpt lat="42.75244999676943" lon="-71.97104662656784">
        <ele>360</ele>
      </trkpt>
      <trkpt lat="42.75249500758946" lon="-71.9712233170867">
        <ele>359</ele>
      </trkpt>
      <trkpt lat="42.75253834202886" lon="-71.97140000760555">
        <ele>359</ele>
      </trkpt>
      <trkpt lat="42.75257329456508" lon="-71.97157837450504">
        <ele>359</ele>
      </trkpt>
      <trkpt lat="42.75261000730097" lon="-71.9717566575855">
        <ele>359</ele>
      </trkpt>
      <trkpt lat="42.75264831259847" lon="-71.9719466753304">
        <ele>359</ele>
      </trkpt>
      <trkpt lat="42.75267664343119" lon="-71.97215664200485">
        <ele>358</ele>
      </trkpt>
      <trkpt lat="42.75270170532167" lon="-71.9723766669631">
        <ele>358</ele>
      </trkpt>
      <trkpt lat="42.75271503254771" lon="-71.97259333916008">
        <ele>357</ele>
      </trkpt>
      <trkpt lat="42.75273003615439" lon="-71.97280330583453">
        <ele>357</ele>
      </trkpt>
      <trkpt lat="42.75273330509663" lon="-71.97301167994738">
        <ele>356</ele>
      </trkpt>
      <trkpt lat="42.75272835977376" lon="-71.97322835214436">
        <ele>355</ele>
      </trkpt>
      <trkpt lat="42.75272668339312" lon="-71.97343831881881">
        <ele>355</ele>
      </trkpt>
      <trkpt lat="42.75272500701249" lon="-71.97363495826721">
        <ele>354</ele>
      </trkpt>
      <trkpt lat="42.75272165425122" lon="-71.97383503429592">
        <ele>353</ele>
      </trkpt>
      <trkpt lat="42.75271830148995" lon="-71.9740416482091">
        <ele>352</ele>
      </trkpt>
      <trkpt lat="42.75271997787058" lon="-71.97425832040608">
        <ele>352</ele>
      </trkpt>
      <trkpt lat="42.75272835977376" lon="-71.97447331622243">
        <ele>351</ele>
      </trkpt>
      <trkpt lat="42.75274663232267" lon="-71.97468831203878">
        <ele>351</ele>
      </trkpt>
      <trkpt lat="42.75276666507125" lon="-71.97490163147449">
        <ele>350</ele>
      </trkpt>
      <trkpt lat="42.75278334505856" lon="-71.97511662729084">
        <ele>350</ele>
      </trkpt>
      <trkpt lat="42.75280002504587" lon="-71.97532835416496">
        <ele>349</ele>
      </trkpt>
      <trkpt lat="42.75281997397542" lon="-71.97553664445877">
        <ele>349</ele>
      </trkpt>
      <trkpt lat="42.752840006724" lon="-71.97573663666844">
        <ele>349</ele>
      </trkpt>
      <trkpt lat="42.75285836309195" lon="-71.97593503631651">
        <ele>348</ele>
      </trkpt>
      <trkpt lat="42.75287998840213" lon="-71.97612832300365">
        <ele>348</ele>
      </trkpt>
      <trkpt lat="42.75289666838944" lon="-71.97631834074855">
        <ele>348</ele>
      </trkpt>
      <trkpt lat="42.75291997008026" lon="-71.97650835849345">
        <ele>348</ele>
      </trkpt>
      <trkpt lat="42.75294670835137" lon="-71.97670332156122">
        <ele>348</ele>
      </trkpt>
      <trkpt lat="42.75297830812633" lon="-71.97689333930612">
        <ele>348</ele>
      </trkpt>
      <trkpt lat="42.75301837362349" lon="-71.97708503343165">
        <ele>348</ele>
      </trkpt>
      <trkpt lat="42.75306330062449" lon="-71.97727337479591">
        <ele>349</ele>
      </trkpt>
      <trkpt lat="42.75311334058642" lon="-71.97746666148305">
        <ele>349</ele>
      </trkpt>
      <trkpt lat="42.75317503139377" lon="-71.97763664647937">
        <ele>349</ele>
      </trkpt>
      <trkpt lat="42.75324166752398" lon="-71.97780830785632">
        <ele>349</ele>
      </trkpt>
      <trkpt lat="42.75330830365419" lon="-71.97798835113645">
        <ele>350</ele>
      </trkpt>
      <trkpt lat="42.75338164530694" lon="-71.97816336527467">
        <ele>350</ele>
      </trkpt>
      <trkpt lat="42.75344836525619" lon="-71.97833997197449">
        <ele>351</ele>
      </trkpt>
      <trkpt lat="42.75350829586387" lon="-71.97852169163525">
        <ele>351</ele>
      </trkpt>
      <trkpt lat="42.7535633649677" lon="-71.97870165109634">
        <ele>352</ele>
      </trkpt>
      <trkpt lat="42.75360996834934" lon="-71.97889334522188">
        <ele>353</ele>
      </trkpt>
      <trkpt lat="42.75364835746586" lon="-71.97909995913506">
        <ele>353</ele>
      </trkpt>
      <trkpt lat="42.75368163362145" lon="-71.97932166047394">
        <ele>353</ele>
      </trkpt>
      <trkpt lat="42.75371331721544" lon="-71.97954998351634">
        <ele>354</ele>
      </trkpt>
      <trkpt lat="42.75374500080943" lon="-71.97978165932">
        <ele>354</ele>
      </trkpt>
      <trkpt lat="42.75377333164215" lon="-71.98000830598176">
        <ele>355</ele>
      </trkpt>
      <trkpt lat="42.75379336439073" lon="-71.98023336008191">
        <ele>355</ele>
      </trkpt>
      <trkpt lat="42.75380669161677" lon="-71.98045497760177">
        <ele>355</ele>
      </trkpt>
      <trkpt lat="42.75381331332028" lon="-71.98067332617939">
        <ele>355</ele>
      </trkpt>
      <trkpt lat="42.75381331332028" lon="-71.98088170029223">
        <ele>355</ele>
      </trkpt>
      <trkpt lat="42.75380996055901" lon="-71.98108663782477">
        <ele>356</ele>
      </trkpt>
      <trkpt lat="42.75380836799741" lon="-71.98128830641508">
        <ele>356</ele>
      </trkpt>
      <trkpt lat="42.75380501523614" lon="-71.98148670606315">
        <ele>356</ele>
      </trkpt>
      <trkpt lat="42.75380669161677" lon="-71.98167999275029">
        <ele>356</ele>
      </trkpt>
      <trkpt lat="42.75380836799741" lon="-71.98187503963709">
        <ele>356</ele>
      </trkpt>
      <trkpt lat="42.75380836799741" lon="-71.98208165355027">
        <ele>356</ele>
      </trkpt>
      <trkpt lat="42.75381666608155" lon="-71.9822733476758">
        <ele>356</ele>
      </trkpt>
      <trkpt lat="42.75385832414031" lon="-71.98253000155091">
        <ele>357</ele>
      </trkpt>
      <trkpt lat="42.75388162583113" lon="-71.98274164460599">
        <ele>358</ele>
      </trkpt>
      <trkpt lat="42.7539333421737" lon="-71.98293836787343">
        <ele>359</ele>
      </trkpt>
      <trkpt lat="42.75392001494765" lon="-71.98314665816724">
        <ele>359</ele>
      </trkpt>
      <trkpt lat="42.75383669883013" lon="-71.98336835950613">
        <ele>360</ele>
      </trkpt>
      <trkpt lat="42.75370334275067" lon="-71.98362668976188">
        <ele>361</ele>
      </trkpt>
      <trkpt lat="42.75356001220644" lon="-71.98391502723098">
        <ele>363</ele>
      </trkpt>
      <trkpt lat="42.75341835804284" lon="-71.98419665917754">
        <ele>364</ele>
      </trkpt>
      <trkpt lat="42.75332330726087" lon="-71.98433336801827">
        <ele>365</ele>
      </trkpt>
      <trkpt lat="42.75323336943984" lon="-71.98447334580123">
        <ele>365</ele>
      </trkpt>
      <trkpt lat="42.75306665338576" lon="-71.98473335243762">
        <ele>366</ele>
      </trkpt>
      <trkpt lat="42.75290664285421" lon="-71.98495664633811">
        <ele>366</ele>
      </trkpt>
      <trkpt lat="42.75274336338043" lon="-71.98517499491572">
        <ele>367</ele>
      </trkpt>
      <trkpt lat="42.75258335284889" lon="-71.98539334349334">
        <ele>367</ele>
      </trkpt>
      <trkpt lat="42.75240833871067" lon="-71.98560498654842">
        <ele>367</ele>
      </trkpt>
      <trkpt lat="42.75225662626326" lon="-71.98578829877079">
        <ele>368</ele>
      </trkpt>
      <trkpt lat="42.7521267067641" lon="-71.98592333123088">
        <ele>368</ele>
      </trkpt>
      <trkpt lat="42.75201003067195" lon="-71.98605668731034">
        <ele>368</ele>
      </trkpt>
      <trkpt lat="42.75190668180585" lon="-71.98621996678412">
        <ele>368</ele>
      </trkpt>
      <trkpt lat="42.75177667848766" lon="-71.98641501367092">
        <ele>368</ele>
      </trkpt>
      <trkpt lat="42.75159168988466" lon="-71.986626656726">
        <ele>368</ele>
      </trkpt>
      <trkpt lat="42.75138834491372" lon="-71.9868600089103">
        <ele>368</ele>
      </trkpt>
      <trkpt lat="42.75126663967967" lon="-71.9869583286345">
        <ele>368</ele>
      </trkpt>
      <trkpt lat="42.75114166550338" lon="-71.98706167750061">
        <ele>368</ele>
      </trkpt>
      <trkpt lat="42.75101501494646" lon="-71.98715999722481">
        <ele>368</ele>
      </trkpt>
      <trkpt lat="42.75089004077017" lon="-71.98725496418774">
        <ele>368</ele>
      </trkpt>
      <trkpt lat="42.75076665915549" lon="-71.98734833858907">
        <ele>368</ele>
      </trkpt>
      <trkpt lat="42.75064503774047" lon="-71.9874366838485">
        <ele>368</ele>
      </trkpt>
      <trkpt lat="42.75041000917554" lon="-71.98760666884482">
        <ele>368</ele>
      </trkpt>
      <trkpt lat="42.75028662756085" lon="-71.98768998496234">
        <ele>368</ele>
      </trkpt>
      <trkpt lat="42.75015000253916" lon="-71.98776165023446">
        <ele>368</ele>
      </trkpt>
      <trkpt lat="42.75001170113683" lon="-71.98782669380307">
        <ele>368</ele>
      </trkpt>
      <trkpt lat="42.74987834505737" lon="-71.98789500631392">
        <ele>367</ele>
      </trkpt>
      <trkpt lat="42.74974163621664" lon="-71.9879599660635">
        <ele>367</ele>
      </trkpt>
      <trkpt lat="42.74960836395621" lon="-71.98801830410957">
        <ele>367</ele>
      </trkpt>
      <trkpt lat="42.74947500787675" lon="-71.98808829300106">
        <ele>367</ele>
      </trkpt>
      <trkpt lat="42.74934332817793" lon="-71.98817001655698">
        <ele>368</ele>
      </trkpt>
      <trkpt lat="42.74922497570515" lon="-71.98827168904245">
        <ele>368</ele>
      </trkpt>
      <trkpt lat="42.74904333986342" lon="-71.98853496462107">
        <ele>368</ele>
      </trkpt>
      <trkpt lat="42.74898835457861" lon="-71.98870503343642">
        <ele>367</ele>
      </trkpt>
      <trkpt lat="42.74895164184272" lon="-71.98889169842005">
        <ele>367</ele>
      </trkpt>
      <trkpt lat="42.7489166893065" lon="-71.98907165788114">
        <ele>367</ele>
      </trkpt>
      <trkpt lat="42.74886329658329" lon="-71.98941003531218">
        <ele>366</ele>
      </trkpt>
      <trkpt lat="42.74889003485441" lon="-71.98976500891149">
        <ele>364</ele>
      </trkpt>
      <trkpt lat="42.74895834736526" lon="-71.99011830613017">
        <ele>363</ele>
      </trkpt>
      <trkpt lat="42.74902833625674" lon="-71.99045835994184">
        <ele>363</ele>
      </trkpt>
      <trkpt lat="42.74909002706409" lon="-71.99076999910176">
        <ele>362</ele>
      </trkpt>
      <trkpt lat="42.74912162683904" lon="-71.99097996577621">
        <ele>362</ele>
      </trkpt>
      <trkpt lat="42.74913830682635" lon="-71.99123997241259">
        <ele>360</ele>
      </trkpt>
      <trkpt lat="42.7491516340524" lon="-71.99148832820356">
        <ele>358</ele>
      </trkpt>
      <trkpt lat="42.74916831403971" lon="-71.99173165485263">
        <ele>357</ele>
      </trkpt>
      <trkpt lat="42.74917837232351" lon="-71.99197833426297">
        <ele>356</ele>
      </trkpt>
      <trkpt lat="42.74919329211116" lon="-71.99219668284059">
        <ele>355</ele>
      </trkpt>
      <trkpt lat="42.74920997209847" lon="-71.99239332228899">
        <ele>355</ele>
      </trkpt>
      <trkpt lat="42.74927501566708" lon="-71.99266162700951">
        <ele>355</ele>
      </trkpt>
      <trkpt lat="42.74936998263001" lon="-71.9929383136332">
        <ele>356</ele>
      </trkpt>
      <trkpt lat="42.74949504062533" lon="-71.99325003661215">
        <ele>356</ele>
      </trkpt>
      <trkpt lat="42.74957835674286" lon="-71.99358003214002">
        <ele>357</ele>
      </trkpt>
      <trkpt lat="42.74960668757558" lon="-71.99395663104951">
        <ele>357</ele>
      </trkpt>
      <trkpt lat="42.74960501119494" lon="-71.99416500516236">
        <ele>358</ele>
      </trkpt>
      <trkpt lat="42.74959998205304" lon="-71.99438167735934">
        <ele>358</ele>
      </trkpt>
      <trkpt lat="42.74959662929177" lon="-71.99459834955633">
        <ele>359</ele>
      </trkpt>
      <trkpt lat="42.74959662929177" lon="-71.99479498900473">
        <ele>360</ele>
      </trkpt>
      <trkpt lat="42.74957835674286" lon="-71.99508835561574">
        <ele>360</ele>
      </trkpt>
      <trkpt lat="42.74949504062533" lon="-71.99530502781272">
        <ele>361</ele>
      </trkpt>
      <trkpt lat="42.74937501177192" lon="-71.99542832560837">
        <ele>362</ele>
      </trkpt>
      <trkpt lat="42.7492600120604" lon="-71.99554835446179">
        <ele>363</ele>
      </trkpt>
      <trkpt lat="42.74929001927376" lon="-71.99573166668415">
        <ele>364</ele>
      </trkpt>
      <trkpt lat="42.74937165901065" lon="-71.99593836441636">
        <ele>364</ele>
      </trkpt>
      <trkpt lat="42.74948498234153" lon="-71.9962299708277">
        <ele>365</ele>
      </trkpt>
      <trkpt lat="42.74955002591014" lon="-71.99639668688178">
        <ele>365</ele>
      </trkpt>
      <trkpt lat="42.74962001480162" lon="-71.99656834825873">
        <ele>365</ele>
      </trkpt>
      <trkpt lat="42.7496900036931" lon="-71.99674830771983">
        <ele>365</ele>
      </trkpt>
      <trkpt lat="42.74976166896522" lon="-71.99693497270346">
        <ele>366</ele>
      </trkpt>
      <trkpt lat="42.74983501061797" lon="-71.99711996130645">
        <ele>366</ele>
      </trkpt>
      <trkpt lat="42.74990667589009" lon="-71.99730662629008">
        <ele>367</ele>
      </trkpt>
      <trkpt lat="42.74998001754284" lon="-71.99749002233148">
        <ele>367</ele>
      </trkpt>
      <trkpt lat="42.75005000643432" lon="-71.9976666290313">
        <ele>369</ele>
      </trkpt>
      <trkpt lat="42.75016165338457" lon="-71.99798497371376">
        <ele>369</ele>
      </trkpt>
      <trkpt lat="42.75019501335919" lon="-71.99828496202826">
        <ele>370</ele>
      </trkpt>
      <trkpt lat="42.7501199953258" lon="-71.9985250197351">
        <ele>371</ele>
      </trkpt>
      <trkpt lat="42.74999669753015" lon="-71.99872501194477">
        <ele>372</ele>
      </trkpt>
      <trkpt lat="42.7499233558774" lon="-71.99894000776112">
        <ele>373</ele>
      </trkpt>
      <trkpt lat="42.74989167228341" lon="-71.99917662888765">
        <ele>374</ele>
      </trkpt>
      <trkpt lat="42.7498749922961" lon="-71.99943831190467">
        <ele>374</ele>
      </trkpt>
      <trkpt lat="42.74986334145069" lon="-71.99970829300582">
        <ele>374</ele>
      </trkpt>
      <trkpt lat="42.74985998868942" lon="-71.99996997602284">
        <ele>374</ele>
      </trkpt>
      <trkpt lat="42.74983836337924" lon="-72.0002449862659">
        <ele>374</ele>
      </trkpt>
      <trkpt lat="42.74980500340462" lon="-72.00054002925754">
        <ele>373</ele>
      </trkpt>
      <trkpt lat="42.74977499619126" lon="-72.00088829733431">
        <ele>371</ele>
      </trkpt>
      <trkpt lat="42.74976166896522" lon="-72.00107663869858">
        <ele>371</ele>
      </trkpt>
      <trkpt lat="42.74974666535854" lon="-72.00127000920475">
        <ele>371</ele>
      </trkpt>
      <trkpt lat="42.7497333381325" lon="-72.00147503055632">
        <ele>371</ele>
      </trkpt>
      <trkpt lat="42.74972168728709" lon="-72.00167669914663">
        <ele>371</ele>
      </trkpt>
      <trkpt lat="42.74971330538392" lon="-72.00187501497567">
        <ele>372</ele>
      </trkpt>
      <trkpt lat="42.74970836006105" lon="-72.00206503272057">
        <ele>373</ele>
      </trkpt>
      <trkpt lat="42.74970500729978" lon="-72.00225496664643">
        <ele>374</ele>
      </trkpt>
      <trkpt lat="42.74970333091915" lon="-72.00261999852955">
        <ele>375</ele>
      </trkpt>
      <trkpt lat="42.74971330538392" lon="-72.00296499766409">
        <ele>377</ele>
      </trkpt>
      <trkpt lat="42.74971498176455" lon="-72.00332500040531">
        <ele>379</ele>
      </trkpt>
      <trkpt lat="42.74971162900329" lon="-72.00350998900831">
        <ele>380</ele>
      </trkpt>
      <trkpt lat="42.74971003644168" lon="-72.00387334451079">
        <ele>382</ele>
      </trkpt>
      <trkpt lat="42.74971003644168" lon="-72.00405833311379">
        <ele>383</ele>
      </trkpt>
      <trkpt lat="42.74970836006105" lon="-72.00424667447805">
        <ele>383</ele>
      </trkpt>
      <trkpt lat="42.74970668368042" lon="-72.00443836860359">
        <ele>383</ele>
      </trkpt>
      <trkpt lat="42.74971330538392" lon="-72.00463836081326">
        <ele>384</ele>
      </trkpt>
      <trkpt lat="42.74972998537123" lon="-72.00484497472644">
        <ele>384</ele>
      </trkpt>
      <trkpt lat="42.74975337088108" lon="-72.00503499247134">
        <ele>384</ele>
      </trkpt>
      <trkpt lat="42.74977499619126" lon="-72.0052283629775">
        <ele>384</ele>
      </trkpt>
      <trkpt lat="42.74979335255921" lon="-72.00542164966464">
        <ele>385</ele>
      </trkpt>
      <trkpt lat="42.74980500340462" lon="-72.00561166740954">
        <ele>385</ele>
      </trkpt>
      <trkpt lat="42.74981330148876" lon="-72.0058000087738">
        <ele>385</ele>
      </trkpt>
      <trkpt lat="42.74982168339193" lon="-72.00599497184157">
        <ele>385</ele>
      </trkpt>
      <trkpt lat="42.7498266287148" lon="-72.00619169510901">
        <ele>386</ele>
      </trkpt>
      <trkpt lat="42.74983668699861" lon="-72.00639001093805">
        <ele>386</ele>
      </trkpt>
      <trkpt lat="42.74985169060528" lon="-72.00658497400582">
        <ele>386</ele>
      </trkpt>
      <trkpt lat="42.74986166507006" lon="-72.00677666813135">
        <ele>387</ele>
      </trkpt>
      <trkpt lat="42.74986837059259" lon="-72.00697003863752">
        <ele>387</ele>
      </trkpt>
      <trkpt lat="42.74987163953483" lon="-72.00716835446656">
        <ele>388</ele>
      </trkpt>
      <trkpt lat="42.74988496676087" lon="-72.00735334306955">
        <ele>388</ele>
      </trkpt>
      <trkpt lat="42.74990667589009" lon="-72.00769498944283">
        <ele>390</ele>
      </trkpt>
      <trkpt lat="42.74990667589009" lon="-72.00787997804582">
        <ele>390</ele>
      </trkpt>
      <trkpt lat="42.74990332312882" lon="-72.00806664302945">
        <ele>391</ele>
      </trkpt>
      <trkpt lat="42.74989334866405" lon="-72.00825666077435">
        <ele>392</ele>
      </trkpt>
      <trkpt lat="42.74986334145069" lon="-72.00843829661608">
        <ele>392</ele>
      </trkpt>
      <trkpt lat="42.74976837448776" lon="-72.00877667404711">
        <ele>393</ele>
      </trkpt>
      <trkpt lat="42.74964331649244" lon="-72.00906501151621">
        <ele>394</ele>
      </trkpt>
      <trkpt lat="42.74952664040029" lon="-72.00927003286779">
        <ele>395</ele>
      </trkpt>
      <trkpt lat="42.74944332428277" lon="-72.00941998511553">
        <ele>395</ele>
      </trkpt>
      <trkpt lat="42.7494450006634" lon="-72.00964503921568">
        <ele>395</ele>
      </trkpt>
      <trkpt lat="42.74957165122032" lon="-72.00977998785675">
        <ele>396</ele>
      </trkpt>
      <trkpt lat="42.74974331259727" lon="-72.00987168587744">
        <ele>397</ele>
      </trkpt>
      <trkpt lat="42.74992167949677" lon="-72.00995332561433">
        <ele>398</ele>
      </trkpt>
      <trkpt lat="42.75005168281496" lon="-72.0100499689579">
        <ele>398</ele>
      </trkpt>
      <trkpt lat="42.75012829340994" lon="-72.0102399867028">
        <ele>399</ele>
      </trkpt>
      <trkpt lat="42.75012829340994" lon="-72.01049831695855">
        <ele>400</ele>
      </trkpt>
      <trkpt lat="42.75012996979058" lon="-72.01078497804701">
        <ele>401</ele>
      </trkpt>
      <trkpt lat="42.75013499893248" lon="-72.01108337379992">
        <ele>402</ele>
      </trkpt>
      <trkpt lat="42.75012670084834" lon="-72.0113933365792">
        <ele>402</ele>
      </trkpt>
      <trkpt lat="42.75011002086103" lon="-72.01168335042894">
        <ele>402</ele>
      </trkpt>
      <trkpt lat="42.7501133736223" lon="-72.01198501512408">
        <ele>401</ele>
      </trkpt>
      <trkpt lat="42.75011002086103" lon="-72.01229833066463">
        <ele>401</ele>
      </trkpt>
      <trkpt lat="42.75012334808707" lon="-72.01266336254776">
        <ele>400</ele>
      </trkpt>
      <trkpt lat="42.75013499893248" lon="-72.01285329647362">
        <ele>400</ele>
      </trkpt>
      <trkpt lat="42.75014832615852" lon="-72.01304331421852">
        <ele>400</ele>
      </trkpt>
      <trkpt lat="42.75016165338457" lon="-72.01323333196342">
        <ele>400</ele>
      </trkpt>
      <trkpt lat="42.75018503889441" lon="-72.0135866291821">
        <ele>400</ele>
      </trkpt>
      <trkpt lat="42.75020834058523" lon="-72.01393498107791">
        <ele>401</ele>
      </trkpt>
      <trkpt lat="42.75022837333381" lon="-72.01429330743849">
        <ele>402</ele>
      </trkpt>
      <trkpt lat="42.75023499503732" lon="-72.01449003070593">
        <ele>402</ele>
      </trkpt>
      <trkpt lat="42.75024329312146" lon="-72.01468331739306">
        <ele>403</ele>
      </trkpt>
      <trkpt lat="42.75025829672813" lon="-72.01487668789923">
        <ele>404</ele>
      </trkpt>
      <trkpt lat="42.75027170777321" lon="-72.01506670564413">
        <ele>405</ele>
      </trkpt>
      <trkpt lat="42.75028335861862" lon="-72.01525999233127">
        <ele>405</ele>
      </trkpt>
      <trkpt lat="42.75029500946403" lon="-72.01545998454094">
        <ele>406</ele>
      </trkpt>
      <trkpt lat="42.75030666030943" lon="-72.01566500589252">
        <ele>407</ele>
      </trkpt>
      <trkpt lat="42.75032334029675" lon="-72.01587002724409">
        <ele>408</ele>
      </trkpt>
      <trkpt lat="42.75034169666469" lon="-72.01607664115727">
        <ele>409</ele>
      </trkpt>
      <trkpt lat="42.75035670027137" lon="-72.01628333888948">
        <ele>410</ele>
      </trkpt>
      <trkpt lat="42.75037002749741" lon="-72.0164966583252">
        <ele>412</ele>
      </trkpt>
      <trkpt lat="42.75038503110409" lon="-72.01670830138028">
        <ele>413</ele>
      </trkpt>
      <trkpt lat="42.75040003471076" lon="-72.01691499911249">
        <ele>415</ele>
      </trkpt>
      <trkpt lat="42.75041998364031" lon="-72.01711163856089">
        <ele>417</ele>
      </trkpt>
      <trkpt lat="42.75043666362762" lon="-72.01730668544769">
        <ele>419</ele>
      </trkpt>
      <trkpt lat="42.75045501999557" lon="-72.0175033248961">
        <ele>421</ele>
      </trkpt>
      <trkpt lat="42.75047329254448" lon="-72.0176999643445">
        <ele>422</ele>
      </trkpt>
      <trkpt lat="42.75049164891243" lon="-72.0178950112313">
        <ele>424</ele>
      </trkpt>
      <trkpt lat="42.75050497613847" lon="-72.01809165067971">
        <ele>425</ele>
      </trkpt>
      <trkpt lat="42.75051830336452" lon="-72.01828837394714">
        <ele>427</ele>
      </trkpt>
      <trkpt lat="42.75053003802896" lon="-72.01848333701491">
        <ele>428</ele>
      </trkpt>
      <trkpt lat="42.75054504163563" lon="-72.01868165284395">
        <ele>429</ele>
      </trkpt>
      <trkpt lat="42.75055996142328" lon="-72.01887996867299">
        <ele>430</ele>
      </trkpt>
      <trkpt lat="42.75057337246835" lon="-72.01907836832106">
        <ele>431</ele>
      </trkpt>
      <trkpt lat="42.75058502331376" lon="-72.01927500776947">
        <ele>431</ele>
      </trkpt>
      <trkpt lat="42.7505866996944" lon="-72.0194733235985">
        <ele>431</ele>
      </trkpt>
      <trkpt lat="42.75057664141059" lon="-72.01966669410467">
        <ele>431</ele>
      </trkpt>
      <trkpt lat="42.75055333971977" lon="-72.01985830441117">
        <ele>430</ele>
      </trkpt>
      <trkpt lat="42.75052668526769" lon="-72.02004999853671">
        <ele>430</ele>
      </trkpt>
      <trkpt lat="42.75050832889974" lon="-72.0202349871397">
        <ele>428</ele>
      </trkpt>
      <trkpt lat="42.75050497613847" lon="-72.02042165212333">
        <ele>427</ele>
      </trkpt>
      <trkpt lat="42.75050665251911" lon="-72.02061669901013">
        <ele>425</ele>
      </trkpt>
      <trkpt lat="42.75052668526769" lon="-72.02081996016204">
        <ele>424</ele>
      </trkpt>
      <trkpt lat="42.75056666694582" lon="-72.02101835981011">
        <ele>423</ele>
      </trkpt>
      <trkpt lat="42.75061000138521" lon="-72.02121499925852">
        <ele>422</ele>
      </trkpt>
      <trkpt lat="42.75065836496651" lon="-72.02141666784883">
        <ele>420</ele>
      </trkpt>
      <trkpt lat="42.75069834664464" lon="-72.02162663452327">
        <ele>419</ele>
      </trkpt>
      <trkpt lat="42.75072835385799" lon="-72.02182503417134">
        <ele>417</ele>
      </trkpt>
      <trkpt lat="42.75074662640691" lon="-72.02201496809721">
        <ele>416</ele>
      </trkpt>
      <trkpt lat="42.75076003745198" lon="-72.0221983641386">
        <ele>414</ele>
      </trkpt>
      <trkpt lat="42.7507783100009" lon="-72.02251503244042">
        <ele>411</ele>
      </trkpt>
      <trkpt lat="42.75079163722694" lon="-72.0228133443743">
        <ele>410</ele>
      </trkpt>
      <trkpt lat="42.75079498998821" lon="-72.02304334379733">
        <ele>408</ele>
      </trkpt>
      <trkpt lat="42.75081334635615" lon="-72.02323336154222">
        <ele>407</ele>
      </trkpt>
      <trkpt lat="42.75081829167902" lon="-72.02346662990749">
        <ele>406</ele>
      </trkpt>
      <trkpt lat="42.75082332082093" lon="-72.02371498569846">
        <ele>405</ele>
      </trkpt>
      <trkpt lat="42.75083497166634" lon="-72.02403500676155">
        <ele>403</ele>
      </trkpt>
      <trkpt lat="42.75084335356951" lon="-72.02440833672881">
        <ele>402</ele>
      </trkpt>
      <trkpt lat="42.75085332803428" lon="-72.02460497617722">
        <ele>401</ele>
      </trkpt>
      <trkpt lat="42.75086162611842" lon="-72.02481167390943">
        <ele>400</ele>
      </trkpt>
      <trkpt lat="42.75086330249906" lon="-72.02502331696451">
        <ele>400</ele>
      </trkpt>
      <trkpt lat="42.75087000802159" lon="-72.02522666193545">
        <ele>399</ele>
      </trkpt>
      <trkpt lat="42.7508766297251" lon="-72.02542665414512">
        <ele>399</ele>
      </trkpt>
      <trkpt lat="42.750881658867" lon="-72.02562664635479">
        <ele>398</ele>
      </trkpt>
      <trkpt lat="42.750881658867" lon="-72.02582496218383">
        <ele>398</ele>
      </trkpt>
      <trkpt lat="42.75087830610573" lon="-72.02602168545127">
        <ele>397</ele>
      </trkpt>
      <trkpt lat="42.750881658867" lon="-72.02620667405427">
        <ele>397</ele>
      </trkpt>
      <trkpt lat="42.7508866880089" lon="-72.02656500041485">
        <ele>396</ele>
      </trkpt>
      <trkpt lat="42.75090001523495" lon="-72.02693665400147">
        <ele>395</ele>
      </trkpt>
      <trkpt lat="42.75090496055782" lon="-72.02712499536574">
        <ele>395</ele>
      </trkpt>
      <trkpt lat="42.75091669522226" lon="-72.02731836587191">
        <ele>395</ele>
      </trkpt>
      <trkpt lat="42.75093337520957" lon="-72.02752003446221">
        <ele>394</ele>
      </trkpt>
      <trkpt lat="42.75095332413912" lon="-72.02772329561412">
        <ele>393</ele>
      </trkpt>
      <trkpt lat="42.75097000412643" lon="-72.0279283169657">
        <ele>392</ele>
      </trkpt>
      <trkpt lat="42.75098500773311" lon="-72.02812504023314">
        <ele>391</ele>
      </trkpt>
      <trkpt lat="42.75100001133978" lon="-72.02832662500441">
        <ele>390</ele>
      </trkpt>
      <trkpt lat="42.7510233130306" lon="-72.02852670103312">
        <ele>389</ele>
      </trkpt>
      <trkpt lat="42.75104502215981" lon="-72.02873331494629">
        <ele>387</ele>
      </trkpt>
      <trkpt lat="42.75106832385063" lon="-72.02894336543977">
        <ele>386</ele>
      </trkpt>
      <trkpt lat="42.75108165107667" lon="-72.02915165573359">
        <ele>384</ele>
      </trkpt>
      <trkpt lat="42.75109665468335" lon="-72.02935500070453">
        <ele>383</ele>
      </trkpt>
      <trkpt lat="42.75110503658652" lon="-72.0295549929142">
        <ele>381</ele>
      </trkpt>
      <trkpt lat="42.75113495998085" lon="-72.02992832288146">
        <ele>379</ele>
      </trkpt>
      <trkpt lat="42.75112330913544" lon="-72.03016167506576">
        <ele>377</ele>
      </trkpt>
      <trkpt lat="42.75111836381257" lon="-72.03039335086942">
        <ele>376</ele>
      </trkpt>
      <trkpt lat="42.75111165829003" lon="-72.03061664476991">
        <ele>375</ele>
      </trkpt>
      <trkpt lat="42.75110000744462" lon="-72.03084169887006">
        <ele>373</ele>
      </trkpt>
      <trkpt lat="42.75109833106399" lon="-72.03105996362865">
        <ele>373</ele>
      </trkpt>
      <trkpt lat="42.75110168382525" lon="-72.03126666136086">
        <ele>372</ele>
      </trkpt>
      <trkpt lat="42.75110336020589" lon="-72.0314700063318">
        <ele>371</ele>
      </trkpt>
      <trkpt lat="42.75110830552876" lon="-72.03167167492211">
        <ele>371</ele>
      </trkpt>
      <trkpt lat="42.75110830552876" lon="-72.03186496160924">
        <ele>371</ele>
      </trkpt>
      <trkpt lat="42.75109330192208" lon="-72.03205003403127">
        <ele>371</ele>
      </trkpt>
      <trkpt lat="42.75106329470873" lon="-72.0322366990149">
        <ele>371</ele>
      </trkpt>
      <trkpt lat="42.75101996026933" lon="-72.03243166208267">
        <ele>371</ele>
      </trkpt>
      <trkpt lat="42.75097000412643" lon="-72.03263500705361">
        <ele>371</ele>
      </trkpt>
      <trkpt lat="42.75090831331909" lon="-72.03282997012138">
        <ele>371</ele>
      </trkpt>
      <trkpt lat="42.75084335356951" lon="-72.03302166424692">
        <ele>371</ele>
      </trkpt>
      <trkpt lat="42.75077663362026" lon="-72.03321503475308">
        <ele>371</ele>
      </trkpt>
      <trkpt lat="42.75070832110941" lon="-72.03341167420149">
        <ele>371</ele>
      </trkpt>
      <trkpt lat="42.7506416849792" lon="-72.03361166641116">
        <ele>371</ele>
      </trkpt>
      <trkpt lat="42.75057831779122" lon="-72.03380662947893">
        <ele>372</ele>
      </trkpt>
      <trkpt lat="42.75051335804164" lon="-72.034005029127">
        <ele>372</ele>
      </trkpt>
      <trkpt lat="42.7504466380924" lon="-72.03419831581414">
        <ele>372</ele>
      </trkpt>
      <trkpt lat="42.75038000196218" lon="-72.03439503908157">
        <ele>372</ele>
      </trkpt>
      <trkpt lat="42.75031168945134" lon="-72.03458497300744">
        <ele>372</ele>
      </trkpt>
      <trkpt lat="42.75024664588273" lon="-72.03476501628757">
        <ele>373</ele>
      </trkpt>
      <trkpt lat="42.75018503889441" lon="-72.03494665212929">
        <ele>373</ele>
      </trkpt>
      <trkpt lat="42.75012829340994" lon="-72.03512334264815">
        <ele>373</ele>
      </trkpt>
      <trkpt lat="42.7500716317445" lon="-72.03530497848988">
        <ele>373</ele>
      </trkpt>
      <trkpt lat="42.75001999922097" lon="-72.03549834899604">
        <ele>372</ele>
      </trkpt>
      <trkpt lat="42.74998169392347" lon="-72.03569498844445">
        <ele>370</ele>
      </trkpt>
      <trkpt lat="42.74995830841362" lon="-72.03589003533125">
        <ele>370</ele>
      </trkpt>
      <trkpt lat="42.74995001032948" lon="-72.03607996925712">
        <ele>369</ele>
      </trkpt>
      <trkpt lat="42.74995503947139" lon="-72.03626998700202">
        <ele>369</ele>
      </trkpt>
      <trkpt lat="42.74996333755553" lon="-72.03646168112755">
        <ele>368</ele>
      </trkpt>
      <trkpt lat="42.74996166117489" lon="-72.03665496781468">
        <ele>367</ele>
      </trkpt>
      <trkpt lat="42.74993835948408" lon="-72.03684666194022">
        <ele>366</ele>
      </trkpt>
      <trkpt lat="42.74989997036755" lon="-72.03704665414989">
        <ele>366</ele>
      </trkpt>
      <trkpt lat="42.74984833784401" lon="-72.03725167550147">
        <ele>365</ele>
      </trkpt>
      <trkpt lat="42.74978832341731" lon="-72.03745166771114">
        <ele>364</ele>
      </trkpt>
      <trkpt lat="42.74972663260996" lon="-72.03764503821731">
        <ele>363</ele>
      </trkpt>
      <trkpt lat="42.74967332370579" lon="-72.03783170320094">
        <ele>363</ele>
      </trkpt>
      <trkpt lat="42.74963334202766" lon="-72.0380150154233">
        <ele>362</ele>
      </trkpt>
      <trkpt lat="42.74962001480162" lon="-72.03820335678756">
        <ele>360</ele>
      </trkpt>
      <trkpt lat="42.74968170560896" lon="-72.0385382976383">
        <ele>358</ele>
      </trkpt>
      <trkpt lat="42.74975496344268" lon="-72.03881833702326">
        <ele>356</ele>
      </trkpt>
      <trkpt lat="42.74980667978525" lon="-72.03904833644629">
        <ele>354</ele>
      </trkpt>
      <trkpt lat="42.7498250361532" lon="-72.03923500142992">
        <ele>353</ele>
      </trkpt>
      <trkpt lat="42.74984163232148" lon="-72.0394516736269">
        <ele>352</ele>
      </trkpt>
      <trkpt lat="42.74984666146338" lon="-72.03976163640618">
        <ele>350</ele>
      </trkpt>
      <trkpt lat="42.74983668699861" lon="-72.03995500691235">
        <ele>350</ele>
      </trkpt>
      <trkpt lat="42.74981665425003" lon="-72.04018165357411">
        <ele>349</ele>
      </trkpt>
      <trkpt lat="42.74979335255921" lon="-72.04042833298445">
        <ele>349</ele>
      </trkpt>
      <trkpt lat="42.74977164342999" lon="-72.04066336154938">
        <ele>348</ele>
      </trkpt>
      <trkpt lat="42.74974163621664" lon="-72.04087165184319">
        <ele>348</ele>
      </trkpt>
      <trkpt lat="42.74966334924102" lon="-72.04116334207356">
        <ele>348</ele>
      </trkpt>
      <trkpt lat="42.74957500398159" lon="-72.04133835621178">
        <ele>349</ele>
      </trkpt>
      <trkpt lat="42.7494999859482" lon="-72.04149166122079">
        <ele>349</ele>
      </trkpt>
      <trkpt lat="42.749401666224" lon="-72.04168503172696">
        <ele>349</ele>
      </trkpt>
      <trkpt lat="42.74927501566708" lon="-72.0418899692595">
        <ele>350</ele>
      </trkpt>
      <trkpt lat="42.74917669594288" lon="-72.04208166338503">
        <ele>351</ele>
      </trkpt>
      <trkpt lat="42.74906664155424" lon="-72.04225164838135">
        <ele>352</ele>
      </trkpt>
      <trkpt lat="42.7489666454494" lon="-72.04239162616432">
        <ele>353</ele>
      </trkpt>
      <trkpt lat="42.74886497296393" lon="-72.04254836775362">
        <ele>353</ele>
      </trkpt>
      <trkpt lat="42.74874997325242" lon="-72.04272329807281">
        <ele>354</ele>
      </trkpt>
      <trkpt lat="42.74863170459867" lon="-72.0429449994117">
        <ele>355</ele>
      </trkpt>
      <trkpt lat="42.74851829744875" lon="-72.04321330413222">
        <ele>356</ele>
      </trkpt>
      <trkpt lat="42.74840665049851" lon="-72.04356333240867">
        <ele>358</ele>
      </trkpt>
      <trkpt lat="42.74835334159434" lon="-72.04374832101166">
        <ele>358</ele>
      </trkpt>
      <trkpt lat="42.7482966799289" lon="-72.04392836429179">
        <ele>359</ele>
      </trkpt>
      <trkpt lat="42.74818000383675" lon="-72.04426003620028">
        <ele>360</ele>
      </trkpt>
      <trkpt lat="42.74810833856463" lon="-72.0444249920547">
        <ele>360</ele>
      </trkpt>
      <trkpt lat="42.74802837520838" lon="-72.04458332620561">
        <ele>360</ele>
      </trkpt>
      <trkpt lat="42.74795000441372" lon="-72.04474836587906">
        <ele>360</ele>
      </trkpt>
      <trkpt lat="42.74788663722575" lon="-72.04491332173347">
        <ele>360</ele>
      </trkpt>
      <trkpt lat="42.74780499748886" lon="-72.04525496810675">
        <ele>360</ele>
      </trkpt>
      <trkpt lat="42.74778337217867" lon="-72.0456166472286">
        <ele>359</ele>
      </trkpt>
      <trkpt lat="42.74777163751423" lon="-72.04598670825362">
        <ele>358</ele>
      </trkpt>
      <trkpt lat="42.74776333943009" lon="-72.04617337323725">
        <ele>358</ele>
      </trkpt>
      <trkpt lat="42.74774330668151" lon="-72.04651669599116">
        <ele>358</ele>
      </trkpt>
      <trkpt lat="42.74770667776465" lon="-72.04686664044857">
        <ele>357</ele>
      </trkpt>
      <trkpt lat="42.74768664501607" lon="-72.04705162905157">
        <ele>357</ele>
      </trkpt>
      <trkpt lat="42.74766334332526" lon="-72.04723502509296">
        <ele>356</ele>
      </trkpt>
      <trkpt lat="42.74764004163444" lon="-72.04742001369596">
        <ele>356</ele>
      </trkpt>
      <trkpt lat="42.74762000888586" lon="-72.04760332591832">
        <ele>356</ele>
      </trkpt>
      <trkpt lat="42.74759000167251" lon="-72.04795670695603">
        <ele>355</ele>
      </trkpt>
      <trkpt lat="42.74758170358837" lon="-72.04826499335468">
        <ele>355</ele>
      </trkpt>
      <trkpt lat="42.74757499806583" lon="-72.04850999638438">
        <ele>354</ele>
      </trkpt>
      <trkpt lat="42.74756167083979" lon="-72.04869498498738">
        <ele>354</ele>
      </trkpt>
      <trkpt lat="42.74758329614997" lon="-72.0489183627069">
        <ele>353</ele>
      </trkpt>
      <trkpt lat="42.74765001609921" lon="-72.04907996580005">
        <ele>352</ele>
      </trkpt>
      <trkpt lat="42.74775336496532" lon="-72.0492500346154">
        <ele>351</ele>
      </trkpt>
      <trkpt lat="42.74785503745079" lon="-72.04944835044444">
        <ele>350</ele>
      </trkpt>
      <trkpt lat="42.74796836078167" lon="-72.04966996796429">
        <ele>349</ele>
      </trkpt>
      <trkpt lat="42.74809501133859" lon="-72.04989502206445">
        <ele>348</ele>
      </trkpt>
      <trkpt lat="42.74822166189551" lon="-72.05014999955893">
        <ele>347</ele>
      </trkpt>
      <trkpt lat="42.74837831966579" lon="-72.05038670450449">
        <ele>346</ele>
      </trkpt>
      <trkpt lat="42.74854335933924" lon="-72.0505949947983">
        <ele>345</ele>
      </trkpt>
      <trkpt lat="42.74869498796761" lon="-72.0508283469826">
        <ele>345</ele>
      </trkpt>
      <trkpt lat="42.74884670041502" lon="-72.05104837194085">
        <ele>345</ele>
      </trkpt>
      <trkpt lat="42.74899497628212" lon="-72.0512583386153">
        <ele>345</ele>
      </trkpt>
      <trkpt lat="42.74913663044572" lon="-72.05145665444434">
        <ele>345</ele>
      </trkpt>
      <trkpt lat="42.74923997931182" lon="-72.05167835578322">
        <ele>344</ele>
      </trkpt>
      <trkpt lat="42.74935665540397" lon="-72.05188170075417">
        <ele>344</ele>
      </trkpt>
      <trkpt lat="42.74946830235422" lon="-72.0520749874413">
        <ele>344</ele>
      </trkpt>
      <trkpt lat="42.74957668036222" lon="-72.05228168517351">
        <ele>343</ele>
      </trkpt>
      <trkpt lat="42.7496849745512" lon="-72.05251168459654">
        <ele>342</ele>
      </trkpt>
      <trkpt lat="42.74975169450045" lon="-72.05276666209102">
        <ele>342</ele>
      </trkpt>
      <trkpt lat="42.74981003254652" lon="-72.05300336703658">
        <ele>342</ele>
      </trkpt>
      <trkpt lat="42.74989167228341" lon="-72.05322003923357">
        <ele>342</ele>
      </trkpt>
      <trkpt lat="42.74998169392347" lon="-72.05344500951469">
        <ele>343</ele>
      </trkpt>
      <trkpt lat="42.75009669363499" lon="-72.05369001254439">
        <ele>349</ele>
      </trkpt>
      <trkpt lat="42.75021999143064" lon="-72.05390836112201">
        <ele>350</ele>
      </trkpt>
      <trkpt lat="42.75036332197487" lon="-72.05410332418978">
        <ele>351</ele>
      </trkpt>
      <trkpt lat="42.75052668526769" lon="-72.05429669469595">
        <ele>351</ele>
      </trkpt>
      <trkpt lat="42.75068996474147" lon="-72.05449501052499">
        <ele>350</ele>
      </trkpt>
      <trkpt lat="42.75084167718887" lon="-72.05471503548324">
        <ele>350</ele>
      </trkpt>
      <trkpt lat="42.75097830221057" lon="-72.05491670407355">
        <ele>349</ele>
      </trkpt>
      <trkpt lat="42.75111333467066" lon="-72.05509163439274">
        <ele>347</ele>
      </trkpt>
      <trkpt lat="42.75123503990471" lon="-72.05532498657703">
        <ele>346</ele>
      </trkpt>
      <trkpt lat="42.75135666131973" lon="-72.05555163323879">
        <ele>344</ele>
      </trkpt>
      <trkpt lat="42.75148331187665" lon="-72.05576830543578">
        <ele>342</ele>
      </trkpt>
      <trkpt lat="42.75161331519485" lon="-72.05600836314261">
        <ele>339</ele>
      </trkpt>
      <trkpt lat="42.7517350204289" lon="-72.05621330067515">
        <ele>336</ele>
      </trkpt>
      <trkpt lat="42.7518817037344" lon="-72.05639334395528">
        <ele>334</ele>
      </trkpt>
      <trkpt lat="42.75203165598214" lon="-72.05654832534492">
        <ele>332</ele>
      </trkpt>
      <trkpt lat="42.75218999013305" lon="-72.05666332505643">
        <ele>329</ele>
      </trkpt>
      <trkpt lat="42.75235000066459" lon="-72.05677497200668">
        <ele>327</ele>
      </trkpt>
      <trkpt lat="42.75252501480281" lon="-72.05691503360868">
        <ele>325</ele>
      </trkpt>
      <trkpt lat="42.75268502533436" lon="-72.05709331668913">
        <ele>323</ele>
      </trkpt>
      <trkpt lat="42.75282165035605" lon="-72.05731837078929">
        <ele>321</ele>
      </trkpt>
      <trkpt lat="42.75291997008026" lon="-72.05757996998727">
        <ele>319</ele>
      </trkpt>
      <trkpt lat="42.75300831533968" lon="-72.05786168575287">
        <ele>316</ele>
      </trkpt>
      <trkpt lat="42.75307000614703" lon="-72.05816829577088">
        <ele>314</ele>
      </trkpt>
      <trkpt lat="42.7530733589083" lon="-72.05844330601394">
        <ele>313</ele>
      </trkpt>
      <trkpt lat="42.75301996618509" lon="-72.05863164737821">
        <ele>313</ele>
      </trkpt>
      <trkpt lat="42.75294167920947" lon="-72.05884999595582">
        <ele>312</ele>
      </trkpt>
      <trkpt lat="42.75285165756941" lon="-72.05903330817819">
        <ele>312</ele>
      </trkpt>
      <trkpt lat="42.75275669060647" lon="-72.05923832952976">
        <ele>312</ele>
      </trkpt>
      <trkpt lat="42.75270329788327" lon="-72.05946665257215">
        <ele>313</ele>
      </trkpt>
      <trkpt lat="42.75270170532167" lon="-72.05968835391104">
        <ele>313</ele>
      </trkpt>
      <trkpt lat="42.75275501422584" lon="-72.05992832779884">
        <ele>312</ele>
      </trkpt>
      <trkpt lat="42.7527966722846" lon="-72.06011666916311">
        <ele>313</ele>
      </trkpt>
      <trkpt lat="42.75283162482083" lon="-72.06035496667027">
        <ele>313</ele>
      </trkpt>
      <trkpt lat="42.75285165756941" lon="-72.06058664247394">
        <ele>314</ele>
      </trkpt>
      <trkpt lat="42.75290664285421" lon="-72.06077666021883">
        <ele>315</ele>
      </trkpt>
      <trkpt lat="42.75299666449428" lon="-72.06092501990497">
        <ele>315</ele>
      </trkpt>
      <trkpt lat="42.75307503528893" lon="-72.06117496825755">
        <ele>316</ele>
      </trkpt>
      <trkpt lat="42.75308333337307" lon="-72.06139164045453">
        <ele>316</ele>
      </trkpt>
      <trkpt lat="42.75307503528893" lon="-72.061633374542">
        <ele>317</ele>
      </trkpt>
      <trkpt lat="42.75305332615972" lon="-72.06191835924983">
        <ele>318</ele>
      </trkpt>
      <trkpt lat="42.75301334448159" lon="-72.06220996566117">
        <ele>319</ele>
      </trkpt>
      <trkpt lat="42.75297503918409" lon="-72.06246670335531">
        <ele>319</ele>
      </trkpt>
      <trkpt lat="42.75292835198343" lon="-72.06272335723042">
        <ele>320</ele>
      </trkpt>
      <trkpt lat="42.75288669392467" lon="-72.06298998557031">
        <ele>321</ele>
      </trkpt>
      <trkpt lat="42.7528833411634" lon="-72.06323163583875">
        <ele>322</ele>
      </trkpt>
      <trkpt lat="42.75291334837675" lon="-72.06348334439099">
        <ele>322</ele>
      </trkpt>
      <trkpt lat="42.75296833366156" lon="-72.06380001269281">
        <ele>323</ele>
      </trkpt>
      <trkpt lat="42.75303832255304" lon="-72.06414165906608">
        <ele>324</ele>
      </trkpt>
      <trkpt lat="42.75307830423117" lon="-72.06446168012917">
        <ele>325</ele>
      </trkpt>
      <trkpt lat="42.75310168974102" lon="-72.06472503952682">
        <ele>326</ele>
      </trkpt>
      <trkpt lat="42.7531233150512" lon="-72.06501002423465">
        <ele>327</ele>
      </trkpt>
      <trkpt lat="42.75316170416772" lon="-72.06522837281227">
        <ele>328</ele>
      </trkpt>
      <trkpt lat="42.75321166031063" lon="-72.06545166671276">
        <ele>328</ele>
      </trkpt>
      <trkpt lat="42.75322834029794" lon="-72.06570002250373">
        <ele>329</ele>
      </trkpt>
      <trkpt lat="42.75323663838208" lon="-72.06593496724963">
        <ele>329</ele>
      </trkpt>
      <trkpt lat="42.75324837304652" lon="-72.06618835218251">
        <ele>329</ele>
      </trkpt>
      <trkpt lat="42.75329170748591" lon="-72.06639169715345">
        <ele>329</ele>
      </trkpt>
      <trkpt lat="42.75337669998407" lon="-72.06655003130436">
        <ele>329</ele>
      </trkpt>
      <trkpt lat="42.75347334332764" lon="-72.06670165993273">
        <ele>329</ele>
      </trkpt>
      <trkpt lat="42.75358666665852" lon="-72.06684499047697">
        <ele>328</ele>
      </trkpt>
      <trkpt lat="42.75373670272529" lon="-72.06705001182854">
        <ele>327</ele>
      </trkpt>
      <trkpt lat="42.75389998219907" lon="-72.06722997128963">
        <ele>326</ele>
      </trkpt>
      <trkpt lat="42.75404834188521" lon="-72.06737665459514">
        <ele>325</ele>
      </trkpt>
      <trkpt lat="42.75417499244213" lon="-72.06749333068728">
        <ele>324</ele>
      </trkpt>
      <trkpt lat="42.75430667214096" lon="-72.06759667955339">
        <ele>323</ele>
      </trkpt>
      <trkpt lat="42.75442996993661" lon="-72.06769332289696">
        <ele>322</ele>
      </trkpt>
      <trkpt lat="42.75456164963543" lon="-72.06779667176306">
        <ele>321</ele>
      </trkpt>
      <trkpt lat="42.75468335486948" lon="-72.06790337339044">
        <ele>320</ele>
      </trkpt>
      <trkpt lat="42.75479164905846" lon="-72.06807998009026">
        <ele>319</ele>
      </trkpt>
      <trkpt lat="42.75485166348517" lon="-72.06824837252498">
        <ele>319</ele>
      </trkpt>
      <trkpt lat="42.75495501235127" lon="-72.06846496090293">
        <ele>317</ele>
      </trkpt>
      <trkpt lat="42.75501167401671" lon="-72.06863670609891">
        <ele>316</ele>
      </trkpt>
      <trkpt lat="42.75510001927614" lon="-72.06884667277336">
        <ele>315</ele>
      </trkpt>
      <trkpt lat="42.7552349679172" lon="-72.06899997778237">
        <ele>314</ele>
      </trkpt>
      <trkpt lat="42.75540662929416" lon="-72.06907667219639">
        <ele>313</ele>
      </trkpt>
      <trkpt lat="42.75559002533555" lon="-72.06912830471992">
        <ele>313</ele>
      </trkpt>
      <trkpt lat="42.75576663203537" lon="-72.06913501024246">
        <ele>312</ele>
      </trkpt>
      <trkpt lat="42.75593829341233" lon="-72.06908664666116">
        <ele>312</ele>
      </trkpt>
      <trkpt lat="42.7561316639185" lon="-72.06902830861509">
        <ele>313</ele>
      </trkpt>
      <trkpt lat="42.75633500888944" lon="-72.0689466688782">
        <ele>314</ele>
      </trkpt>
      <trkpt lat="42.75654003024101" lon="-72.06886670552194">
        <ele>314</ele>
      </trkpt>
      <trkpt lat="42.7567582949996" lon="-72.0687999855727">
        <ele>314</ele>
      </trkpt>
      <trkpt lat="42.75696834549308" lon="-72.06873670220375">
        <ele>315</ele>
      </trkpt>
      <trkpt lat="42.75716833770275" lon="-72.06866168417037">
        <ele>315</ele>
      </trkpt>
      <trkpt lat="42.7573833335191" lon="-72.06859169527888">
        <ele>316</ele>
      </trkpt>
      <trkpt lat="42.75761500932276" lon="-72.06853168085217">
        <ele>316</ele>
      </trkpt>
      <trkpt lat="42.75785498321056" lon="-72.06849329173565">
        <ele>317</ele>
      </trkpt>
      <trkpt lat="42.75808498263359" lon="-72.06847669556737">
        <ele>318</ele>
      </trkpt>
      <trkpt lat="42.75828832760453" lon="-72.06850502640009">
        <ele>319</ele>
      </trkpt>
      <trkpt lat="42.75848337449133" lon="-72.06855665892363">
        <ele>320</ele>
      </trkpt>
      <trkpt lat="42.75868169032037" lon="-72.06860669888556">
        <ele>321</ele>
      </trkpt>
      <trkpt lat="42.75887832976878" lon="-72.06866830587387">
        <ele>322</ele>
      </trkpt>
      <trkpt lat="42.75909332558513" lon="-72.06872496753931">
        <ele>323</ele>
      </trkpt>
      <trkpt lat="42.75931829586625" lon="-72.06877500750124">
        <ele>324</ele>
      </trkpt>
      <trkpt lat="42.75953664444387" lon="-72.06882831640542">
        <ele>325</ele>
      </trkpt>
      <trkpt lat="42.75974996387959" lon="-72.06889168359339">
        <ele>327</ele>
      </trkpt>
      <trkpt lat="42.75995498523116" lon="-72.06897835247219">
        <ele>328</ele>
      </trkpt>
      <trkpt lat="42.76013502851129" lon="-72.06906166858971">
        <ele>328</ele>
      </trkpt>
      <trkpt lat="42.76028833352029" lon="-72.06915663555264">
        <ele>329</ele>
      </trkpt>
      <trkpt lat="42.76041498407722" lon="-72.06930164247751">
        <ele>329</ele>
      </trkpt>
      <trkpt lat="42.76052503846586" lon="-72.06946668215096">
        <ele>328</ele>
      </trkpt>
      <trkpt lat="42.76065504178405" lon="-72.06966164521873">
        <ele>327</ele>
      </trkpt>
      <trkpt lat="42.76080499403179" lon="-72.06984831020236">
        <ele>327</ele>
      </trkpt>
      <trkpt lat="42.76094832457602" lon="-72.07002667710185">
        <ele>327</ele>
      </trkpt>
      <trkpt lat="42.76108000427485" lon="-72.07023002207279">
        <ele>326</ele>
      </trkpt>
      <trkpt lat="42.76122501119971" lon="-72.0704266615212">
        <ele>325</ele>
      </trkpt>
      <trkpt lat="42.76137663982809" lon="-72.07060997374356">
        <ele>324</ele>
      </trkpt>
      <trkpt lat="42.76151502504945" lon="-72.07078666426241">
        <ele>322</ele>
      </trkpt>
      <trkpt lat="42.76162834838033" lon="-72.07094835117459">
        <ele>321</ele>
      </trkpt>
      <trkpt lat="42.7617366425693" lon="-72.07112504169345">
        <ele>318</ele>
      </trkpt>
      <trkpt lat="42.76181836612523" lon="-72.07130500115454">
        <ele>315</ele>
      </trkpt>
      <trkpt lat="42.7619699947536" lon="-72.07142997533083">
        <ele>313</ele>
      </trkpt>
      <trkpt lat="42.76216168887913" lon="-72.07151169888675">
        <ele>311</ele>
      </trkpt>
      <trkpt lat="42.76239168830216" lon="-72.07156333141029">
        <ele>309</ele>
      </trkpt>
      <trkpt lat="42.76262336410582" lon="-72.07158998586237">
        <ele>308</ele>
      </trkpt>
      <trkpt lat="42.76287498883903" lon="-72.07150834612548">
        <ele>310</ele>
      </trkpt>
      <trkpt lat="42.76299837045372" lon="-72.07143165171146">
        <ele>311</ele>
      </trkpt>
      <trkpt lat="42.76311663910747" lon="-72.07133165560663">
        <ele>313</ele>
      </trkpt>
      <trkpt lat="42.76322669349611" lon="-72.07121833227575">
        <ele>314</ele>
      </trkpt>
      <trkpt lat="42.76332501322031" lon="-72.07107500173151">
        <ele>316</ele>
      </trkpt>
      <trkpt lat="42.76341998018324" lon="-72.07092169672251">
        <ele>318</ele>
      </trkpt>
      <trkpt lat="42.76350832544267" lon="-72.07076503895223">
        <ele>319</ele>
      </trkpt>
      <trkpt lat="42.76360002346337" lon="-72.07059832289815">
        <ele>320</ele>
      </trkpt>
      <trkpt lat="42.76369331404567" lon="-72.0704316906631">
        <ele>321</ele>
      </trkpt>
      <trkpt lat="42.76378836482763" lon="-72.07026497460902">
        <ele>322</ele>
      </trkpt>
      <trkpt lat="42.76389665901661" lon="-72.07009834237397">
        <ele>322</ele>
      </trkpt>
      <trkpt lat="42.76401501148939" lon="-72.06993003375828">
        <ele>323</ele>
      </trkpt>
      <trkpt lat="42.76414333842695" lon="-72.06976164132357">
        <ele>323</ele>
      </trkpt>
      <trkpt lat="42.76426495984197" lon="-72.06958335824311">
        <ele>323</ele>
      </trkpt>
      <trkpt lat="42.76439169421792" lon="-72.06941496580839">
        <ele>323</ele>
      </trkpt>
      <trkpt lat="42.76452664285898" lon="-72.06925830803812">
        <ele>323</ele>
      </trkpt>
      <trkpt lat="42.76466335169971" lon="-72.06911665387452">
        <ele>323</ele>
      </trkpt>
      <trkpt lat="42.76479670777917" lon="-72.0689950324595">
        <ele>323</ele>
      </trkpt>
      <trkpt lat="42.76493333280087" lon="-72.06889998167753">
        <ele>323</ele>
      </trkpt>
      <trkpt lat="42.76507498696446" lon="-72.06883334554732">
        <ele>323</ele>
      </trkpt>
      <trkpt lat="42.76522829197347" lon="-72.06878498196602">
        <ele>323</ele>
      </trkpt>
      <trkpt lat="42.76538997888565" lon="-72.06875002942979">
        <ele>322</ele>
      </trkpt>
      <trkpt lat="42.76555669493973" lon="-72.06872999668121">
        <ele>322</ele>
      </trkpt>
      <trkpt lat="42.76573497802019" lon="-72.06872169859707">
        <ele>321</ele>
      </trkpt>
      <trkpt lat="42.76591334491968" lon="-72.06872999668121">
        <ele>321</ele>
      </trkpt>
      <trkpt lat="42.76609003543854" lon="-72.06874164752662">
        <ele>320</ele>
      </trkpt>
      <trkpt lat="42.76626664213836" lon="-72.0687566511333">
        <ele>320</ele>
      </trkpt>
      <trkpt lat="42.76643662713468" lon="-72.06876997835934">
        <ele>319</ele>
      </trkpt>
      <trkpt lat="42.76660166680813" lon="-72.06877836026251">
        <ele>319</ele>
      </trkpt>
      <trkpt lat="42.76676503010094" lon="-72.06878665834665">
        <ele>319</ele>
      </trkpt>
      <trkpt lat="42.76692663319409" lon="-72.06879336386919">
        <ele>319</ele>
      </trkpt>
      <trkpt lat="42.76708664372563" lon="-72.06880333833396">
        <ele>319</ele>
      </trkpt>
      <trkpt lat="42.7672366797924" lon="-72.06879001110792">
        <ele>319</ele>
      </trkpt>
      <trkpt lat="42.76738336309791" lon="-72.06876662559807">
        <ele>319</ele>
      </trkpt>
      <trkpt lat="42.76761998422444" lon="-72.06867668777704">
        <ele>319</ele>
      </trkpt>
      <trkpt lat="42.76777002029121" lon="-72.06854165531695">
        <ele>318</ele>
      </trkpt>
      <trkpt lat="42.76784503832459" lon="-72.06831668503582">
        <ele>317</ele>
      </trkpt>
      <trkpt lat="42.76792332530022" lon="-72.06804829649627">
        <ele>316</ele>
      </trkpt>
      <trkpt lat="42.76798501610756" lon="-72.06775166094303">
        <ele>316</ele>
      </trkpt>
      <trkpt lat="42.76805165223777" lon="-72.06743834540248">
        <ele>315</ele>
      </trkpt>
      <trkpt lat="42.76813329197466" lon="-72.06716165877879">
        <ele>315</ele>
      </trkpt>
      <trkpt lat="42.76824669912457" lon="-72.06699997186661">
        <ele>313</ele>
      </trkpt>
      <trkpt lat="42.76830168440938" lon="-72.06681003794074">
        <ele>313</ele>
      </trkpt>
      <trkpt lat="42.76832163333893" lon="-72.0665633585304">
        <ele>313</ele>
      </trkpt>
      <trkpt lat="42.76836832053959" lon="-72.06625498831272">
        <ele>316</ele>
      </trkpt>
      <trkpt lat="42.76840000413358" lon="-72.06606832332909">
        <ele>317</ele>
      </trkpt>
      <trkpt lat="42.76844333857298" lon="-72.06586162559688">
        <ele>318</ele>
      </trkpt>
      <trkpt lat="42.76850502938032" lon="-72.06563833169639">
        <ele>320</ele>
      </trkpt>
      <trkpt lat="42.7685750182718" lon="-72.0654049795121">
        <ele>322</ele>
      </trkpt>
      <trkpt lat="42.76865162886679" lon="-72.06515830010176">
        <ele>323</ele>
      </trkpt>
      <trkpt lat="42.76872497051954" lon="-72.06489670090377">
        <ele>324</ele>
      </trkpt>
      <trkpt lat="42.76879169046879" lon="-72.06462169066072">
        <ele>324</ele>
      </trkpt>
      <trkpt lat="42.7688532974571" lon="-72.06434500403702">
        <ele>325</ele>
      </trkpt>
      <trkpt lat="42.76890501379967" lon="-72.06405834294856">
        <ele>324</ele>
      </trkpt>
      <trkpt lat="42.76893837377429" lon="-72.06376497633755">
        <ele>322</ele>
      </trkpt>
      <trkpt lat="42.76896167546511" lon="-72.06347001716495">
        <ele>320</ele>
      </trkpt>
      <trkpt lat="42.76897500269115" lon="-72.06317329779267">
        <ele>320</ele>
      </trkpt>
      <trkpt lat="42.76896829716861" lon="-72.06287666223943">
        <ele>320</ele>
      </trkpt>
      <trkpt lat="42.7689500246197" lon="-72.06258329562843">
        <ele>321</ele>
      </trkpt>
      <trkpt lat="42.76891331188381" lon="-72.06229336559772">
        <ele>322</ele>
      </trkpt>
      <trkpt lat="42.76886503212154" lon="-72.06200670450926">
        <ele>323</ele>
      </trkpt>
      <trkpt lat="42.76881163939834" lon="-72.06172163598239">
        <ele>325</ele>
      </trkpt>
      <trkpt lat="42.76875665411353" lon="-72.06144168041646">
        <ele>325</ele>
      </trkpt>
      <trkpt lat="42.76870669797063" lon="-72.06116499379277">
        <ele>326</ele>
      </trkpt>
      <trkpt lat="42.76865833438933" lon="-72.06089165993035">
        <ele>326</ele>
      </trkpt>
      <trkpt lat="42.76860829442739" lon="-72.06063500605524">
        <ele>326</ele>
      </trkpt>
      <trkpt lat="42.76856001466513" lon="-72.06039830110967">
        <ele>326</ele>
      </trkpt>
      <trkpt lat="42.76850997470319" lon="-72.06017835997045">
        <ele>326</ele>
      </trkpt>
      <trkpt lat="42.76846496388316" lon="-72.05996998585761">
        <ele>326</ele>
      </trkpt>
      <trkpt lat="42.76843001134694" lon="-72.05978499725461">
        <ele>325</ele>
      </trkpt>
      <trkpt lat="42.76836832053959" lon="-72.05947168171406">
        <ele>325</ele>
      </trkpt>
      <trkpt lat="42.76833169162273" lon="-72.05921997316182">
        <ele>324</ele>
      </trkpt>
      <trkpt lat="42.7683733496815" lon="-72.0590066537261">
        <ele>322</ele>
      </trkpt>
      <trkpt lat="42.7685266546905" lon="-72.05888000316918">
        <ele>320</ele>
      </trkpt>
      <trkpt lat="42.76872002519667" lon="-72.05881169065833">
        <ele>319</ele>
      </trkpt>
      <trkpt lat="42.76895999908447" lon="-72.05872996710241">
        <ele>318</ele>
      </trkpt>
      <trkpt lat="42.76911162771285" lon="-72.05866668373346">
        <ele>317</ele>
      </trkpt>
      <trkpt lat="42.76925998739898" lon="-72.05859166570008">
        <ele>317</ele>
      </trkpt>
      <trkpt lat="42.76941002346575" lon="-72.05851497128606">
        <ele>316</ele>
      </trkpt>
      <trkpt lat="42.76955829933286" lon="-72.0584400370717">
        <ele>316</ele>
      </trkpt>
      <trkpt lat="42.76970665901899" lon="-72.05836334265769">
        <ele>315</ele>
      </trkpt>
      <trkpt lat="42.76985669508576" lon="-72.0582883246243">
        <ele>315</ele>
      </trkpt>
      <trkpt lat="42.77000497095287" lon="-72.05821163021028">
        <ele>314</ele>
      </trkpt>
      <trkpt lat="42.77015165425837" lon="-72.05813669599593">
        <ele>315</ele>
      </trkpt>
      <trkpt lat="42.77029330842197" lon="-72.05806335434318">
        <ele>316</ele>
      </trkpt>
      <trkpt lat="42.7704300172627" lon="-72.05799001269042">
        <ele>316</ele>
      </trkpt>
      <trkpt lat="42.77056664228439" lon="-72.05791499465704">
        <ele>317</ele>
      </trkpt>
      <trkpt lat="42.77070829644799" lon="-72.05784500576556">
        <ele>318</ele>
      </trkpt>
      <trkpt lat="42.77084835804999" lon="-72.05777836963534">
        <ele>319</ele>
      </trkpt>
      <trkpt lat="42.77099168859422" lon="-72.0577217079699">
        <ele>319</ele>
      </trkpt>
      <trkpt lat="42.77113669551909" lon="-72.05767502076924">
        <ele>319</ele>
      </trkpt>
      <trkpt lat="42.77128664776683" lon="-72.05763998441398">
        <ele>319</ele>
      </trkpt>
      <trkpt lat="42.77143836021423" lon="-72.05761668272316">
        <ele>319</ele>
      </trkpt>
      <trkpt lat="42.77159837074578" lon="-72.05759497359395">
        <ele>319</ele>
      </trkpt>
      <trkpt lat="42.77175670489669" lon="-72.05756664276123">
        <ele>319</ele>
      </trkpt>
      <trkpt lat="42.77190833352506" lon="-72.05753495916724">
        <ele>319</ele>
      </trkpt>
      <trkpt lat="42.7720566932112" lon="-72.05748835578561">
        <ele>319</ele>
      </trkpt>
      <trkpt lat="42.77221670374274" lon="-72.0574333705008">
        <ele>319</ele>
      </trkpt>
      <trkpt lat="42.77237998321652" lon="-72.05736832693219">
        <ele>319</ele>
      </trkpt>
      <trkpt lat="42.77254829183221" lon="-72.05729666166008">
        <ele>319</ele>
      </trkpt>
      <trkpt lat="42.77271668426692" lon="-72.05722834914923">
        <ele>319</ele>
      </trkpt>
      <trkpt lat="42.77288834564388" lon="-72.05716498196125">
        <ele>318</ele>
      </trkpt>
      <trkpt lat="42.77305665425956" lon="-72.05710337497294">
        <ele>318</ele>
      </trkpt>
      <trkpt lat="42.77322496287525" lon="-72.05704662948847">
        <ele>318</ele>
      </trkpt>
      <trkpt lat="42.77339670807123" lon="-72.05699499696493">
        <ele>317</ele>
      </trkpt>
      <trkpt lat="42.77356836944818" lon="-72.0569499861449">
        <ele>317</ele>
      </trkpt>
      <trkpt lat="42.7737282961607" lon="-72.05691168084741">
        <ele>317</ele>
      </trkpt>
      <trkpt lat="42.77388998307288" lon="-72.05688167363405">
        <ele>317</ele>
      </trkpt>
      <trkpt lat="42.77404664084315" lon="-72.05684999004006">
        <ele>317</ele>
      </trkpt>
      <trkpt lat="42.77419835329056" lon="-72.05682165920734">
        <ele>316</ele>
      </trkpt>
      <trkpt lat="42.7743533346802" lon="-72.05679165199399">
        <ele>316</ele>
      </trkpt>
      <trkpt lat="42.77451334521174" lon="-72.0567649975419">
        <ele>315</ele>
      </trkpt>
      <trkpt lat="42.77467167936265" lon="-72.05673666670918">
        <ele>315</ele>
      </trkpt>
      <trkpt lat="42.77483495883644" lon="-72.05670665949583">
        <ele>314</ele>
      </trkpt>
      <trkpt lat="42.77499329298735" lon="-72.05667329952121">
        <ele>314</ele>
      </trkpt>
      <trkpt lat="42.77515003457665" lon="-72.05663499422371">
        <ele>315</ele>
      </trkpt>
      <trkpt lat="42.7753050159663" lon="-72.05659333616495">
        <ele>316</ele>
      </trkpt>
      <trkpt lat="42.77545999735594" lon="-72.05654002726078">
        <ele>317</ele>
      </trkpt>
      <trkpt lat="42.77561330236495" lon="-72.0564700383693">
        <ele>318</ele>
      </trkpt>
      <trkpt lat="42.77575998567045" lon="-72.05638999119401">
        <ele>319</ele>
      </trkpt>
      <trkpt lat="42.77591169811785" lon="-72.05630667507648">
        <ele>320</ele>
      </trkpt>
      <trkpt lat="42.77606500312686" lon="-72.05622335895896">
        <ele>319</ele>
      </trkpt>
      <trkpt lat="42.77621830813587" lon="-72.05614834092557">
        <ele>319</ele>
      </trkpt>
      <trkpt lat="42.77637002058327" lon="-72.05608170479536">
        <ele>318</ele>
      </trkpt>
      <trkpt lat="42.77652332559228" lon="-72.05602336674929">
        <ele>318</ele>
      </trkpt>
      <trkpt lat="42.77667663060129" lon="-72.05597332678735">
        <ele>318</ele>
      </trkpt>
      <trkpt lat="42.77683664113283" lon="-72.05592831596732">
        <ele>317</ele>
      </trkpt>
      <trkpt lat="42.7769866771996" lon="-72.05588833428919">
        <ele>317</ele>
      </trkpt>
      <trkpt lat="42.77713830582798" lon="-72.05585497431457">
        <ele>316</ele>
      </trkpt>
      <trkpt lat="42.77729169465601" lon="-72.05582337453961">
        <ele>315</ele>
      </trkpt>
      <trkpt lat="42.77744332328439" lon="-72.05579495988786">
        <ele>314</ele>
      </trkpt>
      <trkpt lat="42.77759503573179" lon="-72.05576336011291">
        <ele>314</ele>
      </trkpt>
      <trkpt lat="42.77774498797953" lon="-72.05573167651892">
        <ele>315</ele>
      </trkpt>
      <trkpt lat="42.7778950240463" lon="-72.05570502206683">
        <ele>315</ele>
      </trkpt>
      <trkpt lat="42.77804329991341" lon="-72.05568834207952">
        <ele>316</ele>
      </trkpt>
      <trkpt lat="42.77829668484628" lon="-72.05566168762743">
        <ele>317</ele>
      </trkpt>
      <trkpt lat="42.77851997874677" lon="-72.05565330572426">
        <ele>319</ele>
      </trkpt>
      <trkpt lat="42.77873002924025" lon="-72.05565330572426">
        <ele>320</ele>
      </trkpt>
      <trkpt lat="42.7789016906172" lon="-72.05566663295031">
        <ele>321</ele>
      </trkpt>
      <trkpt lat="42.77905331924558" lon="-72.05569337122142">
        <ele>322</ele>
      </trkpt>
      <trkpt lat="42.77919664978981" lon="-72.05583502538502">
        <ele>324</ele>
      </trkpt>
      <trkpt lat="42.7792233042419" lon="-72.05610500648618">
        <ele>324</ele>
      </trkpt>
      <trkpt lat="42.77925498783588" lon="-72.05635998398066">
        <ele>325</ele>
      </trkpt>
      <trkpt lat="42.77929002419114" lon="-72.05665502697229">
        <ele>326</ele>
      </trkpt>
      <trkpt lat="42.77932832948864" lon="-72.05698166973889">
        <ele>325</ele>
      </trkpt>
      <trkpt lat="42.77938666753471" lon="-72.05732499249279">
        <ele>325</ele>
      </trkpt>
      <trkpt lat="42.77943000197411" lon="-72.05750335939229">
        <ele>326</ele>
      </trkpt>
      <trkpt lat="42.77947836555541" lon="-72.05768499523401">
        <ele>326</ele>
      </trkpt>
      <trkpt lat="42.77953335084021" lon="-72.05786000937223">
        <ele>326</ele>
      </trkpt>
      <trkpt lat="42.77958833612502" lon="-72.05803167074919">
        <ele>327</ele>
      </trkpt>
      <trkpt lat="42.77968665584922" lon="-72.05835169181228">
        <ele>328</ele>
      </trkpt>
      <trkpt lat="42.77976829558611" lon="-72.05861337482929">
        <ele>328</ele>
      </trkpt>
      <trkpt lat="42.77984163723886" lon="-72.05884496681392">
        <ele>328</ele>
      </trkpt>
      <trkpt lat="42.77992830611765" lon="-72.0590983517468">
        <ele>329</ele>
      </trkpt>
      <trkpt lat="42.78001832775772" lon="-72.0593933109194">
        <ele>329</ele>
      </trkpt>
      <trkpt lat="42.78014162555337" lon="-72.05966329202056">
        <ele>328</ele>
      </trkpt>
      <trkpt lat="42.78032166883349" lon="-72.05989002250135">
        <ele>328</ele>
      </trkpt>
      <trkpt lat="42.78043666854501" lon="-72.05999169498682">
        <ele>328</ele>
      </trkpt>
      <trkpt lat="42.78070002794266" lon="-72.06008666194975">
        <ele>328</ele>
      </trkpt>
      <trkpt lat="42.78083832934499" lon="-72.0601549744606">
        <ele>329</ele>
      </trkpt>
      <trkpt lat="42.78098501265049" lon="-72.06021498888731">
        <ele>329</ele>
      </trkpt>
      <trkpt lat="42.78112666681409" lon="-72.06026997417212">
        <ele>329</ele>
      </trkpt>
      <trkpt lat="42.78127167373896" lon="-72.06032169051468">
        <ele>329</ele>
      </trkpt>
      <trkpt lat="42.78140670619905" lon="-72.06038665026426">
        <ele>329</ele>
      </trkpt>
      <trkpt lat="42.78153830207884" lon="-72.06045337021351">
        <ele>329</ele>
      </trkpt>
      <trkpt lat="42.78167501091957" lon="-72.06049502827227">
        <ele>329</ele>
      </trkpt>
      <trkpt lat="42.78193166479468" lon="-72.06056334078312">
        <ele>329</ele>
      </trkpt>
      <trkpt lat="42.78218496590853" lon="-72.06064665690064">
        <ele>329</ele>
      </trkpt>
      <trkpt lat="42.78231664560735" lon="-72.06070667132735">
        <ele>329</ele>
      </trkpt>
      <trkpt lat="42.78245167806745" lon="-72.06078168936074">
        <ele>329</ele>
      </trkpt>
      <trkpt lat="42.78258335776627" lon="-72.0608733035624">
        <ele>328</ele>
      </trkpt>
      <trkpt lat="42.78269668109715" lon="-72.06099165603518">
        <ele>328</ele>
      </trkpt>
      <trkpt lat="42.78280170634389" lon="-72.06112333573401">
        <ele>328</ele>
      </trkpt>
      <trkpt lat="42.78289499692619" lon="-72.06126834265888">
        <ele>328</ele>
      </trkpt>
      <trkpt lat="42.78298669494689" lon="-72.06142500042915">
        <ele>328</ele>
      </trkpt>
      <trkpt lat="42.78308166190982" lon="-72.0615799818188">
        <ele>328</ele>
      </trkpt>
      <trkpt lat="42.78317503631115" lon="-72.06174166873097">
        <ele>328</ele>
      </trkpt>
      <trkpt lat="42.78327000327408" lon="-72.06189497373998">
        <ele>328</ele>
      </trkpt>
      <trkpt lat="42.78336664661765" lon="-72.06203998066485">
        <ele>328</ele>
      </trkpt>
      <trkpt lat="42.78354995884001" lon="-72.06225665286183">
        <ele>328</ele>
      </trkpt>
      <trkpt lat="42.78365498408675" lon="-72.06237835809588">
        <ele>328</ele>
      </trkpt>
      <trkpt lat="42.78375498019159" lon="-72.06251833587885">
        <ele>327</ele>
      </trkpt>
      <trkpt lat="42.78385329991579" lon="-72.06264666281641">
        <ele>327</ele>
      </trkpt>
      <trkpt lat="42.78395002707839" lon="-72.0627816952765">
        <ele>327</ele>
      </trkpt>
      <trkpt lat="42.78411163017154" lon="-72.06305502913892">
        <ele>326</ele>
      </trkpt>
      <trkpt lat="42.78425169177353" lon="-72.06334831193089">
        <ele>325</ele>
      </trkpt>
      <trkpt lat="42.7843966986984" lon="-72.0635983441025">
        <ele>325</ele>
      </trkpt>
      <trkpt lat="42.78454665094614" lon="-72.06388332881033">
        <ele>325</ele>
      </trkpt>
      <trkpt lat="42.78466835618019" lon="-72.06415833905339">
        <ele>324</ele>
      </trkpt>
      <trkpt lat="42.78478662483394" lon="-72.06444500014186">
        <ele>324</ele>
      </trkpt>
      <trkpt lat="42.78491000644863" lon="-72.0647950284183">
        <ele>324</ele>
      </trkpt>
      <trkpt lat="42.78497002087533" lon="-72.06500164233148">
        <ele>324</ele>
      </trkpt>
      <trkpt lat="42.78503330424428" lon="-72.06517330370843">
        <ele>323</ele>
      </trkpt>
      <trkpt lat="42.78508996590972" lon="-72.06536835059524">
        <ele>322</ele>
      </trkpt>
      <trkpt lat="42.7851533330977" lon="-72.06555836834013">
        <ele>322</ele>
      </trkpt>
      <trkpt lat="42.78521829284728" lon="-72.065748302266">
        <ele>321</ele>
      </trkpt>
      <trkpt lat="42.78528501279652" lon="-72.06594670191407">
        <ele>321</ele>
      </trkpt>
      <trkpt lat="42.78536003082991" lon="-72.06614166498184">
        <ele>320</ele>
      </trkpt>
      <trkpt lat="42.78543496504426" lon="-72.06633830443025">
        <ele>319</ele>
      </trkpt>
      <trkpt lat="42.78550998307765" lon="-72.06653502769768">
        <ele>319</ele>
      </trkpt>
      <trkpt lat="42.78559003025293" lon="-72.06671498715878">
        <ele>319</ele>
      </trkpt>
      <trkpt lat="42.78567166998982" lon="-72.06686829216778">
        <ele>320</ele>
      </trkpt>
      <trkpt lat="42.78575330972672" lon="-72.06702335737646">
        <ele>320</ele>
      </trkpt>
      <trkpt lat="42.78583000414073" lon="-72.06719669513404">
        <ele>320</ele>
      </trkpt>
      <trkpt lat="42.78590669855475" lon="-72.06738503649831">
        <ele>320</ele>
      </trkpt>
      <trkpt lat="42.78598666191101" lon="-72.06758829765022">
        <ele>320</ele>
      </trkpt>
      <trkpt lat="42.78606503270566" lon="-72.06777663901448">
        <ele>321</ele>
      </trkpt>
      <trkpt lat="42.78614499606192" lon="-72.0679516531527">
        <ele>322</ele>
      </trkpt>
      <trkpt lat="42.78621833771467" lon="-72.06812331452966">
        <ele>322</ele>
      </trkpt>
      <trkpt lat="42.78627835214138" lon="-72.06829832866788">
        <ele>323</ele>
      </trkpt>
      <trkpt lat="42.78633333742619" lon="-72.0684683136642">
        <ele>324</ele>
      </trkpt>
      <trkpt lat="42.78640835545957" lon="-72.06879336386919">
        <ele>325</ele>
      </trkpt>
      <trkpt lat="42.78645001351833" lon="-72.06897332333028">
        <ele>325</ele>
      </trkpt>
      <trkpt lat="42.78649996966124" lon="-72.06916996277869">
        <ele>326</ele>
      </trkpt>
      <trkpt lat="42.78655503876507" lon="-72.06937003880739">
        <ele>326</ele>
      </trkpt>
      <trkpt lat="42.78661329299212" lon="-72.0695666782558">
        <ele>327</ele>
      </trkpt>
      <trkpt lat="42.78668001294136" lon="-72.06975837238133">
        <ele>327</ele>
      </trkpt>
      <trkpt lat="42.78674664907157" lon="-72.0699533354491">
        <ele>328</ele>
      </trkpt>
      <trkpt lat="42.78681663796306" lon="-72.0701383240521">
        <ele>329</ele>
      </trkpt>
      <trkpt lat="42.78688503429294" lon="-72.07031501457095">
        <ele>330</ele>
      </trkpt>
      <trkpt lat="42.78695502318442" lon="-72.07048332318664">
        <ele>331</ele>
      </trkpt>
      <trkpt lat="42.78702836483717" lon="-72.07064165733755">
        <ele>332</ele>
      </trkpt>
      <trkpt lat="42.78715836815536" lon="-72.07095664925873">
        <ele>334</ele>
      </trkpt>
      <trkpt lat="42.78728669509292" lon="-72.07127499394119">
        <ele>335</ele>
      </trkpt>
      <trkpt lat="42.78735333122313" lon="-72.07143668085337">
        <ele>336</ele>
      </trkpt>
      <trkpt lat="42.78742499649525" lon="-72.07159333862364">
        <ele>337</ele>
      </trkpt>
      <trkpt lat="42.78756329789758" lon="-72.0719066541642">
        <ele>337</ele>
      </trkpt>
      <trkpt lat="42.78763169422746" lon="-72.07206834107637">
        <ele>337</ele>
      </trkpt>
      <trkpt lat="42.78770335949957" lon="-72.07223002798855">
        <ele>337</ele>
      </trkpt>
      <trkpt lat="42.78777829371393" lon="-72.07239498384297">
        <ele>338</ele>
      </trkpt>
      <trkpt lat="42.78785331174731" lon="-72.07256329245865">
        <ele>338</ele>
      </trkpt>
      <trkpt lat="42.78792497701943" lon="-72.0727283321321">
        <ele>338</ele>
      </trkpt>
      <trkpt lat="42.78800334781408" lon="-72.07289831712842">
        <ele>339</ele>
      </trkpt>
      <trkpt lat="42.78809001669288" lon="-72.07306830212474">
        <ele>340</ele>
      </trkpt>
      <trkpt lat="42.78816662728786" lon="-72.07323334179819">
        <ele>340</ele>
      </trkpt>
      <trkpt lat="42.78830165974796" lon="-72.07350332289934">
        <ele>342</ele>
      </trkpt>
      <trkpt lat="42.78841665945947" lon="-72.07375167869031">
        <ele>342</ele>
      </trkpt>
      <trkpt lat="42.78852503746748" lon="-72.0739749725908">
        <ele>342</ele>
      </trkpt>
      <trkpt lat="42.78862830251455" lon="-72.07420170307159">
        <ele>343</ele>
      </trkpt>
      <trkpt lat="42.78872670605779" lon="-72.07442667335272">
        <ele>343</ele>
      </trkpt>
      <trkpt lat="42.78882502578199" lon="-72.07461501471698">
        <ele>344</ele>
      </trkpt>
      <trkpt lat="42.7889349963516" lon="-72.07482003606856">
        <ele>345</ele>
      </trkpt>
      <trkpt lat="42.78905167244375" lon="-72.07505498081446">
        <ele>346</ele>
      </trkpt>
      <trkpt lat="42.78917664662004" lon="-72.07530501298606">
        <ele>347</ele>
      </trkpt>
      <trkpt lat="42.78929667547345" lon="-72.07556837238371">
        <ele>347</ele>
      </trkpt>
      <trkpt lat="42.78940329328179" lon="-72.07584665156901">
        <ele>347</ele>
      </trkpt>
      <trkpt lat="42.78949834406376" lon="-72.07615166902542">
        <ele>345</ele>
      </trkpt>
      <trkpt lat="42.78957663103938" lon="-72.076509995386">
        <ele>344</ele>
      </trkpt>
      <trkpt lat="42.78961166739464" lon="-72.07669003866613">
        <ele>343</ele>
      </trkpt>
      <trkpt lat="42.78967830352485" lon="-72.07702330313623">
        <ele>344</ele>
      </trkpt>
      <trkpt lat="42.78974669985473" lon="-72.0773699786514">
        <ele>344</ele>
      </trkpt>
      <trkpt lat="42.78982833959162" lon="-72.07770500332117">
        <ele>345</ele>
      </trkpt>
      <trkpt lat="42.78995163738728" lon="-72.07800666801631">
        <ele>347</ele>
      </trkpt>
      <trkpt lat="42.79009999707341" lon="-72.07826835103333">
        <ele>348</ele>
      </trkpt>
      <trkpt lat="42.79027668759227" lon="-72.07848502323031">
        <ele>348</ele>
      </trkpt>
      <trkpt lat="42.79045664705336" lon="-72.07867504097521">
        <ele>349</ele>
      </trkpt>
      <trkpt lat="42.79063836671412" lon="-72.07887000404298">
        <ele>351</ele>
      </trkpt>
      <trkpt lat="42.79083835892379" lon="-72.07905499264598">
        <ele>354</ele>
      </trkpt>
      <trkpt lat="42.79107330366969" lon="-72.07921500317752">
        <ele>354</ele>
      </trkpt>
      <trkpt lat="42.79120665974915" lon="-72.07928163930774">
        <ele>354</ele>
      </trkpt>
      <trkpt lat="42.79133666306734" lon="-72.07934333011508">
        <ele>354</ele>
      </trkpt>
      <trkpt lat="42.79146666638553" lon="-72.07940502092242">
        <ele>353</ele>
      </trkpt>
      <trkpt lat="42.79159834608436" lon="-72.0794750098139">
        <ele>353</ele>
      </trkpt>
      <trkpt lat="42.79172834940255" lon="-72.07954332232475">
        <ele>353</ele>
      </trkpt>
      <trkpt lat="42.79185499995947" lon="-72.07960836589336">
        <ele>353</ele>
      </trkpt>
      <trkpt lat="42.79210167936981" lon="-72.07974666729569">
        <ele>352</ele>
      </trkpt>
      <trkpt lat="42.79234668239951" lon="-72.07988002337515">
        <ele>352</ele>
      </trkpt>
      <trkpt lat="42.79259830713272" lon="-72.08001329563558">
        <ele>352</ele>
      </trkpt>
      <trkpt lat="42.79284498654306" lon="-72.08012997172773">
        <ele>351</ele>
      </trkpt>
      <trkpt lat="42.7930966950953" lon="-72.08023332059383">
        <ele>349</ele>
      </trkpt>
      <trkpt lat="42.79334664344788" lon="-72.08033666945994">
        <ele>348</ele>
      </trkpt>
      <trkpt lat="42.79359499923885" lon="-72.08045837469399">
        <ele>348</ele>
      </trkpt>
      <trkpt lat="42.7937233261764" lon="-72.0805199816823">
        <ele>347</ele>
      </trkpt>
      <trkpt lat="42.7938583586365" lon="-72.08057999610901">
        <ele>347</ele>
      </trkpt>
      <trkpt lat="42.79410998336971" lon="-72.08070329390466">
        <ele>347</ele>
      </trkpt>
      <trkpt lat="42.79435331001878" lon="-72.08083002828062">
        <ele>346</ele>
      </trkpt>
      <trkpt lat="42.7945716585964" lon="-72.080949973315">
        <ele>347</ele>
      </trkpt>
      <trkpt lat="42.79476335272193" lon="-72.08105499856174">
        <ele>347</ele>
      </trkpt>
      <trkpt lat="42.79492336325347" lon="-72.08116664551198">
        <ele>347</ele>
      </trkpt>
      <trkpt lat="42.79505169019103" lon="-72.08133336156607">
        <ele>347</ele>
      </trkpt>
      <trkpt lat="42.79516668990254" lon="-72.08155330270529">
        <ele>347</ele>
      </trkpt>
      <trkpt lat="42.79529669322073" lon="-72.08176335319877">
        <ele>347</ele>
      </trkpt>
      <trkpt lat="42.7954366710037" lon="-72.08196669816971">
        <ele>347</ele>
      </trkpt>
      <trkpt lat="42.79560330323875" lon="-72.08215336315334">
        <ele>348</ele>
      </trkpt>
      <trkpt lat="42.79577169567347" lon="-72.08235997706652">
        <ele>348</ele>
      </trkpt>
      <trkpt lat="42.79593329876661" lon="-72.0825816784054">
        <ele>348</ele>
      </trkpt>
      <trkpt lat="42.79608501121402" lon="-72.08282165229321">
        <ele>349</ele>
      </trkpt>
      <trkpt lat="42.79621995985508" lon="-72.08306162618101">
        <ele>350</ele>
      </trkpt>
      <trkpt lat="42.79633831232786" lon="-72.08330662921071">
        <ele>350</ele>
      </trkpt>
      <trkpt lat="42.79645163565874" lon="-72.08354165777564">
        <ele>352</ele>
      </trkpt>
      <trkpt lat="42.79656998813152" lon="-72.08374835550785">
        <ele>353</ele>
      </trkpt>
      <trkpt lat="42.79668498784304" lon="-72.0839200168848">
        <ele>354</ele>
      </trkpt>
      <trkpt lat="42.7967816311866" lon="-72.08409670740366">
        <ele>355</ele>
      </trkpt>
      <trkpt lat="42.79688498005271" lon="-72.08425001241267">
        <ele>356</ele>
      </trkpt>
      <trkpt lat="42.79699662700295" lon="-72.08446668460965">
        <ele>357</ele>
      </trkpt>
      <trkpt lat="42.79709829948843" lon="-72.08468830212951">
        <ele>359</ele>
      </trkpt>
      <trkpt lat="42.79722335748374" lon="-72.08486331626773">
        <ele>360</ele>
      </trkpt>
      <trkpt lat="42.79737330973148" lon="-72.08501167595387">
        <ele>360</ele>
      </trkpt>
      <trkpt lat="42.79751337133348" lon="-72.08513170480728">
        <ele>361</ele>
      </trkpt>
      <trkpt lat="42.7976400218904" lon="-72.08523999899626">
        <ele>361</ele>
      </trkpt>
      <trkpt lat="42.79777999967337" lon="-72.08536329679191">
        <ele>362</ele>
      </trkpt>
      <trkpt lat="42.79793833382428" lon="-72.0854933001101">
        <ele>362</ele>
      </trkpt>
      <trkpt lat="42.79810664243996" lon="-72.08563830703497">
        <ele>363</ele>
      </trkpt>
      <trkpt lat="42.79826330021024" lon="-72.08577836863697">
        <ele>363</ele>
      </trkpt>
      <trkpt lat="42.79843663796782" lon="-72.0859166700393">
        <ele>363</ele>
      </trkpt>
      <trkpt lat="42.79859832488" lon="-72.08603669889271">
        <ele>362</ele>
      </trkpt>
      <trkpt lat="42.79872832819819" lon="-72.08612336777151">
        <ele>362</ele>
      </trkpt>
      <trkpt lat="42.7988800406456" lon="-72.08622168749571">
        <ele>361</ele>
      </trkpt>
      <trkpt lat="42.79905832372606" lon="-72.08634163253009">
        <ele>360</ele>
      </trkpt>
      <trkpt lat="42.79922830872238" lon="-72.08645663224161">
        <ele>359</ele>
      </trkpt>
      <trkpt lat="42.79939167201519" lon="-72.08655998110771">
        <ele>358</ele>
      </trkpt>
      <trkpt lat="42.79954170808196" lon="-72.08666835911572">
        <ele>356</ele>
      </trkpt>
      <trkpt lat="42.79968000948429" lon="-72.08681168965995">
        <ele>355</ele>
      </trkpt>
      <trkpt lat="42.79981495812535" lon="-72.08698829635978">
        <ele>354</ele>
      </trkpt>
      <trkpt lat="42.79995669610798" lon="-72.08724000491202">
        <ele>352</ele>
      </trkpt>
      <trkpt lat="42.80008996836841" lon="-72.08749330602586">
        <ele>351</ele>
      </trkpt>
      <trkpt lat="42.8002133499831" lon="-72.08771836012602">
        <ele>352</ele>
      </trkpt>
      <trkpt lat="42.80033002607524" lon="-72.08793830126524">
        <ele>352</ele>
      </trkpt>
      <trkpt lat="42.80040169134736" lon="-72.08813502453268">
        <ele>352</ele>
      </trkpt>
      <trkpt lat="42.80046665109694" lon="-72.08832336589694">
        <ele>352</ele>
      </trkpt>
      <trkpt lat="42.80054837465286" lon="-72.08854003809392">
        <ele>354</ele>
      </trkpt>
      <trkpt lat="42.80062003992498" lon="-72.08876333199441">
        <ele>355</ele>
      </trkpt>
      <trkpt lat="42.80069497413933" lon="-72.08893499337137">
        <ele>356</ele>
      </trkpt>
      <trkpt lat="42.80079497024417" lon="-72.08907497115433">
        <ele>357</ele>
      </trkpt>
      <trkpt lat="42.8009367082268" lon="-72.08920832723379">
        <ele>358</ele>
      </trkpt>
      <trkpt lat="42.80108003877103" lon="-72.08928996697068">
        <ele>359</ele>
      </trkpt>
      <trkpt lat="42.80122336931527" lon="-72.08938996307552">
        <ele>360</ele>
      </trkpt>
      <trkpt lat="42.80136334709823" lon="-72.0895083155483">
        <ele>361</ele>
      </trkpt>
      <trkpt lat="42.80149997211993" lon="-72.08963169716299">
        <ele>362</ele>
      </trkpt>
      <trkpt lat="42.8016566298902" lon="-72.08978164941072">
        <ele>363</ele>
      </trkpt>
      <trkpt lat="42.80181831680238" lon="-72.08992330357432">
        <ele>364</ele>
      </trkpt>
      <trkpt lat="42.80195829458535" lon="-72.09004165604711">
        <ele>364</ele>
      </trkpt>
      <trkpt lat="42.8020850289613" lon="-72.09014332853258">
        <ele>364</ele>
      </trkpt>
      <trkpt lat="42.80225501395762" lon="-72.09028498269618">
        <ele>364</ele>
      </trkpt>
      <trkpt lat="42.80238996259868" lon="-72.0903616771102">
        <ele>364</ele>
      </trkpt>
      <trkpt lat="42.80256330035627" lon="-72.09049000404775">
        <ele>363</ele>
      </trkpt>
      <trkpt lat="42.80269330367446" lon="-72.09059335291386">
        <ele>363</ele>
      </trkpt>
      <trkpt lat="42.80284836888313" lon="-72.09069502539933">
        <ele>362</ele>
      </trkpt>
      <trkpt lat="42.80304836109281" lon="-72.0908033195883">
        <ele>361</ele>
      </trkpt>
      <trkpt lat="42.80324667692184" lon="-72.09090834483504">
        <ele>360</ele>
      </trkpt>
      <trkpt lat="42.80343837104738" lon="-72.09102166816592">
        <ele>359</ele>
      </trkpt>
      <trkpt lat="42.80365495942533" lon="-72.09114664234221">
        <ele>359</ele>
      </trkpt>
      <trkpt lat="42.80386836268008" lon="-72.09123498760164">
        <ele>359</ele>
      </trkpt>
      <trkpt lat="42.80401999130845" lon="-72.09128829650581">
        <ele>359</ele>
      </trkpt>
      <trkpt lat="42.8041916526854" lon="-72.09134495817125">
        <ele>359</ele>
      </trkpt>
      <trkpt lat="42.80436666682363" lon="-72.09137831814587">
        <ele>359</ele>
      </trkpt>
      <trkpt lat="42.80454830266535" lon="-72.09142668172717">
        <ele>360</ele>
      </trkpt>
      <trkpt lat="42.80469498597085" lon="-72.0914666634053">
        <ele>360</ele>
      </trkpt>
      <trkpt lat="42.80487502925098" lon="-72.09153665229678">
        <ele>360</ele>
      </trkpt>
      <trkpt lat="42.80504669062793" lon="-72.09155668504536">
        <ele>360</ele>
      </trkpt>
      <trkpt lat="42.80519496649504" lon="-72.09162164479494">
        <ele>361</ele>
      </trkpt>
      <trkpt lat="42.80534164980054" lon="-72.09167998284101">
        <ele>362</ele>
      </trkpt>
      <trkpt lat="42.80552001670003" lon="-72.09173002280295">
        <ele>363</ele>
      </trkpt>
      <trkpt lat="42.80564666725695" lon="-72.09183496423066">
        <ele>364</ele>
      </trkpt>
      <trkpt lat="42.80574498698115" lon="-72.09203001111746">
        <ele>365</ele>
      </trkpt>
      <trkpt lat="42.80584833584726" lon="-72.09217501804233">
        <ele>366</ele>
      </trkpt>
      <trkpt lat="42.80599166639149" lon="-72.0923266466707">
        <ele>368</ele>
      </trkpt>
      <trkpt lat="42.80612334609032" lon="-72.0924733299762">
        <ele>369</ele>
      </trkpt>
      <trkpt lat="42.8062483202666" lon="-72.09260836243629">
        <ele>371</ele>
      </trkpt>
      <trkpt lat="42.80636331997812" lon="-72.09273166023195">
        <ele>372</ele>
      </trkpt>
      <trkpt lat="42.80651503242552" lon="-72.09291170351207">
        <ele>374</ele>
      </trkpt>
      <trkpt lat="42.80658166855574" lon="-72.09308663383126">
        <ele>375</ele>
      </trkpt>
      <trkpt lat="42.80663665384054" lon="-72.09326667711139">
        <ele>376</ele>
      </trkpt>
      <trkpt lat="42.80671670101583" lon="-72.09351662546396">
        <ele>378</ele>
      </trkpt>
      <trkpt lat="42.80676330439746" lon="-72.09377001039684">
        <ele>379</ele>
      </trkpt>
      <trkpt lat="42.80679163523018" lon="-72.09397670812905">
        <ele>380</ele>
      </trkpt>
      <trkpt lat="42.80685835517943" lon="-72.09421332925558">
        <ele>381</ele>
      </trkpt>
      <trkpt lat="42.80692331492901" lon="-72.09446336142719">
        <ele>383</ele>
      </trkpt>
      <trkpt lat="42.80701501294971" lon="-72.09467835724354">
        <ele>384</ele>
      </trkpt>
      <trkpt lat="42.80716664157808" lon="-72.09483333863318">
        <ele>386</ele>
      </trkpt>
      <trkpt lat="42.80729664489627" lon="-72.09489997476339">
        <ele>388</ele>
      </trkpt>
      <trkpt lat="42.80744332820177" lon="-72.09507666528225">
        <ele>390</ele>
      </trkpt>
      <trkpt lat="42.80759504064918" lon="-72.09523164667189">
        <ele>391</ele>
      </trkpt>
      <trkpt lat="42.80769998207688" lon="-72.0953833591193">
        <ele>392</ele>
      </trkpt>
      <trkpt lat="42.80779000371695" lon="-72.09553498774767">
        <ele>393</ele>
      </trkpt>
      <trkpt lat="42.80793333426118" lon="-72.09567664191127">
        <ele>393</ele>
      </trkpt>
      <trkpt lat="42.80807834118605" lon="-72.0957766380161">
        <ele>394</ele>
      </trkpt>
      <trkpt lat="42.80823332257569" lon="-72.09587168879807">
        <ele>395</ele>
      </trkpt>
      <trkpt lat="42.80841998755932" lon="-72.09593002684414">
        <ele>395</ele>
      </trkpt>
      <trkpt lat="42.80862333253026" lon="-72.09599833935499">
        <ele>396</ele>
      </trkpt>
      <trkpt lat="42.80878996476531" lon="-72.09609330631793">
        <ele>396</ele>
      </trkpt>
      <trkpt lat="42.80894502997398" lon="-72.0962066296488">
        <ele>397</ele>
      </trkpt>
      <trkpt lat="42.80908165499568" lon="-72.09631165489554">
        <ele>397</ele>
      </trkpt>
      <trkpt lat="42.80927167274058" lon="-72.09647837094963">
        <ele>397</ele>
      </trkpt>
      <trkpt lat="42.80941667966545" lon="-72.09660502150655">
        <ele>397</ele>
      </trkpt>
      <trkpt lat="42.80956336297095" lon="-72.09673829376698">
        <ele>397</ele>
      </trkpt>
      <trkpt lat="42.80971666797996" lon="-72.09685170091689">
        <ele>396</ele>
      </trkpt>
      <trkpt lat="42.80986997298896" lon="-72.09696502424777">
        <ele>396</ele>
      </trkpt>
      <trkpt lat="42.8100183326751" lon="-72.09707331843674">
        <ele>395</ele>
      </trkpt>
      <trkpt lat="42.81017331406474" lon="-72.09714330732822">
        <ele>395</ele>
      </trkpt>
      <trkpt lat="42.81031496822834" lon="-72.09720499813557">
        <ele>395</ele>
      </trkpt>
      <trkpt lat="42.81047162599862" lon="-72.09725830703974">
        <ele>395</ele>
      </trkpt>
      <trkpt lat="42.81064999289811" lon="-72.09729501977563">
        <ele>395</ele>
      </trkpt>
      <trkpt lat="42.81085166148841" lon="-72.09733667783439">
        <ele>395</ele>
      </trkpt>
      <trkpt lat="42.81107830815017" lon="-72.09738831035793">
        <ele>395</ele>
      </trkpt>
      <trkpt lat="42.81131166033447" lon="-72.09744170308113">
        <ele>396</ele>
      </trkpt>
      <trkpt lat="42.81155666336417" lon="-72.09748336113989">
        <ele>397</ele>
      </trkpt>
      <trkpt lat="42.81179001554847" lon="-72.09752501919866">
        <ele>397</ele>
      </trkpt>
      <trkpt lat="42.81200333498418" lon="-72.09755829535425">
        <ele>396</ele>
      </trkpt>
      <trkpt lat="42.81219829805195" lon="-72.09757170639932">
        <ele>395</ele>
      </trkpt>
      <trkpt lat="42.81239837408066" lon="-72.09761168807745">
        <ele>394</ele>
      </trkpt>
      <trkpt lat="42.81264170072973" lon="-72.09765334613621">
        <ele>394</ele>
      </trkpt>
      <trkpt lat="42.81289332546294" lon="-72.09769332781434">
        <ele>393</ele>
      </trkpt>
      <trkpt lat="42.81312667764723" lon="-72.09774998947978">
        <ele>392</ele>
      </trkpt>
      <trkpt lat="42.81336170621216" lon="-72.09781168028712">
        <ele>391</ele>
      </trkpt>
      <trkpt lat="42.81360168009996" lon="-72.09786498919129">
        <ele>391</ele>
      </trkpt>
      <trkpt lat="42.8138483595103" lon="-72.0979199744761">
        <ele>391</ele>
      </trkpt>
      <trkpt lat="42.81409000977874" lon="-72.09798996336758">
        <ele>391</ele>
      </trkpt>
      <trkpt lat="42.81431003473699" lon="-72.0980666577816">
        <ele>392</ele>
      </trkpt>
      <trkpt lat="42.81452167779207" lon="-72.09814335219562">
        <ele>392</ele>
      </trkpt>
      <trkpt lat="42.81470499001443" lon="-72.09824502468109">
        <ele>393</ele>
      </trkpt>
      <trkpt lat="42.81484832055867" lon="-72.0983549952507">
        <ele>394</ele>
      </trkpt>
      <trkpt lat="42.8149916511029" lon="-72.09846831858158">
        <ele>394</ele>
      </trkpt>
      <trkpt lat="42.81511335633695" lon="-72.09860167466104">
        <ele>393</ele>
      </trkpt>
      <trkpt lat="42.81517001800239" lon="-72.09881499409676">
        <ele>392</ele>
      </trkpt>
      <trkpt lat="42.8152316249907" lon="-72.09909997880459">
        <ele>391</ele>
      </trkpt>
      <trkpt lat="42.81530831940472" lon="-72.09945662878454">
        <ele>389</ele>
      </trkpt>
      <trkpt lat="42.81535333022475" lon="-72.09965502843261">
        <ele>387</ele>
      </trkpt>
      <trkpt lat="42.81540337018669" lon="-72.09986164234579">
        <ele>386</ele>
      </trkpt>
      <trkpt lat="42.81545500271022" lon="-72.1000733692199">
        <ele>386</ele>
      </trkpt>
      <trkpt lat="42.81550831161439" lon="-72.10028165951371">
        <ele>385</ele>
      </trkpt>
      <trkpt lat="42.81555332243443" lon="-72.10048835724592">
        <ele>385</ele>
      </trkpt>
      <trkpt lat="42.81560336239636" lon="-72.10069170221686">
        <ele>385</ele>
      </trkpt>
      <trkpt lat="42.8156549949199" lon="-72.10089831613004">
        <ele>385</ele>
      </trkpt>
      <trkpt lat="42.81570503488183" lon="-72.10110836662352">
        <ele>385</ele>
      </trkpt>
      <trkpt lat="42.81576002016664" lon="-72.10131330415606">
        <ele>385</ele>
      </trkpt>
      <trkpt lat="42.81581332907081" lon="-72.10151832550764">
        <ele>385</ele>
      </trkpt>
      <trkpt lat="42.81586336903274" lon="-72.10173164494336">
        <ele>385</ele>
      </trkpt>
      <trkpt lat="42.81591500155628" lon="-72.10194496437907">
        <ele>385</ele>
      </trkpt>
      <trkpt lat="42.81596168875694" lon="-72.10216498933733">
        <ele>384</ele>
      </trkpt>
      <trkpt lat="42.81601164489985" lon="-72.10238501429558">
        <ele>384</ele>
      </trkpt>
      <trkpt lat="42.81606830656528" lon="-72.1026033628732">
        <ele>384</ele>
      </trkpt>
      <trkpt lat="42.81612002290785" lon="-72.10282833315432">
        <ele>383</ele>
      </trkpt>
      <trkpt lat="42.81616997905076" lon="-72.10306000895798">
        <ele>382</ele>
      </trkpt>
      <trkpt lat="42.81621834263206" lon="-72.10329503752291">
        <ele>381</ele>
      </trkpt>
      <trkpt lat="42.81626829877496" lon="-72.10353333503008">
        <ele>381</ele>
      </trkpt>
      <trkpt lat="42.81632001511753" lon="-72.10376501083374">
        <ele>380</ele>
      </trkpt>
      <trkpt lat="42.81636829487979" lon="-72.10398168303072">
        <ele>379</ele>
      </trkpt>
      <trkpt lat="42.81641330569983" lon="-72.10418335162103">
        <ele>379</ele>
      </trkpt>
      <trkpt lat="42.81645496375859" lon="-72.10437496192753">
        <ele>378</ele>
      </trkpt>
      <trkpt lat="42.81649670563638" lon="-72.10456162691116">
        <ele>378</ele>
      </trkpt>
      <trkpt lat="42.81654004007578" lon="-72.10474334657192">
        <ele>378</ele>
      </trkpt>
      <trkpt lat="42.81658337451518" lon="-72.10491836071014">
        <ele>378</ele>
      </trkpt>
      <trkpt lat="42.8166566323489" lon="-72.10524835623801">
        <ele>378</ele>
      </trkpt>
      <trkpt lat="42.81672997400165" lon="-72.10555999539793">
        <ele>378</ele>
      </trkpt>
      <trkpt lat="42.81681496649981" lon="-72.10586836561561">
        <ele>379</ele>
      </trkpt>
      <trkpt lat="42.8169016353786" lon="-72.10619333200157">
        <ele>380</ele>
      </trkpt>
      <trkpt lat="42.81699500977993" lon="-72.10650832392275">
        <ele>381</ele>
      </trkpt>
      <trkpt lat="42.81710833311081" lon="-72.10684167221189">
        <ele>381</ele>
      </trkpt>
      <trkpt lat="42.81717170029879" lon="-72.10702330805361">
        <ele>381</ele>
      </trkpt>
      <trkpt lat="42.81723666004837" lon="-72.10720670409501">
        <ele>382</ele>
      </trkpt>
      <trkpt lat="42.81730329617858" lon="-72.10739999078214">
        <ele>382</ele>
      </trkpt>
      <trkpt lat="42.81737831421196" lon="-72.10759336128831">
        <ele>382</ele>
      </trkpt>
      <trkpt lat="42.81745500862598" lon="-72.10778170265257">
        <ele>382</ele>
      </trkpt>
      <trkpt lat="42.81754503026605" lon="-72.10795504041016">
        <ele>382</ele>
      </trkpt>
      <trkpt lat="42.81764334999025" lon="-72.10811169818044">
        <ele>381</ele>
      </trkpt>
      <trkpt lat="42.81774996779859" lon="-72.10825335234404">
        <ele>381</ele>
      </trkpt>
      <trkpt lat="42.81786169856787" lon="-72.10836164653301">
        <ele>381</ele>
      </trkpt>
      <trkpt lat="42.81807669438422" lon="-72.10854831151664">
        <ele>381</ele>
      </trkpt>
      <trkpt lat="42.81828163191676" lon="-72.10866163484752">
        <ele>381</ele>
      </trkpt>
      <trkpt lat="42.81844499520957" lon="-72.10870170034468">
        <ele>381</ele>
      </trkpt>
      <trkpt lat="42.81858832575381" lon="-72.10876003839076">
        <ele>380</ele>
      </trkpt>
      <trkpt lat="42.81858329661191" lon="-72.10894502699375">
        <ele>380</ele>
      </trkpt>
      <trkpt lat="42.81852168962359" lon="-72.109209978953">
        <ele>379</ele>
      </trkpt>
      <trkpt lat="42.81847332604229" lon="-72.10945665836334">
        <ele>378</ele>
      </trkpt>
      <trkpt lat="42.81842663884163" lon="-72.10969336330891">
        <ele>378</ele>
      </trkpt>
      <trkpt lat="42.81836997717619" lon="-72.10993836633861">
        <ele>378</ele>
      </trkpt>
      <trkpt lat="42.81827836297452" lon="-72.11019837297499">
        <ele>379</ele>
      </trkpt>
      <trkpt lat="42.81817669048905" lon="-72.11045670323074">
        <ele>380</ele>
      </trkpt>
      <trkpt lat="42.81805833801627" lon="-72.11072836071253">
        <ele>381</ele>
      </trkpt>
      <trkpt lat="42.8179083019495" lon="-72.11100663989782">
        <ele>382</ele>
      </trkpt>
      <trkpt lat="42.8178200405091" lon="-72.11115164682269">
        <ele>383</ele>
      </trkpt>
      <trkpt lat="42.81771996058524" lon="-72.11130503565073">
        <ele>383</ele>
      </trkpt>
      <trkpt lat="42.81761501915753" lon="-72.11146001704037">
        <ele>384</ele>
      </trkpt>
      <trkpt lat="42.81750999391079" lon="-72.11160996928811">
        <ele>385</ele>
      </trkpt>
      <trkpt lat="42.81740169972181" lon="-72.11176168173552">
        <ele>385</ele>
      </trkpt>
      <trkpt lat="42.81729332171381" lon="-72.11191331036389">
        <ele>386</ele>
      </trkpt>
      <trkpt lat="42.81719164922833" lon="-72.11206502281129">
        <ele>387</ele>
      </trkpt>
      <trkpt lat="42.81708670780063" lon="-72.11221665143967">
        <ele>387</ele>
      </trkpt>
      <trkpt lat="42.81698503531516" lon="-72.11237004026771">
        <ele>388</ele>
      </trkpt>
      <trkpt lat="42.81688503921032" lon="-72.11251831613481">
        <ele>388</ele>
      </trkpt>
      <trkpt lat="42.81678998842835" lon="-72.11265167221427">
        <ele>389</ele>
      </trkpt>
      <trkpt lat="42.81662167981267" lon="-72.11287496611476">
        <ele>390</ele>
      </trkpt>
      <trkpt lat="42.81648170202971" lon="-72.11310999467969">
        <ele>391</ele>
      </trkpt>
      <trkpt lat="42.81635832041502" lon="-72.11336170323193">
        <ele>392</ele>
      </trkpt>
      <trkpt lat="42.81628330238163" lon="-72.11364668793976">
        <ele>394</ele>
      </trkpt>
      <trkpt lat="42.81627332791686" lon="-72.11394164711237">
        <ele>395</ele>
      </trkpt>
      <trkpt lat="42.81631833873689" lon="-72.11421665735543">
        <ele>397</ele>
      </trkpt>
      <trkpt lat="42.81642336398363" lon="-72.11447163484991">
        <ele>398</ele>
      </trkpt>
      <trkpt lat="42.81656166538596" lon="-72.11472334340215">
        <ele>401</ele>
      </trkpt>
      <trkpt lat="42.81671329401433" lon="-72.1149933245033">
        <ele>403</ele>
      </trkpt>
      <trkpt lat="42.81687003560364" lon="-72.11530001834035">
        <ele>405</ele>
      </trkpt>
      <trkpt lat="42.81694329343736" lon="-72.1154716797173">
        <ele>407</ele>
      </trkpt>
      <trkpt lat="42.81701998785138" lon="-72.11564334109426">
        <ele>408</ele>
      </trkpt>
      <trkpt lat="42.8170966822654" lon="-72.11582170799375">
        <ele>409</ele>
      </trkpt>
      <trkpt lat="42.81718335114419" lon="-72.1159883402288">
        <ele>410</ele>
      </trkpt>
      <trkpt lat="42.81727999448776" lon="-72.1161416452378">
        <ele>411</ele>
      </trkpt>
      <trkpt lat="42.81738837249577" lon="-72.11627835407853">
        <ele>412</ele>
      </trkpt>
      <trkpt lat="42.81750337220728" lon="-72.11640500463545">
        <ele>413</ele>
      </trkpt>
      <trkpt lat="42.81762667000294" lon="-72.11652830243111">
        <ele>415</ele>
      </trkpt>
      <trkpt lat="42.81774996779859" lon="-72.11664833128452">
        <ele>416</ele>
      </trkpt>
      <trkpt lat="42.8178649675101" lon="-72.11675830185413">
        <ele>417</ele>
      </trkpt>
      <trkpt lat="42.81798164360225" lon="-72.11686500348151">
        <ele>418</ele>
      </trkpt>
      <trkpt lat="42.81819337047637" lon="-72.11706834845245">
        <ele>420</ele>
      </trkpt>
      <trkpt lat="42.81836830079556" lon="-72.11723003536463">
        <ele>422</ele>
      </trkpt>
      <trkpt lat="42.81851833686233" lon="-72.11739834398031">
        <ele>424</ele>
      </trkpt>
      <trkpt lat="42.8186316601932" lon="-72.11764167062938">
        <ele>426</ele>
      </trkpt>
      <trkpt lat="42.81872997991741" lon="-72.11792003363371">
        <ele>427</ele>
      </trkpt>
      <trkpt lat="42.81880667433143" lon="-72.11819663643837">
        <ele>429</ele>
      </trkpt>
      <trkpt lat="42.81888663768768" lon="-72.11845337413251">
        <ele>430</ele>
      </trkpt>
      <trkpt lat="42.81897003762424" lon="-72.11873332969844">
        <ele>431</ele>
      </trkpt>
      <trkpt lat="42.81905670650303" lon="-72.11902334354818">
        <ele>432</ele>
      </trkpt>
      <trkpt lat="42.81914664432406" lon="-72.11930665187538">
        <ele>433</ele>
      </trkpt>
      <trkpt lat="42.81923666596413" lon="-72.11957663297653">
        <ele>434</ele>
      </trkpt>
      <trkpt lat="42.81932668760419" lon="-72.11987829767168">
        <ele>435</ele>
      </trkpt>
      <trkpt lat="42.81941000372171" lon="-72.1202050242573">
        <ele>436</ele>
      </trkpt>
      <trkpt lat="42.81947831623256" lon="-72.12050836533308">
        <ele>437</ele>
      </trkpt>
      <trkpt lat="42.81953665427864" lon="-72.1208149753511">
        <ele>437</ele>
      </trkpt>
      <trkpt lat="42.81956498511136" lon="-72.1211083419621">
        <ele>437</ele>
      </trkpt>
      <trkpt lat="42.81959163956344" lon="-72.12138502858579">
        <ele>437</ele>
      </trkpt>
      <trkpt lat="42.81964000314474" lon="-72.121636653319">
        <ele>438</ele>
      </trkpt>
      <trkpt lat="42.81970999203622" lon="-72.12189665995538">
        <ele>438</ele>
      </trkpt>
      <trkpt lat="42.81979163177311" lon="-72.12216999381781">
        <ele>438</ele>
      </trkpt>
      <trkpt lat="42.8198716789484" lon="-72.12242497131228">
        <ele>438</ele>
      </trkpt>
      <trkpt lat="42.8199649695307" lon="-72.12265497073531">
        <ele>439</ele>
      </trkpt>
      <trkpt lat="42.82006831839681" lon="-72.12290332652628">
        <ele>439</ele>
      </trkpt>
      <trkpt lat="42.82017502002418" lon="-72.12314665317535">
        <ele>440</ele>
      </trkpt>
      <trkpt lat="42.82026831060648" lon="-72.12340163066983">
        <ele>440</ele>
      </trkpt>
      <trkpt lat="42.82037333585322" lon="-72.12364663369954">
        <ele>441</ele>
      </trkpt>
      <trkpt lat="42.82048833556473" lon="-72.12389666587114">
        <ele>441</ele>
      </trkpt>
      <trkpt lat="42.82061498612165" lon="-72.12413337081671">
        <ele>442</ele>
      </trkpt>
      <trkpt lat="42.82072336412966" lon="-72.12433663196862">
        <ele>443</ele>
      </trkpt>
      <trkpt lat="42.8208183310926" lon="-72.1245466824621">
        <ele>444</ele>
      </trkpt>
      <trkpt lat="42.82089670188725" lon="-72.12478162720799">
        <ele>445</ele>
      </trkpt>
      <trkpt lat="42.82095503993332" lon="-72.12503501214087">
        <ele>446</ele>
      </trkpt>
      <trkpt lat="42.82097834162414" lon="-72.12530331686139">
        <ele>446</ele>
      </trkpt>
      <trkpt lat="42.82098001800478" lon="-72.12556164711714">
        <ele>446</ele>
      </trkpt>
      <trkpt lat="42.82094003632665" lon="-72.12581997737288">
        <ele>446</ele>
      </trkpt>
      <trkpt lat="42.82088496722281" lon="-72.12607168592513">
        <ele>446</ele>
      </trkpt>
      <trkpt lat="42.82084330916405" lon="-72.12628835812211">
        <ele>446</ele>
      </trkpt>
      <trkpt lat="42.82076334580779" lon="-72.12651332840323">
        <ele>445</ele>
      </trkpt>
      <trkpt lat="42.82068497501314" lon="-72.12668163701892">
        <ele>445</ele>
      </trkpt>
      <trkpt lat="42.82059998251498" lon="-72.12691163644195">
        <ele>444</ele>
      </trkpt>
      <trkpt lat="42.82051331363618" lon="-72.12713501416147">
        <ele>444</ele>
      </trkpt>
      <trkpt lat="42.8204483538866" lon="-72.12735336273909">
        <ele>444</ele>
      </trkpt>
      <trkpt lat="42.82041164115071" lon="-72.12755167856812">
        <ele>443</ele>
      </trkpt>
      <trkpt lat="42.82037501223385" lon="-72.12780497968197">
        <ele>442</ele>
      </trkpt>
      <trkpt lat="42.82036000862718" lon="-72.12806163355708">
        <ele>442</ele>
      </trkpt>
      <trkpt lat="42.82036998309195" lon="-72.12829163298011">
        <ele>441</ele>
      </trkpt>
      <trkpt lat="42.8203949611634" lon="-72.12853336706758">
        <ele>440</ele>
      </trkpt>
      <trkpt lat="42.8204433247447" lon="-72.1287533082068">
        <ele>439</ele>
      </trkpt>
      <trkpt lat="42.82050166279078" lon="-72.12896830402315">
        <ele>439</ele>
      </trkpt>
      <trkpt lat="42.82057332806289" lon="-72.12917500175536">
        <ele>438</ele>
      </trkpt>
      <trkpt lat="42.82063996419311" lon="-72.1293733175844">
        <ele>438</ele>
      </trkpt>
      <trkpt lat="42.82070668414235" lon="-72.12956668809056">
        <ele>437</ele>
      </trkpt>
      <trkpt lat="42.82076166942716" lon="-72.12975167669356">
        <ele>436</ele>
      </trkpt>
      <trkpt lat="42.82059830613434" lon="-72.12978168390691">
        <ele>434</ele>
      </trkpt>
      <trkpt lat="42.82042329199612" lon="-72.12972669862211">
        <ele>433</ele>
      </trkpt>
      <trkpt lat="42.82028666697443" lon="-72.12970163673162">
        <ele>431</ele>
      </trkpt>
      <trkpt lat="42.82013168558478" lon="-72.12968504056334">
        <ele>430</ele>
      </trkpt>
      <trkpt lat="42.81995667144656" lon="-72.12968168780208">
        <ele>428</ele>
      </trkpt>
      <trkpt lat="42.81977998092771" lon="-72.12967665866017">
        <ele>426</ele>
      </trkpt>
      <trkpt lat="42.81962499953806" lon="-72.12965997867286">
        <ele>424</ele>
      </trkpt>
      <trkpt lat="42.81945836730301" lon="-72.12965997867286">
        <ele>422</ele>
      </trkpt>
      <trkpt lat="42.81929835677147" lon="-72.12967665866017">
        <ele>421</ele>
      </trkpt>
      <trkpt lat="42.81915829516947" lon="-72.12968168780208">
        <ele>419</ele>
      </trkpt>
      <trkpt lat="42.81902334652841" lon="-72.1296616550535">
        <ele>418</ele>
      </trkpt>
      <trkpt lat="42.81888831406832" lon="-72.12960666976869">
        <ele>417</ele>
      </trkpt>
      <trkpt lat="42.81876996159554" lon="-72.12950835004449">
        <ele>417</ele>
      </trkpt>
      <trkpt lat="42.81863668933511" lon="-72.1294283028692">
        <ele>416</ele>
      </trkpt>
      <trkpt lat="42.81851666048169" lon="-72.1293400414288">
        <ele>415</ele>
      </trkpt>
      <trkpt lat="42.81838498078287" lon="-72.12924499064684">
        <ele>414</ele>
      </trkpt>
      <trkpt lat="42.81822170130908" lon="-72.12915002368391">
        <ele>413</ele>
      </trkpt>
      <trkpt lat="42.81806998886168" lon="-72.12907835841179">
        <ele>412</ele>
      </trkpt>
      <trkpt lat="42.8179133310914" lon="-72.12900996208191">
        <ele>411</ele>
      </trkpt>
      <trkpt lat="42.81777829863131" lon="-72.12893997319043">
        <ele>410</ele>
      </trkpt>
      <trkpt lat="42.81760999001563" lon="-72.12882002815604">
        <ele>409</ele>
      </trkpt>
      <trkpt lat="42.81744335778058" lon="-72.12868331931531">
        <ele>408</ele>
      </trkpt>
      <trkpt lat="42.81731829978526" lon="-72.12859329767525">
        <ele>408</ele>
      </trkpt>
      <trkpt lat="42.81715166755021" lon="-72.12847335264087">
        <ele>407</ele>
      </trkpt>
      <trkpt lat="42.81696667894721" lon="-72.12836170569062">
        <ele>406</ele>
      </trkpt>
      <trkpt lat="42.81682829372585" lon="-72.12829330936074">
        <ele>406</ele>
      </trkpt>
      <trkpt lat="42.81670331954956" lon="-72.12820831686258">
        <ele>405</ele>
      </trkpt>
      <trkpt lat="42.81657666899264" lon="-72.12812164798379">
        <ele>404</ele>
      </trkpt>
      <trkpt lat="42.81639503315091" lon="-72.1279966738075">
        <ele>403</ele>
      </trkpt>
      <trkpt lat="42.8162800334394" lon="-72.12789500132203">
        <ele>402</ele>
      </trkpt>
      <trkpt lat="42.81615497544408" lon="-72.12778503075242">
        <ele>401</ele>
      </trkpt>
      <trkpt lat="42.81600829213858" lon="-72.12767832912505">
        <ele>400</ele>
      </trkpt>
      <trkpt lat="42.81583830714226" lon="-72.12758000940084">
        <ele>399</ele>
      </trkpt>
      <trkpt lat="42.81569497659802" lon="-72.1275183185935">
        <ele>399</ele>
      </trkpt>
      <trkpt lat="42.81552163884044" lon="-72.1274633333087">
        <ele>399</ele>
      </trkpt>
      <trkpt lat="42.81536498107016" lon="-72.1273766644299">
        <ele>399</ele>
      </trkpt>
      <trkpt lat="42.81525333411992" lon="-72.12724163196981">
        <ele>399</ele>
      </trkpt>
      <trkpt lat="42.81509164720774" lon="-72.12701003998518">
        <ele>398</ele>
      </trkpt>
      <trkpt lat="42.81491663306952" lon="-72.12671834975481">
        <ele>397</ele>
      </trkpt>
      <trkpt lat="42.81482166610658" lon="-72.12656831368804">
        <ele>397</ele>
      </trkpt>
      <trkpt lat="42.81472996808589" lon="-72.12642498314381">
        <ele>397</ele>
      </trkpt>
      <trkpt lat="42.81457163393497" lon="-72.12621669284999">
        <ele>396</ele>
      </trkpt>
      <trkpt lat="42.81446166336536" lon="-72.12607000954449">
        <ele>395</ele>
      </trkpt>
      <trkpt lat="42.81434834003448" lon="-72.12589331902564">
        <ele>394</ele>
      </trkpt>
      <trkpt lat="42.81418330036104" lon="-72.12572501040995">
        <ele>393</ele>
      </trkpt>
      <trkpt lat="42.81406997703016" lon="-72.12561503984034">
        <ele>393</ele>
      </trkpt>
      <trkpt lat="42.81394835561514" lon="-72.12548503652215">
        <ele>392</ele>
      </trkpt>
      <trkpt lat="42.81380670145154" lon="-72.12531664408743">
        <ele>391</ele>
      </trkpt>
      <trkpt lat="42.8136966470629" lon="-72.12520499713719">
        <ele>390</ele>
      </trkpt>
      <trkpt lat="42.81358332373202" lon="-72.12509997189045">
        <ele>389</ele>
      </trkpt>
      <trkpt lat="42.81345834955573" lon="-72.12499167770147">
        <ele>388</ele>
      </trkpt>
      <trkpt lat="42.81334502622485" lon="-72.12487164884806">
        <ele>388</ele>
      </trkpt>
      <trkpt lat="42.81318836845458" lon="-72.12471331469715">
        <ele>387</ele>
      </trkpt>
      <trkpt lat="42.81302500516176" lon="-72.12455665692687">
        <ele>387</ele>
      </trkpt>
      <trkpt lat="42.81286834739149" lon="-72.124411650002">
        <ele>387</ele>
      </trkpt>
      <trkpt lat="42.81275502406061" lon="-72.1242633741349">
        <ele>386</ele>
      </trkpt>
      <trkpt lat="42.81263164244592" lon="-72.1241283416748">
        <ele>386</ele>
      </trkpt>
      <trkpt lat="42.81249166466296" lon="-72.12401837110519">
        <ele>385</ele>
      </trkpt>
      <trkpt lat="42.8123583085835" lon="-72.12390831671655">
        <ele>385</ele>
      </trkpt>
      <trkpt lat="42.81223333440721" lon="-72.1237916406244">
        <ele>385</ele>
      </trkpt>
      <trkpt lat="42.81211162917316" lon="-72.12368502281606">
        <ele>385</ele>
      </trkpt>
      <trkpt lat="42.81197500415146" lon="-72.12355501949787">
        <ele>384</ele>
      </trkpt>
      <trkpt lat="42.81186168082058" lon="-72.12344664148986">
        <ele>383</ele>
      </trkpt>
      <trkpt lat="42.81171499751508" lon="-72.12330498732626">
        <ele>383</ele>
      </trkpt>
      <trkpt lat="42.81158667057753" lon="-72.12318001314998">
        <ele>383</ele>
      </trkpt>
      <trkpt lat="42.81144334003329" lon="-72.12304330430925">
        <ele>382</ele>
      </trkpt>
      <trkpt lat="42.81132498756051" lon="-72.12293836288154">
        <ele>382</ele>
      </trkpt>
      <trkpt lat="42.81120168976486" lon="-72.12284666486084">
        <ele>382</ele>
      </trkpt>
      <trkpt lat="42.81109834089875" lon="-72.12299670092762">
        <ele>384</ele>
      </trkpt>
      <trkpt lat="42.81110001727939" lon="-72.12319166399539">
        <ele>386</ele>
      </trkpt>
      <trkpt lat="42.81113496981561" lon="-72.12338997982442">
        <ele>387</ele>
      </trkpt>
      <trkpt lat="42.81117998063564" lon="-72.12359164841473">
        <ele>389</ele>
      </trkpt>
      <trkpt lat="42.81120001338422" lon="-72.12381334975362">
        <ele>392</ele>
      </trkpt>
      <trkpt lat="42.81116832979023" lon="-72.12406497448683">
        <ele>395</ele>
      </trkpt>
      <trkpt lat="42.81110663898289" lon="-72.12430503219366">
        <ele>398</ele>
      </trkpt>
      <trkpt lat="42.81101670116186" lon="-72.12465170770884">
        <ele>402</ele>
      </trkpt>
      <trkpt lat="42.8109700139612" lon="-72.12490333244205">
        <ele>404</ele>
      </trkpt>
      <trkpt lat="42.8109216503799" lon="-72.12518831714988">
        <ele>407</ele>
      </trkpt>
      <trkpt lat="42.8108833450824" lon="-72.12548503652215">
        <ele>409</ele>
      </trkpt>
      <trkpt lat="42.81087663955986" lon="-72.12579499930143">
        <ele>411</ele>
      </trkpt>
      <trkpt lat="42.81087496317923" lon="-72.1260816603899">
        <ele>412</ele>
      </trkpt>
      <trkpt lat="42.81086666509509" lon="-72.12637167423964">
        <ele>414</ele>
      </trkpt>
      <trkpt lat="42.81085836701095" lon="-72.12668331339955">
        <ele>415</ele>
      </trkpt>
      <trkpt lat="42.81084663234651" lon="-72.12701163254678">
        <ele>416</ele>
      </trkpt>
      <trkpt lat="42.81084503978491" lon="-72.12733332999051">
        <ele>418</ele>
      </trkpt>
      <trkpt lat="42.81083330512047" lon="-72.1276533510536">
        <ele>419</ele>
      </trkpt>
      <trkpt lat="42.81082500703633" lon="-72.12798167020082">
        <ele>420</ele>
      </trkpt>
      <trkpt lat="42.81080665066838" lon="-72.12833002209663">
        <ele>421</ele>
      </trkpt>
      <trkpt lat="42.81076331622899" lon="-72.12867334485054">
        <ele>422</ele>
      </trkpt>
      <trkpt lat="42.81075501814485" lon="-72.12900669313967">
        <ele>424</ele>
      </trkpt>
      <trkpt lat="42.8107366617769" lon="-72.12931833229959">
        <ele>425</ele>
      </trkpt>
      <trkpt lat="42.81070665456355" lon="-72.12957330979407">
        <ele>427</ele>
      </trkpt>
      <trkpt lat="42.81068502925336" lon="-72.12978503666818">
        <ele>428</ele>
      </trkpt>
      <trkpt lat="42.8106933273375" lon="-72.13003330864012">
        <ele>429</ele>
      </trkpt>
      <trkpt lat="42.81072836369276" lon="-72.13026003912091">
        <ele>429</ele>
      </trkpt>
      <trkpt lat="42.81074998900294" lon="-72.13052834384143">
        <ele>429</ele>
      </trkpt>
      <trkpt lat="42.81077002175152" lon="-72.13080167770386">
        <ele>430</ele>
      </trkpt>
      <trkpt lat="42.81077337451279" lon="-72.13099664077163">
        <ele>428</ele>
      </trkpt>
      <trkpt lat="42.81075996346772" lon="-72.13119830936193">
        <ele>426</ele>
      </trkpt>
      <trkpt lat="42.81074831262231" lon="-72.13141162879765">
        <ele>423</ele>
      </trkpt>
      <trkpt lat="42.8107366617769" lon="-72.13162167929113">
        <ele>421</ele>
      </trkpt>
      <trkpt lat="42.81072501093149" lon="-72.13184664957225">
        <ele>420</ele>
      </trkpt>
      <trkpt lat="42.81071000732481" lon="-72.13204337283969">
        <ele>419</ele>
      </trkpt>
      <trkpt lat="42.81069835647941" lon="-72.13223003782332">
        <ele>418</ele>
      </trkpt>
      <trkpt lat="42.81072165817022" lon="-72.13246162980795">
        <ele>416</ele>
      </trkpt>
      <trkpt lat="42.8107850253582" lon="-72.13265667669475">
        <ele>415</ele>
      </trkpt>
      <trkpt lat="42.81089331954718" lon="-72.132876701653">
        <ele>414</ele>
      </trkpt>
      <trkpt lat="42.8109333012253" lon="-72.13305498473346">
        <ele>412</ele>
      </trkpt>
      <trkpt lat="42.81094503588974" lon="-72.13331163860857">
        <ele>410</ele>
      </trkpt>
      <trkpt lat="42.81090832315385" lon="-72.13351163081825">
        <ele>411</ele>
      </trkpt>
      <trkpt lat="42.81089331954718" lon="-72.13371832855046">
        <ele>412</ele>
      </trkpt>
      <trkpt lat="42.81093665398657" lon="-72.13399501517415">
        <ele>412</ele>
      </trkpt>
      <trkpt lat="42.81099163927138" lon="-72.13422669097781">
        <ele>412</ele>
      </trkpt>
      <trkpt lat="42.81102164648473" lon="-72.13444503955543">
        <ele>412</ele>
      </trkpt>
      <trkpt lat="42.81101334840059" lon="-72.13465835899115">
        <ele>412</ele>
      </trkpt>
      <trkpt lat="42.81096003949642" lon="-72.13484996929765">
        <ele>413</ele>
      </trkpt>
      <trkpt lat="42.81090329401195" lon="-72.13505666702986">
        <ele>413</ele>
      </trkpt>
      <trkpt lat="42.81084001064301" lon="-72.1352666337043">
        <ele>413</ele>
      </trkpt>
      <trkpt lat="42.81079332344234" lon="-72.13550166226923">
        <ele>413</ele>
      </trkpt>
      <trkpt lat="42.81075166538358" lon="-72.1356849744916">
        <ele>413</ele>
      </trkpt>
      <trkpt lat="42.81069668009877" lon="-72.13586669415236">
        <ele>413</ele>
      </trkpt>
      <trkpt lat="42.81066332012415" lon="-72.13609334081411">
        <ele>412</ele>
      </trkpt>
      <trkpt lat="42.81061001121998" lon="-72.13627330027521">
        <ele>411</ele>
      </trkpt>
      <trkpt lat="42.81047833152115" lon="-72.13644169270992">
        <ele>410</ele>
      </trkpt>
      <trkpt lat="42.8103566262871" lon="-72.13655996136367">
        <ele>409</ele>
      </trkpt>
      <trkpt lat="42.81021329574287" lon="-72.13669834658504">
        <ele>408</ele>
      </trkpt>
      <trkpt lat="42.8100666962564" lon="-72.13680999353528">
        <ele>407</ele>
      </trkpt>
      <trkpt lat="42.8099200129509" lon="-72.13691166602075">
        <ele>406</ele>
      </trkpt>
      <trkpt lat="42.80978330411017" lon="-72.13703664019704">
        <ele>405</ele>
      </trkpt>
      <trkpt lat="42.8096316754818" lon="-72.13716496713459">
        <ele>405</ele>
      </trkpt>
      <trkpt lat="42.8094966430217" lon="-72.13726663962007">
        <ele>404</ele>
      </trkpt>
      <trkpt lat="42.80936831608415" lon="-72.13741332292557">
        <ele>404</ele>
      </trkpt>
      <trkpt lat="42.80923336744308" lon="-72.13754164986312">
        <ele>403</ele>
      </trkpt>
      <trkpt lat="42.80910001136363" lon="-72.13764499872923">
        <ele>402</ele>
      </trkpt>
      <trkpt lat="42.80897662974894" lon="-72.13774331845343">
        <ele>401</ele>
      </trkpt>
      <trkpt lat="42.80883329920471" lon="-72.13786167092621">
        <ele>400</ele>
      </trkpt>
      <trkpt lat="42.80866834335029" lon="-72.13796996511519">
        <ele>400</ele>
      </trkpt>
      <trkpt lat="42.80851830728352" lon="-72.13803836144507">
        <ele>400</ele>
      </trkpt>
      <trkpt lat="42.80833499506116" lon="-72.13810835033655">
        <ele>400</ele>
      </trkpt>
      <trkpt lat="42.80820331536233" lon="-72.13816165924072">
        <ele>401</ele>
      </trkpt>
      <trkpt lat="42.80804162845016" lon="-72.13825830258429">
        <ele>401</ele>
      </trkpt>
      <trkpt lat="42.80792168341577" lon="-72.13835997506976">
        <ele>402</ele>
      </trkpt>
      <trkpt lat="42.80776829458773" lon="-72.13842334225774">
        <ele>403</ele>
      </trkpt>
      <trkpt lat="42.80760166235268" lon="-72.13850665837526">
        <ele>403</ele>
      </trkpt>
      <trkpt lat="42.80743167735636" lon="-72.13859835639596">
        <ele>403</ele>
      </trkpt>
      <trkpt lat="42.80725331045687" lon="-72.13869332335889">
        <ele>403</ele>
      </trkpt>
      <trkpt lat="42.80707997269928" lon="-72.13876498863101">
        <ele>402</ele>
      </trkpt>
      <trkpt lat="42.80691501684487" lon="-72.13883833028376">
        <ele>402</ele>
      </trkpt>
      <trkpt lat="42.8067649807781" lon="-72.13891502469778">
        <ele>402</ele>
      </trkpt>
      <trkpt lat="42.80663170851767" lon="-72.13900001719594">
        <ele>402</ele>
      </trkpt>
      <trkpt lat="42.80649332329631" lon="-72.13909498415887">
        <ele>402</ele>
      </trkpt>
      <trkpt lat="42.80634496361017" lon="-72.13912666775286">
        <ele>402</ele>
      </trkpt>
      <trkpt lat="42.80618168413639" lon="-72.13915499858558">
        <ele>402</ele>
      </trkpt>
      <trkpt lat="42.80604329891503" lon="-72.13918668217957">
        <ele>402</ele>
      </trkpt>
      <trkpt lat="42.80588001944125" lon="-72.13923496194184">
        <ele>402</ele>
      </trkpt>
      <trkpt lat="42.80574666336179" lon="-72.13928667828441">
        <ele>401</ele>
      </trkpt>
      <trkpt lat="42.8055783547461" lon="-72.13933998718858">
        <ele>399</ele>
      </trkpt>
      <trkpt lat="42.8054367005825" lon="-72.13938835076988">
        <ele>398</ele>
      </trkpt>
      <trkpt lat="42.805290017277" lon="-72.13944501243532">
        <ele>396</ele>
      </trkpt>
      <trkpt lat="42.80514501035213" lon="-72.13949496857822">
        <ele>395</ele>
      </trkpt>
      <trkpt lat="42.804996650666" lon="-72.13954333215952">
        <ele>394</ele>
      </trkpt>
      <trkpt lat="42.80485667288303" lon="-72.13956168852746">
        <ele>393</ele>
      </trkpt>
      <trkpt lat="42.80472499318421" lon="-72.13966998271644">
        <ele>392</ele>
      </trkpt>
      <trkpt lat="42.80467336066067" lon="-72.13992663659155">
        <ele>392</ele>
      </trkpt>
      <trkpt lat="42.80468501150608" lon="-72.14015495963395">
        <ele>391</ele>
      </trkpt>
      <trkpt lat="42.80470496043563" lon="-72.14036668650806">
        <ele>391</ele>
      </trkpt>
      <trkpt lat="42.80473999679089" lon="-72.14056332595646">
        <ele>390</ele>
      </trkpt>
      <trkpt lat="42.8047617059201" lon="-72.14075334370136">
        <ele>390</ele>
      </trkpt>
      <trkpt lat="42.80477335676551" lon="-72.14096331037581">
        <ele>389</ele>
      </trkpt>
      <trkpt lat="42.80476665124297" lon="-72.14117168448865">
        <ele>389</ele>
      </trkpt>
      <trkpt lat="42.8047566767782" lon="-72.14137000031769">
        <ele>388</ele>
      </trkpt>
      <trkpt lat="42.80470998957753" lon="-72.1416216250509">
        <ele>387</ele>
      </trkpt>
      <trkpt lat="42.80466665513813" lon="-72.141865035519">
        <ele>385</ele>
      </trkpt>
      <trkpt lat="42.80464997515082" lon="-72.14213166385889">
        <ele>384</ele>
      </trkpt>
      <trkpt lat="42.80465165153146" lon="-72.14235504157841">
        <ele>383</ele>
      </trkpt>
      <trkpt lat="42.80466665513813" lon="-72.14260834269226">
        <ele>383</ele>
      </trkpt>
      <trkpt lat="42.80466003343463" lon="-72.14282836765051">
        <ele>383</ele>
      </trkpt>
      <trkpt lat="42.80466330237687" lon="-72.14305836707354">
        <ele>383</ele>
      </trkpt>
      <trkpt lat="42.80467168428004" lon="-72.14330337010324">
        <ele>383</ele>
      </trkpt>
      <trkpt lat="42.80468836426735" lon="-72.14355834759772">
        <ele>382</ele>
      </trkpt>
      <trkpt lat="42.80469666235149" lon="-72.14379329234362">
        <ele>382</ele>
      </trkpt>
      <trkpt lat="42.80469004064798" lon="-72.14404164813459">
        <ele>381</ele>
      </trkpt>
      <trkpt lat="42.80470001511276" lon="-72.14429997839034">
        <ele>380</ele>
      </trkpt>
      <trkpt lat="42.8047183714807" lon="-72.14455336332321">
        <ele>378</ele>
      </trkpt>
      <trkpt lat="42.80472834594548" lon="-72.1448199916631">
        <ele>376</ele>
      </trkpt>
      <trkpt lat="42.80473002232611" lon="-72.14506667107344">
        <ele>375</ele>
      </trkpt>
      <trkpt lat="42.80471996404231" lon="-72.14533497579396">
        <ele>374</ele>
      </trkpt>
      <trkpt lat="42.80472164042294" lon="-72.14559162966907">
        <ele>372</ele>
      </trkpt>
      <trkpt lat="42.80469330959022" lon="-72.14582003653049">
        <ele>371</ele>
      </trkpt>
      <trkpt lat="42.8044799901545" lon="-72.14579497464001">
        <ele>370</ele>
      </trkpt>
      <trkpt lat="42.80430329963565" lon="-72.14575499296188">
        <ele>369</ele>
      </trkpt>
      <trkpt lat="42.80412334017456" lon="-72.14570168405771">
        <ele>369</ele>
      </trkpt>
      <trkpt lat="42.80395000241697" lon="-72.14566497132182">
        <ele>369</ele>
      </trkpt>
      <trkpt lat="42.80376995913684" lon="-72.14563169516623">
        <ele>370</ele>
      </trkpt>
      <trkpt lat="42.80356837436557" lon="-72.14559162966907">
        <ele>370</ele>
      </trkpt>
      <trkpt lat="42.80337332747877" lon="-72.14556832797825">
        <ele>370</ele>
      </trkpt>
      <trkpt lat="42.80322169885039" lon="-72.14555835351348">
        <ele>371</ele>
      </trkpt>
      <trkpt lat="42.80306663364172" lon="-72.14553002268076">
        <ele>371</ele>
      </trkpt>
      <trkpt lat="42.80292665585876" lon="-72.14549666270614">
        <ele>371</ele>
      </trkpt>
      <trkpt lat="42.80276999808848" lon="-72.14547168463469">
        <ele>371</ele>
      </trkpt>
      <trkpt lat="42.80257998034358" lon="-72.14544829912484">
        <ele>372</ele>
      </trkpt>
      <trkpt lat="42.80241334810853" lon="-72.14545165188611">
        <ele>373</ele>
      </trkpt>
      <trkpt lat="42.80226163566113" lon="-72.14549833908677">
        <ele>373</ele>
      </trkpt>
      <trkpt lat="42.80210665427148" lon="-72.14562834240496">
        <ele>374</ele>
      </trkpt>
      <trkpt lat="42.80201001092792" lon="-72.14576496742666">
        <ele>375</ele>
      </trkpt>
      <trkpt lat="42.80187330208719" lon="-72.14594165794551">
        <ele>375</ele>
      </trkpt>
      <trkpt lat="42.80173835344613" lon="-72.14603662490845">
        <ele>375</ele>
      </trkpt>
      <trkpt lat="42.80158664099872" lon="-72.14612170122564">
        <ele>374</ele>
      </trkpt>
      <trkpt lat="42.80142336152494" lon="-72.1461533010006">
        <ele>374</ele>
      </trkpt>
      <trkpt lat="42.80125170014799" lon="-72.1461099665612">
        <ele>374</ele>
      </trkpt>
      <trkpt lat="42.80110166408122" lon="-72.14605162851512">
        <ele>375</ele>
      </trkpt>
      <trkpt lat="42.80090829357505" lon="-72.14599999599159">
        <ele>375</ele>
      </trkpt>
      <trkpt lat="42.80071165412664" lon="-72.14598666876554">
        <ele>376</ele>
      </trkpt>
      <trkpt lat="42.80052331276238" lon="-72.14598499238491">
        <ele>377</ele>
      </trkpt>
      <trkpt lat="42.80032499693334" lon="-72.14600997045636">
        <ele>378</ele>
      </trkpt>
      <trkpt lat="42.80012835748494" lon="-72.14600502513349">
        <ele>380</ele>
      </trkpt>
      <trkpt lat="42.79996834695339" lon="-72.14597669430077">
        <ele>381</ele>
      </trkpt>
      <trkpt lat="42.7997833583504" lon="-72.14590335264802">
        <ele>383</ele>
      </trkpt>
      <trkpt lat="42.7995933406055" lon="-72.14585163630545">
        <ele>386</ele>
      </trkpt>
      <trkpt lat="42.79939502477646" lon="-72.1458316873759">
        <ele>389</ele>
      </trkpt>
      <trkpt lat="42.79923836700618" lon="-72.14580168016255">
        <ele>392</ele>
      </trkpt>
      <trkpt lat="42.79907835647464" lon="-72.14575666934252">
        <ele>394</ele>
      </trkpt>
      <trkpt lat="42.79893167316914" lon="-72.14570168405771">
        <ele>394</ele>
      </trkpt>
      <trkpt lat="42.79876830987632" lon="-72.14567167684436">
        <ele>396</ele>
      </trkpt>
      <trkpt lat="42.79861332848668" lon="-72.14563496410847">
        <ele>397</ele>
      </trkpt>
      <trkpt lat="42.79844669625163" lon="-72.14559162966907">
        <ele>398</ele>
      </trkpt>
      <trkpt lat="42.79829003848135" lon="-72.14557503350079">
        <ele>399</ele>
      </trkpt>
      <trkpt lat="42.79812667518854" lon="-72.145533291623">
        <ele>400</ele>
      </trkpt>
      <trkpt lat="42.7979716937989" lon="-72.14548333548009">
        <ele>400</ele>
      </trkpt>
      <trkpt lat="42.79781662859023" lon="-72.14541996829212">
        <ele>401</ele>
      </trkpt>
      <trkpt lat="42.79762837104499" lon="-72.14538836851716">
        <ele>401</ele>
      </trkpt>
      <trkpt lat="42.79746500775218" lon="-72.14537663385272">
        <ele>402</ele>
      </trkpt>
      <trkpt lat="42.79731664806604" lon="-72.14530664496124">
        <ele>402</ele>
      </trkpt>
      <trkpt lat="42.79716669581831" lon="-72.14524663053453">
        <ele>403</ele>
      </trkpt>
      <trkpt lat="42.79695999808609" lon="-72.14522835798562">
        <ele>403</ele>
      </trkpt>
      <trkpt lat="42.79678498394787" lon="-72.14522500522435">
        <ele>403</ele>
      </trkpt>
      <trkpt lat="42.79659496620297" lon="-72.1452000271529">
        <ele>404</ele>
      </trkpt>
      <trkpt lat="42.7963949739933" lon="-72.14517337270081">
        <ele>403</ele>
      </trkpt>
      <trkpt lat="42.79617830179632" lon="-72.14513833634555">
        <ele>403</ele>
      </trkpt>
      <trkpt lat="42.79595165513456" lon="-72.14508997276425">
        <ele>402</ele>
      </trkpt>
      <trkpt lat="42.7957250084728" lon="-72.14503834024072">
        <ele>402</ele>
      </trkpt>
      <trkpt lat="42.79549333266914" lon="-72.14498830027878">
        <ele>402</ele>
      </trkpt>
      <trkpt lat="42.79524497687817" lon="-72.14494664222002">
        <ele>401</ele>
      </trkpt>
      <trkpt lat="42.79498832300305" lon="-72.1449183113873">
        <ele>401</ele>
      </trkpt>
      <trkpt lat="42.7947233710438" lon="-72.14489165693521">
        <ele>400</ele>
      </trkpt>
      <trkpt lat="42.79445330612361" lon="-72.14484329335392">
        <ele>399</ele>
      </trkpt>
      <trkpt lat="42.79431835748255" lon="-72.14480834081769">
        <ele>398</ele>
      </trkpt>
      <trkpt lat="42.79418332502246" lon="-72.1447766572237">
        <ele>398</ele>
      </trkpt>
      <trkpt lat="42.79391669668257" lon="-72.14472502470016">
        <ele>397</ele>
      </trkpt>
      <trkpt lat="42.79364998452365" lon="-72.14468998834491">
        <ele>396</ele>
      </trkpt>
      <trkpt lat="42.79339165426791" lon="-72.14466668665409">
        <ele>395</ele>
      </trkpt>
      <trkpt lat="42.79313500039279" lon="-72.14466165751219">
        <ele>394</ele>
      </trkpt>
      <trkpt lat="42.79288169927895" lon="-72.14470834471285">
        <ele>393</ele>
      </trkpt>
      <trkpt lat="42.79263166710734" lon="-72.14481831528246">
        <ele>392</ele>
      </trkpt>
      <trkpt lat="42.79250669293106" lon="-72.14489165693521">
        <ele>392</ele>
      </trkpt>
      <trkpt lat="42.79238163493574" lon="-72.14497664943337">
        <ele>392</ele>
      </trkpt>
      <trkpt lat="42.79225833714008" lon="-72.14507002383471">
        <ele>392</ele>
      </trkpt>
      <trkpt lat="42.7921399846673" lon="-72.14515996165574">
        <ele>392</ele>
      </trkpt>
      <trkpt lat="42.79202003963292" lon="-72.14524663053453">
        <ele>393</ele>
      </trkpt>
      <trkpt lat="42.7918949816376" lon="-72.14532332494855">
        <ele>393</ele>
      </trkpt>
      <trkpt lat="42.79164503328502" lon="-72.14545835740864">
        <ele>393</ele>
      </trkpt>
      <trkpt lat="42.79137999750674" lon="-72.14554670266807">
        <ele>393</ele>
      </trkpt>
      <trkpt lat="42.79124169610441" lon="-72.14557662606239">
        <ele>393</ele>
      </trkpt>
      <trkpt lat="42.79110498726368" lon="-72.14560001157224">
        <ele>393</ele>
      </trkpt>
      <trkpt lat="42.79096333310008" lon="-72.14562666602433">
        <ele>393</ele>
      </trkpt>
      <trkpt lat="42.79082167893648" lon="-72.14566002599895">
        <ele>392</ele>
      </trkpt>
      <trkpt lat="42.79068170115352" lon="-72.14570336043835">
        <ele>392</ele>
      </trkpt>
      <trkpt lat="42.79054331593215" lon="-72.14575499296188">
        <ele>392</ele>
      </trkpt>
      <trkpt lat="42.79040836729109" lon="-72.14581165462732">
        <ele>392</ele>
      </trkpt>
      <trkpt lat="42.7902783639729" lon="-72.14586663991213">
        <ele>392</ele>
      </trkpt>
      <trkpt lat="42.79002330265939" lon="-72.14597996324301">
        <ele>392</ele>
      </trkpt>
      <trkpt lat="42.78976329602301" lon="-72.14608331210911">
        <ele>392</ele>
      </trkpt>
      <trkpt lat="42.78962499462068" lon="-72.14611834846437">
        <ele>392</ele>
      </trkpt>
      <trkpt lat="42.78948836959898" lon="-72.14614667929709">
        <ele>391</ele>
      </trkpt>
      <trkpt lat="42.78934830799699" lon="-72.1461583301425">
        <ele>391</ele>
      </trkpt>
      <trkpt lat="42.78920665383339" lon="-72.14616000652313">
        <ele>391</ele>
      </trkpt>
      <trkpt lat="42.78906332328916" lon="-72.1461583301425">
        <ele>390</ele>
      </trkpt>
      <trkpt lat="42.78891663998365" lon="-72.14616168290377">
        <ele>390</ele>
      </trkpt>
      <trkpt lat="42.78877330943942" lon="-72.14616168290377">
        <ele>389</ele>
      </trkpt>
      <trkpt lat="42.78863165527582" lon="-72.1461633592844">
        <ele>389</ele>
      </trkpt>
      <trkpt lat="42.78849335387349" lon="-72.1461633592844">
        <ele>388</ele>
      </trkpt>
      <trkpt lat="42.78835664503276" lon="-72.14616000652313">
        <ele>388</ele>
      </trkpt>
      <trkpt lat="42.78821834363043" lon="-72.14615170843899">
        <ele>388</ele>
      </trkpt>
      <trkpt lat="42.78795163147151" lon="-72.1461583301425">
        <ele>387</ele>
      </trkpt>
      <trkpt lat="42.78769162483513" lon="-72.14622831903398">
        <ele>387</ele>
      </trkpt>
      <trkpt lat="42.78744000010192" lon="-72.14633166790009">
        <ele>387</ele>
      </trkpt>
      <trkpt lat="42.78720002621412" lon="-72.1464416384697">
        <ele>387</ele>
      </trkpt>
      <trkpt lat="42.78700497932732" lon="-72.14653333649039">
        <ele>387</ele>
      </trkpt>
      <trkpt lat="42.78686332516372" lon="-72.14661832898855">
        <ele>387</ele>
      </trkpt>
      <trkpt lat="42.78672829270363" lon="-72.14670499786735">
        <ele>388</ele>
      </trkpt>
      <trkpt lat="42.78658169321716" lon="-72.14660500176251">
        <ele>387</ele>
      </trkpt>
      <trkpt lat="42.78640164993703" lon="-72.14642001315951">
        <ele>387</ele>
      </trkpt>
      <trkpt lat="42.78629000298679" lon="-72.14628665708005">
        <ele>387</ele>
      </trkpt>
      <trkpt lat="42.78616335242987" lon="-72.14613670483232">
        <ele>386</ele>
      </trkpt>
      <trkpt lat="42.78603334911168" lon="-72.14599002152681">
        <ele>386</ele>
      </trkpt>
      <trkpt lat="42.78589169494808" lon="-72.14583663269877">
        <ele>386</ele>
      </trkpt>
      <trkpt lat="42.78574668802321" lon="-72.14568165130913">
        <ele>385</ele>
      </trkpt>
      <trkpt lat="42.78560168109834" lon="-72.14552499353886">
        <ele>384</ele>
      </trkpt>
      <trkpt lat="42.78545499779284" lon="-72.14536330662668">
        <ele>383</ele>
      </trkpt>
      <trkpt lat="42.7853066381067" lon="-72.14520170353353">
        <ele>382</ele>
      </trkpt>
      <trkpt lat="42.78515668585896" lon="-72.14503498747945">
        <ele>381</ele>
      </trkpt>
      <trkpt lat="42.78500664979219" lon="-72.1448683552444">
        <ele>379</ele>
      </trkpt>
      <trkpt lat="42.78485334478319" lon="-72.14469669386744">
        <ele>378</ele>
      </trkpt>
      <trkpt lat="42.78469836339355" lon="-72.14452167972922">
        <ele>377</ele>
      </trkpt>
      <trkpt lat="42.78454170562327" lon="-72.14434834197164">
        <ele>376</ele>
      </trkpt>
      <trkpt lat="42.78438337147236" lon="-72.14416997507215">
        <ele>374</ele>
      </trkpt>
      <trkpt lat="42.78422503732145" lon="-72.14399001561105">
        <ele>373</ele>
      </trkpt>
      <trkpt lat="42.78406335040927" lon="-72.14380829595029">
        <ele>371</ele>
      </trkpt>
      <trkpt lat="42.78390166349709" lon="-72.14362666010857">
        <ele>370</ele>
      </trkpt>
      <trkpt lat="42.78373997658491" lon="-72.14344829320908">
        <ele>368</ele>
      </trkpt>
      <trkpt lat="42.7835750207305" lon="-72.14326833374798">
        <ele>367</ele>
      </trkpt>
      <trkpt lat="42.78341333381832" lon="-72.14308502152562">
        <ele>366</ele>
      </trkpt>
      <trkpt lat="42.78325332328677" lon="-72.14290833100677">
        <ele>365</ele>
      </trkpt>
      <trkpt lat="42.78309331275523" lon="-72.14272669516504">
        <ele>364</ele>
      </trkpt>
      <trkpt lat="42.78293497860432" lon="-72.14254832826555">
        <ele>363</ele>
      </trkpt>
      <trkpt lat="42.78278334997594" lon="-72.14238337241113">
        <ele>362</ele>
      </trkpt>
      <trkpt lat="42.78264169581234" lon="-72.14223333634436">
        <ele>361</ele>
      </trkpt>
      <trkpt lat="42.78251001611352" lon="-72.14208665303886">
        <ele>360</ele>
      </trkpt>
      <trkpt lat="42.78238663449883" lon="-72.14194835163653">
        <ele>359</ele>
      </trkpt>
      <trkpt lat="42.78226333670318" lon="-72.1418116427958">
        <ele>358</ele>
      </trkpt>
      <trkpt lat="42.78213836252689" lon="-72.14167334139347">
        <ele>357</ele>
      </trkpt>
      <trkpt lat="42.78201330453157" lon="-72.14153336361051">
        <ele>357</ele>
      </trkpt>
      <trkpt lat="42.78188833035529" lon="-72.14138835668564">
        <ele>355</ele>
      </trkpt>
      <trkpt lat="42.78177165426314" lon="-72.14124997146428">
        <ele>354</ele>
      </trkpt>
      <trkpt lat="42.78166998177767" lon="-72.14112499728799">
        <ele>353</ele>
      </trkpt>
      <trkpt lat="42.78151835314929" lon="-72.1408966742456">
        <ele>351</ele>
      </trkpt>
      <trkpt lat="42.78144668787718" lon="-72.14067497290671">
        <ele>350</ele>
      </trkpt>
      <trkpt lat="42.78154333122075" lon="-72.14086331427097">
        <ele>351</ele>
      </trkpt>
      <trkpt lat="42.78168330900371" lon="-72.14106163010001">
        <ele>353</ele>
      </trkpt>
      <trkpt lat="42.78183669783175" lon="-72.14124334976077">
        <ele>355</ele>
      </trkpt>
      <trkpt lat="42.7819983009249" lon="-72.14144334197044">
        <ele>356</ele>
      </trkpt>
      <trkpt lat="42.7821999695152" lon="-72.14166831225157">
        <ele>358</ele>
      </trkpt>
      <trkpt lat="42.78230834752321" lon="-72.14179337024689">
        <ele>359</ele>
      </trkpt>
      <trkpt lat="42.78241999447346" lon="-72.14191834442317">
        <ele>359</ele>
      </trkpt>
      <trkpt lat="42.78253331780434" lon="-72.14203996583819">
        <ele>360</ele>
      </trkpt>
      <trkpt lat="42.78264831751585" lon="-72.14216670021415">
        <ele>361</ele>
      </trkpt>
      <trkpt lat="42.78276331722736" lon="-72.14229670353234">
        <ele>362</ele>
      </trkpt>
      <trkpt lat="42.78288166970015" lon="-72.14242997579277">
        <ele>362</ele>
      </trkpt>
      <trkpt lat="42.78300169855356" lon="-72.14256836101413">
        <ele>363</ele>
      </trkpt>
      <trkpt lat="42.78312164358795" lon="-72.14271001517773">
        <ele>364</ele>
      </trkpt>
      <trkpt lat="42.783243348822" lon="-72.14285502210259">
        <ele>365</ele>
      </trkpt>
      <trkpt lat="42.78337502852082" lon="-72.14300002902746">
        <ele>366</ele>
      </trkpt>
      <trkpt lat="42.78350670821965" lon="-72.14315333403647">
        <ele>366</ele>
      </trkpt>
      <trkpt lat="42.78363998048007" lon="-72.14331334456801">
        <ele>367</ele>
      </trkpt>
      <trkpt lat="42.78377836570144" lon="-72.14347670786083">
        <ele>368</ele>
      </trkpt>
      <trkpt lat="42.78391666710377" lon="-72.1436333656311">
        <ele>370</ele>
      </trkpt>
      <trkpt lat="42.7840549685061" lon="-72.14378834702075">
        <ele>371</ele>
      </trkpt>
      <trkpt lat="42.78419503010809" lon="-72.14394332841039">
        <ele>372</ele>
      </trkpt>
      <trkpt lat="42.78434003703296" lon="-72.14410333894193">
        <ele>374</ele>
      </trkpt>
      <trkpt lat="42.78448663651943" lon="-72.14426670223475">
        <ele>375</ele>
      </trkpt>
      <trkpt lat="42.7846366725862" lon="-72.14443165808916">
        <ele>376</ele>
      </trkpt>
      <trkpt lat="42.7847833558917" lon="-72.14459669776261">
        <ele>377</ele>
      </trkpt>
      <trkpt lat="42.78492836281657" lon="-72.14476165361702">
        <ele>379</ele>
      </trkpt>
      <trkpt lat="42.78507496230304" lon="-72.14492669329047">
        <ele>380</ele>
      </trkpt>
      <trkpt lat="42.78522164560854" lon="-72.14509164914489">
        <ele>381</ele>
      </trkpt>
      <trkpt lat="42.78537000529468" lon="-72.14525668881834">
        <ele>382</ele>
      </trkpt>
      <trkpt lat="42.78551668860018" lon="-72.14542164467275">
        <ele>383</ele>
      </trkpt>
      <trkpt lat="42.78566337190568" lon="-72.1455866843462">
        <ele>384</ele>
      </trkpt>
      <trkpt lat="42.78580997139215" lon="-72.14575164020061">
        <ele>385</ele>
      </trkpt>
      <trkpt lat="42.78595497831702" lon="-72.14591667987406">
        <ele>386</ele>
      </trkpt>
      <trkpt lat="42.78609998524189" lon="-72.14608331210911">
        <ele>386</ele>
      </trkpt>
      <trkpt lat="42.78624834492803" lon="-72.14624835178256">
        <ele>387</ele>
      </trkpt>
      <trkpt lat="42.78639335185289" lon="-72.14641498401761">
        <ele>387</ele>
      </trkpt>
      <trkpt lat="42.78653835877776" lon="-72.14658170007169">
        <ele>387</ele>
      </trkpt>
      <trkpt lat="42.7866883110255" lon="-72.14674497954547">
        <ele>388</ele>
      </trkpt>
      <trkpt lat="42.78683667071164" lon="-72.14690666645765">
        <ele>389</ele>
      </trkpt>
      <trkpt lat="42.78698503039777" lon="-72.14706164784729">
        <ele>390</ele>
      </trkpt>
      <trkpt lat="42.78713833540678" lon="-72.14721168391407">
        <ele>391</ele>
      </trkpt>
      <trkpt lat="42.78729331679642" lon="-72.14735333807766">
        <ele>391</ele>
      </trkpt>
      <trkpt lat="42.78745668008924" lon="-72.14748996309936">
        <ele>392</ele>
      </trkpt>
      <trkpt lat="42.78762331232429" lon="-72.14762499555945">
        <ele>392</ele>
      </trkpt>
      <trkpt lat="42.78779497370124" lon="-72.14775667525828">
        <ele>393</ele>
      </trkpt>
      <trkpt lat="42.78796998783946" lon="-72.14788667857647">
        <ele>393</ele>
      </trkpt>
      <trkpt lat="42.78815003111959" lon="-72.14800997637212">
        <ele>394</ele>
      </trkpt>
      <trkpt lat="42.78833334334195" lon="-72.14813000522554">
        <ele>395</ele>
      </trkpt>
      <trkpt lat="42.78852168470621" lon="-72.14824165217578">
        <ele>396</ele>
      </trkpt>
      <trkpt lat="42.78871329501271" lon="-72.14834667742252">
        <ele>397</ele>
      </trkpt>
      <trkpt lat="42.78890666551888" lon="-72.14844834990799">
        <ele>398</ele>
      </trkpt>
      <trkpt lat="42.78910003602505" lon="-72.14854499325156">
        <ele>399</ele>
      </trkpt>
      <trkpt lat="42.78929499909282" lon="-72.14863669127226">
        <ele>400</ele>
      </trkpt>
      <trkpt lat="42.78949163854122" lon="-72.14872168377042">
        <ele>401</ele>
      </trkpt>
      <trkpt lat="42.78968836180866" lon="-72.14880332350731">
        <ele>401</ele>
      </trkpt>
      <trkpt lat="42.78988835401833" lon="-72.1488849632442">
        <ele>402</ele>
      </trkpt>
      <trkpt lat="42.79008666984737" lon="-72.14896836318076">
        <ele>402</ele>
      </trkpt>
      <trkpt lat="42.79028666205704" lon="-72.14905000291765">
        <ele>402</ele>
      </trkpt>
      <trkpt lat="42.79048665426672" lon="-72.14913331903517">
        <ele>402</ele>
      </trkpt>
      <trkpt lat="42.79068664647639" lon="-72.1492166351527">
        <ele>402</ele>
      </trkpt>
      <trkpt lat="42.7908883150667" lon="-72.14930162765086">
        <ele>402</ele>
      </trkpt>
      <trkpt lat="42.79108830727637" lon="-72.14938829652965">
        <ele>400</ele>
      </trkpt>
      <trkpt lat="42.79128829948604" lon="-72.14947496540844">
        <ele>399</ele>
      </trkpt>
      <trkpt lat="42.79149164445698" lon="-72.14956331066787">
        <ele>399</ele>
      </trkpt>
      <trkpt lat="42.79169498942792" lon="-72.1496516559273">
        <ele>398</ele>
      </trkpt>
      <trkpt lat="42.7919000107795" lon="-72.14974167756736">
        <ele>398</ele>
      </trkpt>
      <trkpt lat="42.79211165383458" lon="-72.14983002282679">
        <ele>397</ele>
      </trkpt>
      <trkpt lat="42.79232170432806" lon="-72.14991836808622">
        <ele>397</ele>
      </trkpt>
      <trkpt lat="42.79253167100251" lon="-72.15000662952662">
        <ele>396</ele>
      </trkpt>
      <trkpt lat="42.79273836873472" lon="-72.15009329840541">
        <ele>396</ele>
      </trkpt>
      <trkpt lat="42.7929449826479" lon="-72.1501799672842">
        <ele>395</ele>
      </trkpt>
      <trkpt lat="42.79314832761884" lon="-72.15026495978236">
        <ele>395</ele>
      </trkpt>
      <trkpt lat="42.79335167258978" lon="-72.15035162866116">
        <ele>394</ele>
      </trkpt>
      <trkpt lat="42.79355334118009" lon="-72.15043997392058">
        <ele>394</ele>
      </trkpt>
      <trkpt lat="42.79375500977039" lon="-72.15052496641874">
        <ele>393</ele>
      </trkpt>
      <trkpt lat="42.79396003112197" lon="-72.15061163529754">
        <ele>393</ele>
      </trkpt>
      <trkpt lat="42.79416832141578" lon="-72.15069830417633">
        <ele>392</ele>
      </trkpt>
      <trkpt lat="42.79437669552863" lon="-72.15079000219703">
        <ele>391</ele>
      </trkpt>
      <trkpt lat="42.79458666220307" lon="-72.15088002383709">
        <ele>390</ele>
      </trkpt>
      <trkpt lat="42.79479662887752" lon="-72.15096996165812">
        <ele>390</ele>
      </trkpt>
      <trkpt lat="42.79500835575163" lon="-72.15105998329818">
        <ele>388</ele>
      </trkpt>
      <trkpt lat="42.79521832242608" lon="-72.15114329941571">
        <ele>388</ele>
      </trkpt>
      <trkpt lat="42.79542837291956" lon="-72.15122669935226">
        <ele>386</ele>
      </trkpt>
      <trkpt lat="42.79563833959401" lon="-72.15131169185042">
        <ele>385</ele>
      </trkpt>
      <trkpt lat="42.79584662988782" lon="-72.15139668434858">
        <ele>384</ele>
      </trkpt>
      <trkpt lat="42.79605332762003" lon="-72.15148502960801">
        <ele>382</ele>
      </trkpt>
      <trkpt lat="42.79626170173287" lon="-72.1515716984868">
        <ele>380</ele>
      </trkpt>
      <trkpt lat="42.79646831564605" lon="-72.15166163630784">
        <ele>378</ele>
      </trkpt>
      <trkpt lat="42.79667333699763" lon="-72.15174830518663">
        <ele>377</ele>
      </trkpt>
      <trkpt lat="42.79688003472984" lon="-72.15183329768479">
        <ele>376</ele>
      </trkpt>
      <trkpt lat="42.79708832502365" lon="-72.15191996656358">
        <ele>375</ele>
      </trkpt>
      <trkpt lat="42.7972982916981" lon="-72.15200831182301">
        <ele>374</ele>
      </trkpt>
      <trkpt lat="42.79750834219158" lon="-72.15209665708244">
        <ele>373</ele>
      </trkpt>
      <trkpt lat="42.79771830886602" lon="-72.1521866787225">
        <ele>372</ele>
      </trkpt>
      <trkpt lat="42.79793003574014" lon="-72.15227829292417">
        <ele>370</ele>
      </trkpt>
      <trkpt lat="42.79814167879522" lon="-72.15236831456423">
        <ele>369</ele>
      </trkpt>
      <trkpt lat="42.79835667461157" lon="-72.15245833620429">
        <ele>368</ele>
      </trkpt>
      <trkpt lat="42.79856999404728" lon="-72.15254835784435">
        <ele>367</ele>
      </trkpt>
      <trkpt lat="42.798783313483" lon="-72.15264332480729">
        <ele>365</ele>
      </trkpt>
      <trkpt lat="42.79899830929935" lon="-72.15273502282798">
        <ele>364</ele>
      </trkpt>
      <trkpt lat="42.79921162873507" lon="-72.15282336808741">
        <ele>362</ele>
      </trkpt>
      <trkpt lat="42.79942670837045" lon="-72.15291162952781">
        <ele>360</ele>
      </trkpt>
      <trkpt lat="42.7996417041868" lon="-72.1529982984066">
        <ele>359</ele>
      </trkpt>
      <trkpt lat="42.79985502362251" lon="-72.15308496728539">
        <ele>358</ele>
      </trkpt>
      <trkpt lat="42.80006499029696" lon="-72.15317666530609">
        <ele>358</ele>
      </trkpt>
      <trkpt lat="42.80027168802917" lon="-72.15326836332679">
        <ele>358</ele>
      </trkpt>
      <trkpt lat="42.80048165470362" lon="-72.15335830114782">
        <ele>359</ele>
      </trkpt>
      <trkpt lat="42.80069002881646" lon="-72.15344664640725">
        <ele>359</ele>
      </trkpt>
      <trkpt lat="42.80089664272964" lon="-72.15353331528604">
        <ele>359</ele>
      </trkpt>
      <trkpt lat="42.80110334046185" lon="-72.15361998416483">
        <ele>359</ele>
      </trkpt>
      <trkpt lat="42.80130668543279" lon="-72.15370330028236">
        <ele>359</ele>
      </trkpt>
      <trkpt lat="42.80151003040373" lon="-72.15378670021892">
        <ele>359</ele>
      </trkpt>
      <trkpt lat="42.80171169899404" lon="-72.15387169271708">
        <ele>359</ele>
      </trkpt>
      <trkpt lat="42.80190833844244" lon="-72.1539550088346">
        <ele>359</ele>
      </trkpt>
      <trkpt lat="42.80210162512958" lon="-72.15403664857149">
        <ele>359</ele>
      </trkpt>
      <trkpt lat="42.80229499563575" lon="-72.15411501936615">
        <ele>358</ele>
      </trkpt>
      <trkpt lat="42.80248668976128" lon="-72.15419162996113">
        <ele>358</ele>
      </trkpt>
      <trkpt lat="42.80267830006778" lon="-72.15426832437515">
        <ele>358</ele>
      </trkpt>
      <trkpt lat="42.80286999419332" lon="-72.15434837155044">
        <ele>359</ele>
      </trkpt>
      <trkpt lat="42.80306001193821" lon="-72.15443504042923">
        <ele>359</ele>
      </trkpt>
      <trkpt lat="42.80324667692184" lon="-72.1545316837728">
        <ele>360</ele>
      </trkpt>
      <trkpt lat="42.80343166552484" lon="-72.15463662520051">
        <ele>360</ele>
      </trkpt>
      <trkpt lat="42.80361330136657" lon="-72.15474835596979">
        <ele>361</ele>
      </trkpt>
      <trkpt lat="42.80378663912416" lon="-72.15486670844257">
        <ele>362</ele>
      </trkpt>
      <trkpt lat="42.8039466496557" lon="-72.15498497709632">
        <ele>363</ele>
      </trkpt>
      <trkpt lat="42.80409668572247" lon="-72.15510165318847">
        <ele>364</ele>
      </trkpt>
      <trkpt lat="42.80423331074417" lon="-72.15521497651935">
        <ele>364</ele>
      </trkpt>
      <trkpt lat="42.80435333959758" lon="-72.15532167814672">
        <ele>365</ele>
      </trkpt>
      <trkpt lat="42.80454000458121" lon="-72.15550666674972">
        <ele>366</ele>
      </trkpt>
      <trkpt lat="42.80466003343463" lon="-72.15564329177141">
        <ele>367</ele>
      </trkpt>
      <trkpt lat="42.80470001511276" lon="-72.15542670339346">
        <ele>366</ele>
      </trkpt>
      <trkpt lat="42.80467168428004" lon="-72.15518329292536">
        <ele>366</ele>
      </trkpt>
      <trkpt lat="42.80467998236418" lon="-72.15496502816677">
        <ele>365</ele>
      </trkpt>
      <trkpt lat="42.80469833873212" lon="-72.1547650359571">
        <ele>365</ele>
      </trkpt>
      <trkpt lat="42.80474829487503" lon="-72.15453336015344">
        <ele>364</ele>
      </trkpt>
      <trkpt lat="42.80478668399155" lon="-72.15425834991038">
        <ele>364</ele>
      </trkpt>
      <trkpt lat="42.80480001121759" lon="-72.15397998690605">
        <ele>363</ele>
      </trkpt>
      <trkpt lat="42.80480336397886" lon="-72.15368997305632">
        <ele>363</ele>
      </trkpt>
      <trkpt lat="42.8048066329211" lon="-72.15339995920658">
        <ele>362</ele>
      </trkpt>
      <trkpt lat="42.804811662063" lon="-72.15311497449875">
        <ele>363</ele>
      </trkpt>
      <trkpt lat="42.80483831651509" lon="-72.15283334255219">
        <ele>365</ele>
      </trkpt>
      <trkpt lat="42.80479665845633" lon="-72.15252002701163">
        <ele>366</ele>
      </trkpt>
      <trkpt lat="42.80475332401693" lon="-72.15215834788978">
        <ele>367</ele>
      </trkpt>
      <trkpt lat="42.80473496764898" lon="-72.15197335928679">
        <ele>367</ele>
      </trkpt>
      <trkpt lat="42.80471996404231" lon="-72.15178837068379">
        <ele>368</ele>
      </trkpt>
      <trkpt lat="42.80467998236418" lon="-72.15144337154925">
        <ele>367</ele>
      </trkpt>
      <trkpt lat="42.80464335344732" lon="-72.15111832134426">
        <ele>366</ele>
      </trkpt>
      <trkpt lat="42.804658357054" lon="-72.15082830749452">
        <ele>366</ele>
      </trkpt>
      <trkpt lat="42.80467830598354" lon="-72.15056167915463">
        <ele>367</ele>
      </trkpt>
      <trkpt lat="42.80467830598354" lon="-72.15029002167284">
        <ele>369</ele>
      </trkpt>
      <trkpt lat="42.80467168428004" lon="-72.14999665506184">
        <ele>370</ele>
      </trkpt>
      <trkpt lat="42.80464502982795" lon="-72.14969163760543">
        <ele>371</ele>
      </trkpt>
      <trkpt lat="42.80460664071143" lon="-72.14935502037406">
        <ele>373</ele>
      </trkpt>
      <trkpt lat="42.80457336455584" lon="-72.14901337400079">
        <ele>373</ele>
      </trkpt>
      <trkpt lat="42.80456330627203" lon="-72.1486883237958">
        <ele>373</ele>
      </trkpt>
      <trkpt lat="42.80450664460659" lon="-72.14837500825524">
        <ele>371</ele>
      </trkpt>
      <trkpt lat="42.80444998294115" lon="-72.148078372702">
        <ele>370</ele>
      </trkpt>
      <trkpt lat="42.80439667403698" lon="-72.14780336245894">
        <ele>369</ele>
      </trkpt>
      <trkpt lat="42.80434831045568" lon="-72.14751997031271">
        <ele>368</ele>
      </trkpt>
      <trkpt lat="42.80429835431278" lon="-72.14725837111473">
        <ele>368</ele>
      </trkpt>
      <trkpt lat="42.80425166711211" lon="-72.14705997146666">
        <ele>367</ele>
      </trkpt>
      <trkpt lat="42.8042283654213" lon="-72.14683835394681">
        <ele>367</ele>
      </trkpt>
      <trkpt lat="42.80421998351812" lon="-72.14664833620191">
        <ele>367</ele>
      </trkpt>
      <trkpt lat="42.80421663075686" lon="-72.1464516967535">
        <ele>368</ele>
      </trkpt>
      <trkpt lat="42.80420665629208" lon="-72.14620166458189">
        <ele>368</ele>
      </trkpt>
      <trkpt lat="42.80420833267272" lon="-72.14596663601696">
        <ele>368</ele>
      </trkpt>
      <trkpt lat="42.80425166711211" lon="-72.1457767020911">
        <ele>369</ele>
      </trkpt>
      <trkpt lat="42.80445165932178" lon="-72.14581836014986">
        <ele>370</ele>
      </trkpt>
      <trkpt lat="42.80461829155684" lon="-72.14583830907941">
        <ele>371</ele>
      </trkpt>
      <trkpt lat="42.80476002953947" lon="-72.14588499628007">
        <ele>371</ele>
      </trkpt>
      <trkpt lat="42.80492498539388" lon="-72.14596663601696">
        <ele>372</ele>
      </trkpt>
      <trkpt lat="42.8050949703902" lon="-72.14604333043098">
        <ele>374</ele>
      </trkpt>
      <trkpt lat="42.80523670837283" lon="-72.14614835567772">
        <ele>376</ele>
      </trkpt>
      <trkpt lat="42.8053766861558" lon="-72.1462566498667">
        <ele>378</ele>
      </trkpt>
      <trkpt lat="42.80549663119018" lon="-72.1463483478874">
        <ele>380</ele>
      </trkpt>
      <trkpt lat="42.80562495812774" lon="-72.14641498401761">
        <ele>382</ele>
      </trkpt>
      <trkpt lat="42.80576669611037" lon="-72.14648832567036">
        <ele>384</ele>
      </trkpt>
      <trkpt lat="42.80589334666729" lon="-72.14660667814314">
        <ele>386</ele>
      </trkpt>
      <trkpt lat="42.80601664446294" lon="-72.14671002700925">
        <ele>388</ele>
      </trkpt>
      <trkpt lat="42.80616165138781" lon="-72.14681002311409">
        <ele>391</ele>
      </trkpt>
      <trkpt lat="42.8062850330025" lon="-72.14689166285098">
        <ele>394</ele>
      </trkpt>
      <trkpt lat="42.80644169077277" lon="-72.14698998257518">
        <ele>397</ele>
      </trkpt>
      <trkpt lat="42.80658837407827" lon="-72.14710833504796">
        <ele>400</ele>
      </trkpt>
      <trkpt lat="42.80671670101583" lon="-72.14718829840422">
        <ele>402</ele>
      </trkpt>
      <trkpt lat="42.80688500963151" lon="-72.14728502556682">
        <ele>404</ele>
      </trkpt>
      <trkpt lat="42.80705667100847" lon="-72.14735995978117">
        <ele>406</ele>
      </trkpt>
      <trkpt lat="42.80724501237273" lon="-72.14743003249168">
        <ele>409</ele>
      </trkpt>
      <trkpt lat="42.80739831738174" lon="-72.14747169055045">
        <ele>410</ele>
      </trkpt>
      <trkpt lat="42.80756503343582" lon="-72.14751334860921">
        <ele>412</ele>
      </trkpt>
      <trkpt lat="42.8077216912061" lon="-72.14757168665528">
        <ele>414</ele>
      </trkpt>
      <trkpt lat="42.80787667259574" lon="-72.14762667194009">
        <ele>415</ele>
      </trkpt>
      <trkpt lat="42.80806669034064" lon="-72.14767662808299">
        <ele>416</ele>
      </trkpt>
      <trkpt lat="42.80819996260107" lon="-72.14771669358015">
        <ele>417</ele>
      </trkpt>
      <trkpt lat="42.8083533514291" lon="-72.14775835163891">
        <ele>418</ele>
      </trkpt>
      <trkpt lat="42.80850003473461" lon="-72.14778835885227">
        <ele>419</ele>
      </trkpt>
      <trkpt lat="42.80865166336298" lon="-72.14782666414976">
        <ele>420</ele>
      </trkpt>
      <trkpt lat="42.8088266775012" lon="-72.14785834774375">
        <ele>422</ele>
      </trkpt>
      <trkpt lat="42.80903002247214" lon="-72.14789003133774">
        <ele>424</ele>
      </trkpt>
      <trkpt lat="42.80925331637263" lon="-72.14794166386127">
        <ele>426</ele>
      </trkpt>
      <trkpt lat="42.80946169048548" lon="-72.14798835106194">
        <ele>427</ele>
      </trkpt>
      <trkpt lat="42.80960996635258" lon="-72.1480249799788">
        <ele>428</ele>
      </trkpt>
      <trkpt lat="42.80977500602603" lon="-72.14808667078614">
        <ele>429</ele>
      </trkpt>
      <trkpt lat="42.80998002737761" lon="-72.14815003797412">
        <ele>430</ele>
      </trkpt>
      <trkpt lat="42.81019167043269" lon="-72.14819831773639">
        <ele>430</ele>
      </trkpt>
      <trkpt lat="42.81037162989378" lon="-72.14824332855642">
        <ele>430</ele>
      </trkpt>
      <trkpt lat="42.81052996404469" lon="-72.14830334298313">
        <ele>430</ele>
      </trkpt>
      <trkpt lat="42.81069668009877" lon="-72.14842337183654">
        <ele>430</ele>
      </trkpt>
      <trkpt lat="42.81088502146304" lon="-72.14858170598745">
        <ele>430</ele>
      </trkpt>
      <trkpt lat="42.81110337004066" lon="-72.14875495992601">
        <ele>429</ele>
      </trkpt>
      <trkpt lat="42.81130000948906" lon="-72.14891664683819">
        <ele>427</ele>
      </trkpt>
      <trkpt lat="42.81151668168604" lon="-72.14909333735704">
        <ele>424</ele>
      </trkpt>
      <trkpt lat="42.81172664836049" lon="-72.14931168593466">
        <ele>422</ele>
      </trkpt>
      <trkpt lat="42.81192337162793" lon="-72.14956163428724">
        <ele>419</ele>
      </trkpt>
      <trkpt lat="42.81210500746965" lon="-72.14981166645885">
        <ele>417</ele>
      </trkpt>
      <trkpt lat="42.81229502521455" lon="-72.15004334226251">
        <ele>414</ele>
      </trkpt>
      <trkpt lat="42.81249166466296" lon="-72.15026001445949">
        <ele>411</ele>
      </trkpt>
      <trkpt lat="42.81267665326595" lon="-72.15047668665648">
        <ele>410</ele>
      </trkpt>
      <trkpt lat="42.81285502016544" lon="-72.15069168247283">
        <ele>409</ele>
      </trkpt>
      <trkpt lat="42.81302332878113" lon="-72.15092000551522">
        <ele>408</ele>
      </trkpt>
      <trkpt lat="42.81318333931267" lon="-72.15118168853223">
        <ele>406</ele>
      </trkpt>
      <trkpt lat="42.81333496794105" lon="-72.1514633204788">
        <ele>404</ele>
      </trkpt>
      <trkpt lat="42.81340336427093" lon="-72.15162333101034">
        <ele>402</ele>
      </trkpt>
      <trkpt lat="42.81347000040114" lon="-72.15179331600666">
        <ele>402</ele>
      </trkpt>
      <trkpt lat="42.81353496015072" lon="-72.15196665376425">
        <ele>401</ele>
      </trkpt>
      <trkpt lat="42.81360168009996" lon="-72.1521433442831">
        <ele>401</ele>
      </trkpt>
      <trkpt lat="42.81366169452667" lon="-72.1523283328861">
        <ele>400</ele>
      </trkpt>
      <trkpt lat="42.81371165066957" lon="-72.1525133214891">
        <ele>400</ele>
      </trkpt>
      <trkpt lat="42.81376001425087" lon="-72.15269336476922">
        <ele>399</ele>
      </trkpt>
      <trkpt lat="42.81380670145154" lon="-72.15287164784968">
        <ele>399</ele>
      </trkpt>
      <trkpt lat="42.81392832286656" lon="-72.15318001806736">
        <ele>398</ele>
      </trkpt>
      <trkpt lat="42.81409000977874" lon="-72.15345997363329">
        <ele>397</ele>
      </trkpt>
      <trkpt lat="42.81417667865753" lon="-72.15360330417752">
        <ele>397</ele>
      </trkpt>
      <trkpt lat="42.81426167115569" lon="-72.15375334024429">
        <ele>397</ele>
      </trkpt>
      <trkpt lat="42.81434666365385" lon="-72.1539116743952">
        <ele>397</ele>
      </trkpt>
      <trkpt lat="42.81443668529391" lon="-72.15407000854611">
        <ele>397</ele>
      </trkpt>
      <trkpt lat="42.8145183250308" lon="-72.15423001907766">
        <ele>397</ele>
      </trkpt>
      <trkpt lat="42.81463500112295" lon="-72.15454836376011">
        <ele>396</ele>
      </trkpt>
      <trkpt lat="42.81468831002712" lon="-72.15489663183689">
        <ele>395</ele>
      </trkpt>
      <trkpt lat="42.81469836831093" lon="-72.15508664958179">
        <ele>394</ele>
      </trkpt>
      <trkpt lat="42.81469836831093" lon="-72.15528337284923">
        <ele>393</ele>
      </trkpt>
      <trkpt lat="42.81469166278839" lon="-72.15548001229763">
        <ele>392</ele>
      </trkpt>
      <trkpt lat="42.81468336470425" lon="-72.15567329898477">
        <ele>390</ele>
      </trkpt>
      <trkpt lat="42.81468831002712" lon="-72.1558700222522">
        <ele>389</ele>
      </trkpt>
      <trkpt lat="42.81470163725317" lon="-72.1560616325587">
        <ele>387</ele>
      </trkpt>
      <trkpt lat="42.81472669914365" lon="-72.15624997392297">
        <ele>386</ele>
      </trkpt>
      <trkpt lat="42.81476668082178" lon="-72.15643496252596">
        <ele>384</ele>
      </trkpt>
      <trkpt lat="42.81481998972595" lon="-72.15661165304482">
        <ele>383</ele>
      </trkpt>
      <trkpt lat="42.81487665139139" lon="-72.15678666718304">
        <ele>382</ele>
      </trkpt>
      <trkpt lat="42.81492333859205" lon="-72.15696000494063">
        <ele>381</ele>
      </trkpt>
      <trkpt lat="42.81497664749622" lon="-72.15731665492058">
        <ele>380</ele>
      </trkpt>
      <trkpt lat="42.81498167663813" lon="-72.15750499628484">
        <ele>379</ele>
      </trkpt>
      <trkpt lat="42.81498167663813" lon="-72.15768998488784">
        <ele>378</ele>
      </trkpt>
      <trkpt lat="42.81497329473495" lon="-72.15805334039032">
        <ele>377</ele>
      </trkpt>
      <trkpt lat="42.81496164388955" lon="-72.15836003422737">
        <ele>376</ele>
      </trkpt>
      <trkpt lat="42.81494337134063" lon="-72.15860998257995">
        <ele>375</ele>
      </trkpt>
      <trkpt lat="42.81487832777202" lon="-72.15885833837092">
        <ele>375</ele>
      </trkpt>
      <trkpt lat="42.8147466480732" lon="-72.15911666862667">
        <ele>375</ele>
      </trkpt>
      <trkpt lat="42.8145566303283" lon="-72.15937332250178">
        <ele>374</ele>
      </trkpt>
      <trkpt lat="42.81445001251996" lon="-72.1595050022006">
        <ele>374</ele>
      </trkpt>
      <trkpt lat="42.81434498727322" lon="-72.15963332913816">
        <ele>374</ele>
      </trkpt>
      <trkpt lat="42.81424331478775" lon="-72.15975503437221">
        <ele>374</ele>
      </trkpt>
      <trkpt lat="42.8140399698168" lon="-72.15998168103397">
        <ele>374</ele>
      </trkpt>
      <trkpt lat="42.81383335590363" lon="-72.16020665131509">
        <ele>375</ele>
      </trkpt>
      <trkpt lat="42.81372497789562" lon="-72.16032668016851">
        <ele>375</ele>
      </trkpt>
      <trkpt lat="42.81360662542284" lon="-72.16045500710607">
        <ele>375</ele>
      </trkpt>
      <trkpt lat="42.81348835676908" lon="-72.1605933085084">
        <ele>375</ele>
      </trkpt>
      <trkpt lat="42.81337168067694" lon="-72.16073663905263">
        <ele>375</ele>
      </trkpt>
      <trkpt lat="42.81325165182352" lon="-72.16087829321623">
        <ele>374</ele>
      </trkpt>
      <trkpt lat="42.8131300304085" lon="-72.16101667843759">
        <ele>374</ele>
      </trkpt>
      <trkpt lat="42.81300664879382" lon="-72.16115833260119">
        <ele>373</ele>
      </trkpt>
      <trkpt lat="42.81288335099816" lon="-72.16130669228733">
        <ele>373</ele>
      </trkpt>
      <trkpt lat="42.81276332214475" lon="-72.16145664453506">
        <ele>372</ele>
      </trkpt>
      <trkpt lat="42.8126466460526" lon="-72.16161330230534">
        <ele>372</ele>
      </trkpt>
      <trkpt lat="42.81252670101821" lon="-72.16176501475275">
        <ele>371</ele>
      </trkpt>
      <trkpt lat="42.81240834854543" lon="-72.16191664338112">
        <ele>370</ele>
      </trkpt>
      <trkpt lat="42.81229167245328" lon="-72.16206500306726">
        <ele>369</ele>
      </trkpt>
      <trkpt lat="42.81218002550304" lon="-72.16221000999212">
        <ele>368</ele>
      </trkpt>
      <trkpt lat="42.8120750002563" lon="-72.16234336607158">
        <ele>368</ele>
      </trkpt>
      <trkpt lat="42.81197500415146" lon="-72.16246834024787">
        <ele>367</ele>
      </trkpt>
      <trkpt lat="42.81178331002593" lon="-72.16271837241948">
        <ele>365</ele>
      </trkpt>
      <trkpt lat="42.81159169971943" lon="-72.16295834630728">
        <ele>364</ele>
      </trkpt>
      <trkpt lat="42.81142163090408" lon="-72.16317501850426">
        <ele>362</ele>
      </trkpt>
      <trkpt lat="42.81126832589507" lon="-72.16336000710726">
        <ele>361</ele>
      </trkpt>
      <trkpt lat="42.81112667173147" lon="-72.16352496296167">
        <ele>360</ele>
      </trkpt>
      <trkpt lat="42.81099834479392" lon="-72.16368170455098">
        <ele>359</ele>
      </trkpt>
      <trkpt lat="42.81086498871446" lon="-72.16385001316667">
        <ele>358</ele>
      </trkpt>
      <trkpt lat="42.81075166538358" lon="-72.16400667093694">
        <ele>357</ele>
      </trkpt>
      <trkpt lat="42.81064001843333" lon="-72.16414832510054">
        <ele>356</ele>
      </trkpt>
      <trkpt lat="42.81048000790179" lon="-72.1643316373229">
        <ele>356</ele>
      </trkpt>
      <trkpt lat="42.81029996462166" lon="-72.16454830951989">
        <ele>355</ele>
      </trkpt>
      <trkpt lat="42.81014003790915" lon="-72.16474335640669">
        <ele>355</ele>
      </trkpt>
      <trkpt lat="42.80998832546175" lon="-72.16491837054491">
        <ele>355</ele>
      </trkpt>
      <trkpt lat="42.80984331853688" lon="-72.16508667916059">
        <ele>355</ele>
      </trkpt>
      <trkpt lat="42.80970166437328" lon="-72.16524995863438">
        <ele>355</ele>
      </trkpt>
      <trkpt lat="42.80955833382905" lon="-72.16542002744973">
        <ele>355</ele>
      </trkpt>
      <trkpt lat="42.80942330136895" lon="-72.16558833606541">
        <ele>355</ele>
      </trkpt>
      <trkpt lat="42.80928164720535" lon="-72.1657667029649">
        <ele>356</ele>
      </trkpt>
      <trkpt lat="42.80913496389985" lon="-72.1659516915679">
        <ele>356</ele>
      </trkpt>
      <trkpt lat="42.80898333527148" lon="-72.16613835655153">
        <ele>356</ele>
      </trkpt>
      <trkpt lat="42.80883329920471" lon="-72.16632996685803">
        <ele>355</ele>
      </trkpt>
      <trkpt lat="42.80867001973093" lon="-72.16653163544834">
        <ele>355</ele>
      </trkpt>
      <trkpt lat="42.80851000919938" lon="-72.16673665679991">
        <ele>354</ele>
      </trkpt>
      <trkpt lat="42.80834664590657" lon="-72.16693002730608">
        <ele>353</ele>
      </trkpt>
      <trkpt lat="42.80816668644547" lon="-72.16712499037385">
        <ele>352</ele>
      </trkpt>
      <trkpt lat="42.80795998871326" lon="-72.16728500090539">
        <ele>350</ele>
      </trkpt>
      <trkpt lat="42.80772663652897" lon="-72.16736001893878">
        <ele>350</ele>
      </trkpt>
      <trkpt lat="42.80747501179576" lon="-72.16732330620289">
        <ele>349</ele>
      </trkpt>
      <trkpt lat="42.80722665600479" lon="-72.16717335395515">
        <ele>349</ele>
      </trkpt>
      <trkpt lat="42.80710503458977" lon="-72.16708668507636">
        <ele>349</ele>
      </trkpt>
      <trkpt lat="42.80697503127158" lon="-72.1670016925782">
        <ele>349</ele>
      </trkpt>
      <trkpt lat="42.80684335157275" lon="-72.16691334731877">
        <ele>349</ele>
      </trkpt>
      <trkpt lat="42.80670496635139" lon="-72.16682835482061">
        <ele>350</ele>
      </trkpt>
      <trkpt lat="42.80656834132969" lon="-72.16674663126469">
        <ele>350</ele>
      </trkpt>
      <trkpt lat="42.80643498525023" lon="-72.16667337343097">
        <ele>350</ele>
      </trkpt>
      <trkpt lat="42.80630330555141" lon="-72.16659667901695">
        <ele>351</ele>
      </trkpt>
      <trkpt lat="42.80617162585258" lon="-72.16651168651879">
        <ele>352</ele>
      </trkpt>
      <trkpt lat="42.80603332445025" lon="-72.16642501763999">
        <ele>352</ele>
      </trkpt>
      <trkpt lat="42.80589669942856" lon="-72.16634002514184">
        <ele>353</ele>
      </trkpt>
      <trkpt lat="42.80575663782656" lon="-72.16625503264368">
        <ele>353</ele>
      </trkpt>
      <trkpt lat="42.80561330728233" lon="-72.16617163270712">
        <ele>354</ele>
      </trkpt>
      <trkpt lat="42.8054699767381" lon="-72.16608337126672">
        <ele>354</ele>
      </trkpt>
      <trkpt lat="42.80532496981323" lon="-72.16599167324603">
        <ele>355</ele>
      </trkpt>
      <trkpt lat="42.80517837032676" lon="-72.16590165160596">
        <ele>355</ele>
      </trkpt>
      <trkpt lat="42.80502833425999" lon="-72.1658100374043">
        <ele>356</ele>
      </trkpt>
      <trkpt lat="42.80487670563161" lon="-72.16572169214487">
        <ele>358</ele>
      </trkpt>
      <trkpt lat="42.80472499318421" lon="-72.16563167050481">
        <ele>359</ele>
      </trkpt>
      <trkpt lat="42.8045716881752" lon="-72.16554332524538">
        <ele>360</ele>
      </trkpt>
      <trkpt lat="42.8044199757278" lon="-72.16544835828245">
        <ele>362</ele>
      </trkpt>
      <trkpt lat="42.80426667071879" lon="-72.16535666026175">
        <ele>362</ele>
      </trkpt>
      <trkpt lat="42.80411663465202" lon="-72.16527502052486">
        <ele>363</ele>
      </trkpt>
      <trkpt lat="42.80397003516555" lon="-72.16521668247879">
        <ele>362</ele>
      </trkpt>
      <trkpt lat="42.80371497385204" lon="-72.16521668247879">
        <ele>362</ele>
      </trkpt>
      <trkpt lat="42.80349167995155" lon="-72.16537996195257">
        <ele>360</ele>
      </trkpt>
      <trkpt lat="42.80338330194354" lon="-72.16551499441266">
        <ele>360</ele>
      </trkpt>
      <trkpt lat="42.80326997861266" lon="-72.1656633540988">
        <ele>359</ele>
      </trkpt>
      <trkpt lat="42.80315003357828" lon="-72.16582001186907">
        <ele>358</ele>
      </trkpt>
      <trkpt lat="42.80302329920232" lon="-72.16598337516189">
        <ele>358</ele>
      </trkpt>
      <trkpt lat="42.80288835056126" lon="-72.16613500379026">
        <ele>357</ele>
      </trkpt>
      <trkpt lat="42.8027483727783" lon="-72.16627665795386">
        <ele>357</ele>
      </trkpt>
      <trkpt lat="42.80260663479567" lon="-72.16640498489141">
        <ele>356</ele>
      </trkpt>
      <trkpt lat="42.80246330425143" lon="-72.16651998460293">
        <ele>356</ele>
      </trkpt>
      <trkpt lat="42.80231829732656" lon="-72.16662500984967">
        <ele>356</ele>
      </trkpt>
      <trkpt lat="42.80217496678233" lon="-72.16672165319324">
        <ele>356</ele>
      </trkpt>
      <trkpt lat="42.80202995985746" lon="-72.16681335121393">
        <ele>357</ele>
      </trkpt>
      <trkpt lat="42.80188830569386" lon="-72.1669099945575">
        <ele>357</ele>
      </trkpt>
      <trkpt lat="42.80175503343344" lon="-72.16701669618487">
        <ele>358</ele>
      </trkpt>
      <trkpt lat="42.80162997543812" lon="-72.16713496483862">
        <ele>359</ele>
      </trkpt>
      <trkpt lat="42.80150500126183" lon="-72.16726329177618">
        <ele>360</ele>
      </trkpt>
      <trkpt lat="42.80138664878905" lon="-72.16740502975881">
        <ele>362</ele>
      </trkpt>
      <trkpt lat="42.80127332545817" lon="-72.16755665838718">
        <ele>363</ele>
      </trkpt>
      <trkpt lat="42.80116830021143" lon="-72.16771834529936">
        <ele>364</ele>
      </trkpt>
      <trkpt lat="42.80106830410659" lon="-72.16788330115378">
        <ele>366</ele>
      </trkpt>
      <trkpt lat="42.80097501352429" lon="-72.16805001720786">
        <ele>367</ele>
      </trkpt>
      <trkpt lat="42.80089002102613" lon="-72.16821497306228">
        <ele>368</ele>
      </trkpt>
      <trkpt lat="42.80081165023148" lon="-72.16836836189032">
        <ele>369</ele>
      </trkpt>
      <trkpt lat="42.80068499967456" lon="-72.16862669214606">
        <ele>370</ele>
      </trkpt>
      <trkpt lat="42.80060998164117" lon="-72.1688199788332">
        <ele>371</ele>
      </trkpt>
      <trkpt lat="42.80052498914301" lon="-72.16899834573269">
        <ele>372</ele>
      </trkpt>
      <trkpt lat="42.80042331665754" lon="-72.16918501071632">
        <ele>372</ele>
      </trkpt>
      <trkpt lat="42.80024335719645" lon="-72.16946169734001">
        <ele>373</ele>
      </trkpt>
      <trkpt lat="42.80013497918844" lon="-72.16959002427757">
        <ele>373</ele>
      </trkpt>
      <trkpt lat="42.80001168139279" lon="-72.16971164569259">
        <ele>374</ele>
      </trkpt>
      <trkpt lat="42.79988335445523" lon="-72.16981499455869">
        <ele>374</ele>
      </trkpt>
      <trkpt lat="42.79974999837577" lon="-72.16989998705685">
        <ele>374</ele>
      </trkpt>
      <trkpt lat="42.79962502419949" lon="-72.16998665593565">
        <ele>373</ele>
      </trkpt>
      <trkpt lat="42.79941329732537" lon="-72.17018170282245">
        <ele>373</ele>
      </trkpt>
      <trkpt lat="42.79929335229099" lon="-72.1704516839236">
        <ele>372</ele>
      </trkpt>
      <trkpt lat="42.79928664676845" lon="-72.17082501389086">
        <ele>372</ele>
      </trkpt>
      <trkpt lat="42.79934330843389" lon="-72.17104000970721">
        <ele>372</ele>
      </trkpt>
      <trkpt lat="42.79939670115709" lon="-72.17124997638166">
        <ele>373</ele>
      </trkpt>
      <trkpt lat="42.79945001006126" lon="-72.17144502326846">
        <ele>373</ele>
      </trkpt>
      <trkpt lat="42.79950331896544" lon="-72.17162665911019">
        <ele>374</ele>
      </trkpt>
      <trkpt lat="42.79954330064356" lon="-72.17181500047445">
        <ele>374</ele>
      </trkpt>
      <trkpt lat="42.79957330785692" lon="-72.17200669459999">
        <ele>374</ele>
      </trkpt>
      <trkpt lat="42.79959669336677" lon="-72.17220501042902">
        <ele>374</ele>
      </trkpt>
      <trkpt lat="42.79961169697344" lon="-72.17240835539997">
        <ele>374</ele>
      </trkpt>
      <trkpt lat="42.79962502419949" lon="-72.17261002399027">
        <ele>374</ele>
      </trkpt>
      <trkpt lat="42.79962502419949" lon="-72.17281663790345">
        <ele>374</ele>
      </trkpt>
      <trkpt lat="42.79961169697344" lon="-72.17302165925503">
        <ele>373</ele>
      </trkpt>
      <trkpt lat="42.79958336614072" lon="-72.17322835698724">
        <ele>372</ele>
      </trkpt>
      <trkpt lat="42.79954665340483" lon="-72.17342499643564">
        <ele>372</ele>
      </trkpt>
      <trkpt lat="42.79948999173939" lon="-72.17361669056118">
        <ele>371</ele>
      </trkpt>
      <trkpt lat="42.79941170476377" lon="-72.17380503192544">
        <ele>370</ele>
      </trkpt>
      <trkpt lat="42.79932168312371" lon="-72.1739833150059">
        <ele>369</ele>
      </trkpt>
      <trkpt lat="42.79923166148365" lon="-72.17416168190539">
        <ele>368</ele>
      </trkpt>
      <trkpt lat="42.79915002174675" lon="-72.17434164136648">
        <ele>368</ele>
      </trkpt>
      <trkpt lat="42.79908497817814" lon="-72.17452998273075">
        <ele>368</ele>
      </trkpt>
      <trkpt lat="42.7990283165127" lon="-72.17472167685628">
        <ele>369</ele>
      </trkpt>
      <trkpt lat="42.79898665845394" lon="-72.17491831630468">
        <ele>369</ele>
      </trkpt>
      <trkpt lat="42.79896503314376" lon="-72.17512166127563">
        <ele>370</ele>
      </trkpt>
      <trkpt lat="42.79895329847932" lon="-72.17533498071134">
        <ele>371</ele>
      </trkpt>
      <trkpt lat="42.79893997125328" lon="-72.17555165290833">
        <ele>371</ele>
      </trkpt>
      <trkpt lat="42.79893670231104" lon="-72.17577167786658">
        <ele>372</ele>
      </trkpt>
      <trkpt lat="42.79893997125328" lon="-72.17598835006356">
        <ele>373</ele>
      </trkpt>
      <trkpt lat="42.79893829487264" lon="-72.17620502226055">
        <ele>373</ele>
      </trkpt>
      <trkpt lat="42.79894500039518" lon="-72.1764266397804">
        <ele>374</ele>
      </trkpt>
      <trkpt lat="42.79894332401454" lon="-72.17664666473866">
        <ele>374</ele>
      </trkpt>
      <trkpt lat="42.79893997125328" lon="-72.17686668969691">
        <ele>374</ele>
      </trkpt>
      <trkpt lat="42.79892832040787" lon="-72.17708663083613">
        <ele>374</ele>
      </trkpt>
      <trkpt lat="42.79891164042056" lon="-72.17730162665248">
        <ele>374</ele>
      </trkpt>
      <trkpt lat="42.7988816332072" lon="-72.17750832438469">
        <ele>373</ele>
      </trkpt>
      <trkpt lat="42.79883502982557" lon="-72.17770337127149">
        <ele>373</ele>
      </trkpt>
      <trkpt lat="42.79877166263759" lon="-72.17788835987449">
        <ele>372</ele>
      </trkpt>
      <trkpt lat="42.79868331737816" lon="-72.17806664295495">
        <ele>371</ele>
      </trkpt>
      <trkpt lat="42.7985866740346" lon="-72.17824668623507">
        <ele>370</ele>
      </trkpt>
      <trkpt lat="42.7985000051558" lon="-72.17842496931553">
        <ele>368</ele>
      </trkpt>
      <trkpt lat="42.79843169264495" lon="-72.17861163429916">
        <ele>367</ele>
      </trkpt>
      <trkpt lat="42.79837335459888" lon="-72.17880668118596">
        <ele>366</ele>
      </trkpt>
      <trkpt lat="42.79833169654012" lon="-72.1790100261569">
        <ele>365</ele>
      </trkpt>
      <trkpt lat="42.79830168932676" lon="-72.17921337112784">
        <ele>364</ele>
      </trkpt>
      <trkpt lat="42.79827503487468" lon="-72.17941168695688">
        <ele>363</ele>
      </trkpt>
      <trkpt lat="42.79825835488737" lon="-72.17959667555988">
        <ele>362</ele>
      </trkpt>
      <trkpt lat="42.79819163493812" lon="-72.17991669662297">
        <ele>360</ele>
      </trkpt>
      <trkpt lat="42.7980649843812" lon="-72.18021165579557">
        <ele>357</ele>
      </trkpt>
      <trkpt lat="42.79797496274114" lon="-72.18035163357854">
        <ele>356</ele>
      </trkpt>
      <trkpt lat="42.7978749666363" lon="-72.18048666603863">
        <ele>355</ele>
      </trkpt>
      <trkpt lat="42.79777002520859" lon="-72.1806266438216">
        <ele>353</ele>
      </trkpt>
      <trkpt lat="42.79765334911644" lon="-72.1807682979852">
        <ele>352</ele>
      </trkpt>
      <trkpt lat="42.79752837494016" lon="-72.18090668320656">
        <ele>351</ele>
      </trkpt>
      <trkpt lat="42.7974016405642" lon="-72.18103668652475">
        <ele>350</ele>
      </trkpt>
      <trkpt lat="42.79727331362665" lon="-72.18116333708167">
        <ele>349</ele>
      </trkpt>
      <trkpt lat="42.79714498668909" lon="-72.18128336593509">
        <ele>348</ele>
      </trkpt>
      <trkpt lat="42.79701665975153" lon="-72.1813999582082">
        <ele>347</ele>
      </trkpt>
      <trkpt lat="42.79689168557525" lon="-72.18151831068099">
        <ele>346</ele>
      </trkpt>
      <trkpt lat="42.79677165672183" lon="-72.1816333103925">
        <ele>345</ele>
      </trkpt>
      <trkpt lat="42.79665330424905" lon="-72.18174998648465">
        <ele>345</ele>
      </trkpt>
      <trkpt lat="42.79653168283403" lon="-72.18187001533806">
        <ele>345</ele>
      </trkpt>
      <trkpt lat="42.79640662483871" lon="-72.18199331313372">
        <ele>345</ele>
      </trkpt>
      <trkpt lat="42.79627670533955" lon="-72.18211996369064">
        <ele>345</ele>
      </trkpt>
      <trkpt lat="42.79614167287946" lon="-72.18225164338946">
        <ele>344</ele>
      </trkpt>
      <trkpt lat="42.79600496403873" lon="-72.18238835223019">
        <ele>344</ele>
      </trkpt>
      <trkpt lat="42.79586498625576" lon="-72.18252330087125">
        <ele>343</ele>
      </trkpt>
      <trkpt lat="42.7957250084728" lon="-72.18265833333135">
        <ele>344</ele>
      </trkpt>
      <trkpt lat="42.79558670707047" lon="-72.18279001303017">
        <ele>345</ele>
      </trkpt>
      <trkpt lat="42.79544832184911" lon="-72.18292336910963">
        <ele>346</ele>
      </trkpt>
      <trkpt lat="42.79531002044678" lon="-72.18305337242782">
        <ele>347</ele>
      </trkpt>
      <trkpt lat="42.79517163522542" lon="-72.18318329192698">
        <ele>348</ele>
      </trkpt>
      <trkpt lat="42.79503333382308" lon="-72.1833149716258">
        <ele>349</ele>
      </trkpt>
      <trkpt lat="42.79489830136299" lon="-72.18344665132463">
        <ele>350</ele>
      </trkpt>
      <trkpt lat="42.79475999996066" lon="-72.18357665464282">
        <ele>352</ele>
      </trkpt>
      <trkpt lat="42.79462496750057" lon="-72.18370833434165">
        <ele>353</ele>
      </trkpt>
      <trkpt lat="42.79449001885951" lon="-72.18384336680174">
        <ele>355</ele>
      </trkpt>
      <trkpt lat="42.79435498639941" lon="-72.18397496268153">
        <ele>356</ele>
      </trkpt>
      <trkpt lat="42.79421836137772" lon="-72.18410002067685">
        <ele>358</ele>
      </trkpt>
      <trkpt lat="42.79408668167889" lon="-72.18422499485314">
        <ele>359</ele>
      </trkpt>
      <trkpt lat="42.79395332559943" lon="-72.18434670008719">
        <ele>360</ele>
      </trkpt>
      <trkpt lat="42.79382332228124" lon="-72.18446002341807">
        <ele>360</ele>
      </trkpt>
      <trkpt lat="42.79370170086622" lon="-72.18457829207182">
        <ele>361</ele>
      </trkpt>
      <trkpt lat="42.79358334839344" lon="-72.18469329178333">
        <ele>361</ele>
      </trkpt>
      <trkpt lat="42.79346667230129" lon="-72.1847949642688">
        <ele>362</ele>
      </trkpt>
      <trkpt lat="42.79321664012969" lon="-72.18491499312222">
        <ele>362</ele>
      </trkpt>
      <trkpt lat="42.79296501539648" lon="-72.18496503308415">
        <ele>363</ele>
      </trkpt>
      <trkpt lat="42.79270333237946" lon="-72.18504499644041">
        <ele>364</ele>
      </trkpt>
      <trkpt lat="42.7925633545965" lon="-72.18509336002171">
        <ele>365</ele>
      </trkpt>
      <trkpt lat="42.7924232929945" lon="-72.18514499254525">
        <ele>366</ele>
      </trkpt>
      <trkpt lat="42.79227996245027" lon="-72.18519830144942">
        <ele>366</ele>
      </trkpt>
      <trkpt lat="42.79213663190603" lon="-72.18525663949549">
        <ele>367</ele>
      </trkpt>
      <trkpt lat="42.79199162498116" lon="-72.18531833030283">
        <ele>368</ele>
      </trkpt>
      <trkpt lat="42.79184670187533" lon="-72.18537499196827">
        <ele>369</ele>
      </trkpt>
      <trkpt lat="42.79169498942792" lon="-72.18542670831084">
        <ele>369</ele>
      </trkpt>
      <trkpt lat="42.79154503718019" lon="-72.18547163531184">
        <ele>369</ele>
      </trkpt>
      <trkpt lat="42.79139667749405" lon="-72.18551664613187">
        <ele>370</ele>
      </trkpt>
      <trkpt lat="42.79125334694982" lon="-72.18556333333254">
        <ele>370</ele>
      </trkpt>
      <trkpt lat="42.79111169278622" lon="-72.1856049913913">
        <ele>370</ele>
      </trkpt>
      <trkpt lat="42.79096333310008" lon="-72.1856432966888">
        <ele>370</ele>
      </trkpt>
      <trkpt lat="42.79081329703331" lon="-72.18568000942469">
        <ele>371</ele>
      </trkpt>
      <trkpt lat="42.79066166840494" lon="-72.18571336939931">
        <ele>371</ele>
      </trkpt>
      <trkpt lat="42.79050501063466" lon="-72.18573667109013">
        <ele>371</ele>
      </trkpt>
      <trkpt lat="42.79034332372248" lon="-72.18575335107744">
        <ele>371</ele>
      </trkpt>
      <trkpt lat="42.79018331319094" lon="-72.18577665276825">
        <ele>371</ele>
      </trkpt>
      <trkpt lat="42.79003000818193" lon="-72.18580163083971">
        <ele>372</ele>
      </trkpt>
      <trkpt lat="42.78987670317292" lon="-72.18583331443369">
        <ele>372</ele>
      </trkpt>
      <trkpt lat="42.78973001986742" lon="-72.18587329611182">
        <ele>371</ele>
      </trkpt>
      <trkpt lat="42.78958836570382" lon="-72.18591998331249">
        <ele>371</ele>
      </trkpt>
      <trkpt lat="42.78944830410182" lon="-72.18597002327442">
        <ele>371</ele>
      </trkpt>
      <trkpt lat="42.78930832631886" lon="-72.18601662665606">
        <ele>370</ele>
      </trkpt>
      <trkpt lat="42.7891683485359" lon="-72.18605996109545">
        <ele>370</ele>
      </trkpt>
      <trkpt lat="42.78902166523039" lon="-72.18610170297325">
        <ele>370</ele>
      </trkpt>
      <trkpt lat="42.78887665830553" lon="-72.18614336103201">
        <ele>369</ele>
      </trkpt>
      <trkpt lat="42.78872502967715" lon="-72.18618669547141">
        <ele>369</ele>
      </trkpt>
      <trkpt lat="42.78856996446848" lon="-72.18623665161431">
        <ele>369</ele>
      </trkpt>
      <trkpt lat="42.78841163031757" lon="-72.18627830967307">
        <ele>368</ele>
      </trkpt>
      <trkpt lat="42.78825497254729" lon="-72.18632164411247">
        <ele>368</ele>
      </trkpt>
      <trkpt lat="42.78809496201575" lon="-72.1863666549325">
        <ele>368</ele>
      </trkpt>
      <trkpt lat="42.78793830424547" lon="-72.18640663661063">
        <ele>367</ele>
      </trkpt>
      <trkpt lat="42.78777997009456" lon="-72.18644334934652">
        <ele>367</ele>
      </trkpt>
      <trkpt lat="42.78763001784682" lon="-72.18648165464401">
        <ele>367</ele>
      </trkpt>
      <trkpt lat="42.78748501092196" lon="-72.1865183673799">
        <ele>367</ele>
      </trkpt>
      <trkpt lat="42.78733665123582" lon="-72.18656002543867">
        <ele>367</ele>
      </trkpt>
      <trkpt lat="42.78719332069159" lon="-72.18660998158157">
        <ele>367</ele>
      </trkpt>
      <trkpt lat="42.78705501928926" lon="-72.18666337430477">
        <ele>368</ele>
      </trkpt>
      <trkpt lat="42.78691663406789" lon="-72.18670830130577">
        <ele>368</ele>
      </trkpt>
      <trkpt lat="42.78677330352366" lon="-72.1867466904223">
        <ele>368</ele>
      </trkpt>
      <trkpt lat="42.78662997297943" lon="-72.18677502125502">
        <ele>369</ele>
      </trkpt>
      <trkpt lat="42.78648664243519" lon="-72.18680335208774">
        <ele>369</ele>
      </trkpt>
      <trkpt lat="42.78634666465223" lon="-72.18683000653982">
        <ele>369</ele>
      </trkpt>
      <trkpt lat="42.78608665801585" lon="-72.18690670095384">
        <ele>370</ele>
      </trkpt>
      <trkpt lat="42.78595330193639" lon="-72.18695498071611">
        <ele>370</ele>
      </trkpt>
      <trkpt lat="42.78581835329533" lon="-72.18700166791677">
        <ele>371</ele>
      </trkpt>
      <trkpt lat="42.78566999360919" lon="-72.18703335151076">
        <ele>371</ele>
      </trkpt>
      <trkpt lat="42.78552833944559" lon="-72.18706000596285">
        <ele>372</ele>
      </trkpt>
      <trkpt lat="42.78537830337882" lon="-72.18709168955684">
        <ele>372</ele>
      </trkpt>
      <trkpt lat="42.78523832559586" lon="-72.18713502399623">
        <ele>373</ele>
      </trkpt>
      <trkpt lat="42.78509331867099" lon="-72.18717835843563">
        <ele>373</ele>
      </trkpt>
      <trkpt lat="42.78494663536549" lon="-72.18722496181726">
        <ele>374</ele>
      </trkpt>
      <trkpt lat="42.78480162844062" lon="-72.18727332539856">
        <ele>374</ele>
      </trkpt>
      <trkpt lat="42.78465502895415" lon="-72.18732168897986">
        <ele>374</ele>
      </trkpt>
      <trkpt lat="42.78450666926801" lon="-72.18737164512277">
        <ele>374</ele>
      </trkpt>
      <trkpt lat="42.78435168787837" lon="-72.18742000870407">
        <ele>374</ele>
      </trkpt>
      <trkpt lat="42.78419335372746" lon="-72.18746669590473">
        <ele>374</ele>
      </trkpt>
      <trkpt lat="42.78403501957655" lon="-72.18751170672476">
        <ele>375</ele>
      </trkpt>
      <trkpt lat="42.78388330712914" lon="-72.18755663372576">
        <ele>375</ele>
      </trkpt>
      <trkpt lat="42.78373830020428" lon="-72.18759669922292">
        <ele>375</ele>
      </trkpt>
      <trkpt lat="42.78360167518258" lon="-72.18763500452042">
        <ele>375</ele>
      </trkpt>
      <trkpt lat="42.78346999548376" lon="-72.18767666257918">
        <ele>376</ele>
      </trkpt>
      <trkpt lat="42.78320998884737" lon="-72.18776836059988">
        <ele>376</ele>
      </trkpt>
      <trkpt lat="42.78295333497226" lon="-72.18785335309803">
        <ele>377</ele>
      </trkpt>
      <trkpt lat="42.78269835747778" lon="-72.18793666921556">
        <ele>378</ele>
      </trkpt>
      <trkpt lat="42.78256164863706" lon="-72.18796835280955">
        <ele>379</ele>
      </trkpt>
      <trkpt lat="42.78241664171219" lon="-72.1879983600229">
        <ele>379</ele>
      </trkpt>
      <trkpt lat="42.78226995840669" lon="-72.18802333809435">
        <ele>378</ele>
      </trkpt>
      <trkpt lat="42.78212168253958" lon="-72.18805669806898">
        <ele>377</ele>
      </trkpt>
      <trkpt lat="42.78198002837598" lon="-72.18810003250837">
        <ele>377</ele>
      </trkpt>
      <trkpt lat="42.78183334507048" lon="-72.18814998865128">
        <ele>376</ele>
      </trkpt>
      <trkpt lat="42.78169001452625" lon="-72.18820170499384">
        <ele>376</ele>
      </trkpt>
      <trkpt lat="42.78154333122075" lon="-72.18825166113675">
        <ele>376</ele>
      </trkpt>
      <trkpt lat="42.78139329515398" lon="-72.18829834833741">
        <ele>376</ele>
      </trkpt>
      <trkpt lat="42.78125164099038" lon="-72.18834168277681">
        <ele>376</ele>
      </trkpt>
      <trkpt lat="42.78110998682678" lon="-72.18839499168098">
        <ele>376</ele>
      </trkpt>
      <trkpt lat="42.78097830712795" lon="-72.18845165334642">
        <ele>377</ele>
      </trkpt>
      <trkpt lat="42.78075166046619" lon="-72.18854829668999">
        <ele>378</ele>
      </trkpt>
      <trkpt lat="42.78055669739842" lon="-72.18861166387796">
        <ele>378</ele>
      </trkpt>
      <trkpt lat="42.78038830496371" lon="-72.18863337300718">
        <ele>379</ele>
      </trkpt>
      <trkpt lat="42.78019669465721" lon="-72.18860001303256">
        <ele>379</ele>
      </trkpt>
      <trkpt lat="42.77998496778309" lon="-72.18854829668999">
        <ele>378</ele>
      </trkpt>
      <trkpt lat="42.77983501553535" lon="-72.18854502774775">
        <ele>378</ele>
      </trkpt>
      <trkpt lat="42.77971004135907" lon="-72.1886199619621">
        <ele>379</ele>
      </trkpt>
      <trkpt lat="42.77969998307526" lon="-72.18880830332637">
        <ele>380</ele>
      </trkpt>
      <trkpt lat="42.77970333583653" lon="-72.1890433318913">
        <ele>382</ele>
      </trkpt>
      <trkpt lat="42.77968665584922" lon="-72.18932337127626">
        <ele>383</ele>
      </trkpt>
      <trkpt lat="42.77962999418378" lon="-72.18964163213968">
        <ele>383</ele>
      </trkpt>
      <trkpt lat="42.7795600052923" lon="-72.1900016348809">
        <ele>383</ele>
      </trkpt>
      <trkpt lat="42.77952329255641" lon="-72.19020665623248">
        <ele>382</ele>
      </trkpt>
      <trkpt lat="42.77948666363955" lon="-72.19041670672596">
        <ele>382</ele>
      </trkpt>
      <trkpt lat="42.77945003472269" lon="-72.19062332063913">
        <ele>381</ele>
      </trkpt>
      <trkpt lat="42.77940996922553" lon="-72.19083001837134">
        <ele>381</ele>
      </trkpt>
      <trkpt lat="42.77935666032135" lon="-72.19103336334229">
        <ele>380</ele>
      </trkpt>
      <trkpt lat="42.77929496951401" lon="-72.19123335555196">
        <ele>379</ele>
      </trkpt>
      <trkpt lat="42.77922498062253" lon="-72.19142496585846">
        <ele>378</ele>
      </trkpt>
      <trkpt lat="42.77914837002754" lon="-72.19159997999668">
        <ele>377</ele>
      </trkpt>
      <trkpt lat="42.77907167561352" lon="-72.1917683724314">
        <ele>376</ele>
      </trkpt>
      <trkpt lat="42.77899003587663" lon="-72.19194330275059">
        <ele>376</ele>
      </trkpt>
      <trkpt lat="42.77890663594007" lon="-72.19212502241135">
        <ele>377</ele>
      </trkpt>
      <trkpt lat="42.77882499620318" lon="-72.19230498187244">
        <ele>377</ele>
      </trkpt>
      <trkpt lat="42.77874503284693" lon="-72.19248502515256">
        <ele>378</ele>
      </trkpt>
      <trkpt lat="42.77866833843291" lon="-72.19266330823302">
        <ele>378</ele>
      </trkpt>
      <trkpt lat="42.77859332039952" lon="-72.19283496960998">
        <ele>379</ele>
      </trkpt>
      <trkpt lat="42.77851997874677" lon="-72.19300503842533">
        <ele>380</ele>
      </trkpt>
      <trkpt lat="42.77844496071339" lon="-72.19317669980228">
        <ele>381</ele>
      </trkpt>
      <trkpt lat="42.77836667373776" lon="-72.19334836117923">
        <ele>382</ele>
      </trkpt>
      <trkpt lat="42.77828830294311" lon="-72.19352329149842">
        <ele>383</ele>
      </trkpt>
      <trkpt lat="42.77821001596749" lon="-72.19370333477855">
        <ele>383</ele>
      </trkpt>
      <trkpt lat="42.7781349979341" lon="-72.19388497062027">
        <ele>384</ele>
      </trkpt>
      <trkpt lat="42.77806500904262" lon="-72.19406669028103">
        <ele>384</ele>
      </trkpt>
      <trkpt lat="42.77799502015114" lon="-72.19424832612276">
        <ele>385</ele>
      </trkpt>
      <trkpt lat="42.77792503125966" lon="-72.19442669302225">
        <ele>385</ele>
      </trkpt>
      <trkpt lat="42.77785495854914" lon="-72.19460003077984">
        <ele>385</ele>
      </trkpt>
      <trkpt lat="42.77778832241893" lon="-72.19476666301489">
        <ele>385</ele>
      </trkpt>
      <trkpt lat="42.77771665714681" lon="-72.1949249971658">
        <ele>385</ele>
      </trkpt>
      <trkpt lat="42.77758003212512" lon="-72.19524334184825">
        <ele>385</ele>
      </trkpt>
      <trkpt lat="42.7775099594146" lon="-72.19540670514107">
        <ele>385</ele>
      </trkpt>
      <trkpt lat="42.77743334881961" lon="-72.19557501375675">
        <ele>386</ele>
      </trkpt>
      <trkpt lat="42.77735665440559" lon="-72.19575002789497">
        <ele>386</ele>
      </trkpt>
      <trkpt lat="42.77728163637221" lon="-72.19592495821416">
        <ele>386</ele>
      </trkpt>
      <trkpt lat="42.77721164748073" lon="-72.19609670341015">
        <ele>386</ele>
      </trkpt>
      <trkpt lat="42.77714668773115" lon="-72.19626668840647">
        <ele>387</ele>
      </trkpt>
      <trkpt lat="42.7770849969238" lon="-72.19643332064152">
        <ele>387</ele>
      </trkpt>
      <trkpt lat="42.77697167359293" lon="-72.19677169807255">
        <ele>387</ele>
      </trkpt>
      <trkpt lat="42.77690998278558" lon="-72.19694000668824">
        <ele>387</ele>
      </trkpt>
      <trkpt lat="42.77684334665537" lon="-72.19710496254265">
        <ele>387</ele>
      </trkpt>
      <trkpt lat="42.77677662670612" lon="-72.19727335497737">
        <ele>388</ele>
      </trkpt>
      <trkpt lat="42.77670663781464" lon="-72.19744501635432">
        <ele>388</ele>
      </trkpt>
      <trkpt lat="42.77663497254252" lon="-72.19761500135064">
        <ele>387</ele>
      </trkpt>
      <trkpt lat="42.77656498365104" lon="-72.19778833910823">
        <ele>387</ele>
      </trkpt>
      <trkpt lat="42.77649667114019" lon="-72.19796829856932">
        <ele>387</ele>
      </trkpt>
      <trkpt lat="42.77643162757158" lon="-72.19815999269485">
        <ele>386</ele>
      </trkpt>
      <trkpt lat="42.77637496590614" lon="-72.19834833405912">
        <ele>386</ele>
      </trkpt>
      <trkpt lat="42.77633003890514" lon="-72.19853835180402">
        <ele>386</ele>
      </trkpt>
      <trkpt lat="42.77624831534922" lon="-72.19886499457061">
        <ele>385</ele>
      </trkpt>
      <trkpt lat="42.77616332285106" lon="-72.19918836839497">
        <ele>384</ele>
      </trkpt>
      <trkpt lat="42.77611001394689" lon="-72.19936832785606">
        <ele>383</ele>
      </trkpt>
      <trkpt lat="42.77605670504272" lon="-72.19956337474287">
        <ele>383</ele>
      </trkpt>
      <trkpt lat="42.77599995955825" lon="-72.19976495951414">
        <ele>383</ele>
      </trkpt>
      <trkpt lat="42.77594329789281" lon="-72.19997165724635">
        <ele>383</ele>
      </trkpt>
      <trkpt lat="42.77588998898864" lon="-72.20017500221729">
        <ele>383</ele>
      </trkpt>
      <trkpt lat="42.7758333273232" lon="-72.20037499442697">
        <ele>383</ele>
      </trkpt>
      <trkpt lat="42.77577331289649" lon="-72.2005616594106">
        <ele>383</ele>
      </trkpt>
      <trkpt lat="42.77571497485042" lon="-72.20074002631009">
        <ele>383</ele>
      </trkpt>
      <trkpt lat="42.77566334232688" lon="-72.20091168768704">
        <ele>384</ele>
      </trkpt>
      <trkpt lat="42.7755449898541" lon="-72.20123833045363">
        <ele>389</ele>
      </trkpt>
      <trkpt lat="42.77548003010452" lon="-72.20140169374645">
        <ele>391</ele>
      </trkpt>
      <trkpt lat="42.77541331015527" lon="-72.20156497322023">
        <ele>393</ele>
      </trkpt>
      <trkpt lat="42.77534164488316" lon="-72.20173168927431">
        <ele>395</ele>
      </trkpt>
      <trkpt lat="42.7752683032304" lon="-72.20189329236746">
        <ele>397</ele>
      </trkpt>
      <trkpt lat="42.77510334737599" lon="-72.20217668451369">
        <ele>400</ele>
      </trkpt>
      <trkpt lat="42.77500502765179" lon="-72.20230333507061">
        <ele>401</ele>
      </trkpt>
      <trkpt lat="42.77490000240505" lon="-72.20242504030466">
        <ele>402</ele>
      </trkpt>
      <trkpt lat="42.77479497715831" lon="-72.20254498533905">
        <ele>402</ele>
      </trkpt>
      <trkpt lat="42.7746900357306" lon="-72.20267498865724">
        <ele>403</ele>
      </trkpt>
      <trkpt lat="42.77459163218737" lon="-72.2028149664402">
        <ele>403</ele>
      </trkpt>
      <trkpt lat="42.77450337074697" lon="-72.20296667888761">
        <ele>404</ele>
      </trkpt>
      <trkpt lat="42.77442499995232" lon="-72.20312836579978">
        <ele>404</ele>
      </trkpt>
      <trkpt lat="42.77431829832494" lon="-72.20345836132765">
        <ele>405</ele>
      </trkpt>
      <trkpt lat="42.7742066513747" lon="-72.20377502962947">
        <ele>406</ele>
      </trkpt>
      <trkpt lat="42.77414001524448" lon="-72.20393998548388">
        <ele>406</ele>
      </trkpt>
      <trkpt lat="42.7740599680692" lon="-72.2041099704802">
        <ele>407</ele>
      </trkpt>
      <trkpt lat="42.7739717066288" lon="-72.20428003929555">
        <ele>407</ele>
      </trkpt>
      <trkpt lat="42.77388663031161" lon="-72.2044466715306">
        <ele>407</ele>
      </trkpt>
      <trkpt lat="42.77380834333599" lon="-72.20459670759737">
        <ele>408</ele>
      </trkpt>
      <trkpt lat="42.77366836555302" lon="-72.20486668869853">
        <ele>408</ele>
      </trkpt>
      <trkpt lat="42.77354163117707" lon="-72.20512334257364">
        <ele>408</ele>
      </trkpt>
      <trkpt lat="42.77345336973667" lon="-72.20540170557797">
        <ele>408</ele>
      </trkpt>
      <trkpt lat="42.77341162785888" lon="-72.20569163560867">
        <ele>408</ele>
      </trkpt>
      <trkpt lat="42.77336670085788" lon="-72.20597167499363">
        <ele>408</ele>
      </trkpt>
      <trkpt lat="42.77331666089594" lon="-72.20626504160464">
        <ele>409</ele>
      </trkpt>
      <trkpt lat="42.77325664646924" lon="-72.20659168437123">
        <ele>410</ele>
      </trkpt>
      <trkpt lat="42.77319503948092" lon="-72.20691832713783">
        <ele>412</ele>
      </trkpt>
      <trkpt lat="42.77314164675772" lon="-72.20721831545234">
        <ele>414</ele>
      </trkpt>
      <trkpt lat="42.77306998148561" lon="-72.20748997293413">
        <ele>416</ele>
      </trkpt>
      <trkpt lat="42.77295003645122" lon="-72.20773665234447">
        <ele>415</ele>
      </trkpt>
      <trkpt lat="42.77277166955173" lon="-72.20796329900622">
        <ele>415</ele>
      </trkpt>
      <trkpt lat="42.77260998263955" lon="-72.20819002948701">
        <ele>415</ele>
      </trkpt>
      <trkpt lat="42.77247335761786" lon="-72.20839496701956">
        <ele>414</ele>
      </trkpt>
      <trkpt lat="42.77233329601586" lon="-72.20860669389367">
        <ele>414</ele>
      </trkpt>
      <trkpt lat="42.77217169292271" lon="-72.20882168971002">
        <ele>413</ele>
      </trkpt>
      <trkpt lat="42.77197329327464" lon="-72.2090283036232">
        <ele>412</ele>
      </trkpt>
      <trkpt lat="42.77175502851605" lon="-72.20921496860683">
        <ele>412</ele>
      </trkpt>
      <trkpt lat="42.77153332717717" lon="-72.20938503742218">
        <ele>410</ele>
      </trkpt>
      <trkpt lat="42.77132168412209" lon="-72.2095499932766">
        <ele>408</ele>
      </trkpt>
      <trkpt lat="42.77112831361592" lon="-72.20974830910563">
        <ele>406</ele>
      </trkpt>
      <trkpt lat="42.77097500860691" lon="-72.20993497408926">
        <ele>405</ele>
      </trkpt>
      <trkpt lat="42.77084332890809" lon="-72.21009330824018">
        <ele>405</ele>
      </trkpt>
      <trkpt lat="42.77071500197053" lon="-72.21025331877172">
        <ele>404</ele>
      </trkpt>
      <trkpt lat="42.7705833222717" lon="-72.21036496572196">
        <ele>404</ele>
      </trkpt>
      <trkpt lat="42.77046329341829" lon="-72.21049999818206">
        <ele>403</ele>
      </trkpt>
      <trkpt lat="42.77039162814617" lon="-72.21066830679774">
        <ele>403</ele>
      </trkpt>
      <trkpt lat="42.77029330842197" lon="-72.21085329540074">
        <ele>402</ele>
      </trkpt>
      <trkpt lat="42.77018166147172" lon="-72.21103996038437">
        <ele>401</ele>
      </trkpt>
      <trkpt lat="42.77006004005671" lon="-72.21124162897468">
        <ele>400</ele>
      </trkpt>
      <trkpt lat="42.76993330568075" lon="-72.21145335584879">
        <ele>398</ele>
      </trkpt>
      <trkpt lat="42.7698049787432" lon="-72.21167832612991">
        <ele>396</ele>
      </trkpt>
      <trkpt lat="42.76968000456691" lon="-72.21189835108817">
        <ele>395</ele>
      </trkpt>
      <trkpt lat="42.76955335400999" lon="-72.21211669966578">
        <ele>393</ele>
      </trkpt>
      <trkpt lat="42.76944003067911" lon="-72.21231996081769">
        <ele>392</ele>
      </trkpt>
      <trkpt lat="42.76932167820632" lon="-72.21252498216927">
        <ele>390</ele>
      </trkpt>
      <trkpt lat="42.76920500211418" lon="-72.2127549815923">
        <ele>388</ele>
      </trkpt>
      <trkpt lat="42.76908170431852" lon="-72.21298162825406">
        <ele>386</ele>
      </trkpt>
      <trkpt lat="42.76897667907178" lon="-72.21315999515355">
        <ele>385</ele>
      </trkpt>
      <trkpt lat="42.76886670850217" lon="-72.2133366856724">
        <ele>384</ele>
      </trkpt>
      <trkpt lat="42.76875665411353" lon="-72.21352997235954">
        <ele>384</ele>
      </trkpt>
      <trkpt lat="42.76864835992455" lon="-72.21369668841362">
        <ele>383</ele>
      </trkpt>
      <trkpt lat="42.76854836381972" lon="-72.21386164426804">
        <ele>383</ele>
      </trkpt>
      <trkpt lat="42.76843830943108" lon="-72.21405166201293">
        <ele>383</ele>
      </trkpt>
      <trkpt lat="42.76833998970687" lon="-72.21420831978321">
        <ele>382</ele>
      </trkpt>
      <trkpt lat="42.76821501553059" lon="-72.21440001390874">
        <ele>382</ele>
      </trkpt>
      <trkpt lat="42.76808836497366" lon="-72.21459832973778">
        <ele>381</ele>
      </trkpt>
      <trkpt lat="42.76795836165547" lon="-72.21479999832809">
        <ele>381</ele>
      </trkpt>
      <trkpt lat="42.76783162727952" lon="-72.21500837244093">
        <ele>380</ele>
      </trkpt>
      <trkpt lat="42.76770003139973" lon="-72.21523837186396">
        <ele>379</ele>
      </trkpt>
      <trkpt lat="42.76757664978504" lon="-72.21544330939651">
        <ele>378</ele>
      </trkpt>
      <trkpt lat="42.76746165007353" lon="-72.21564003266394">
        <ele>377</ele>
      </trkpt>
      <trkpt lat="42.76734170503914" lon="-72.21583499573171">
        <ele>376</ele>
      </trkpt>
      <trkpt lat="42.76723500341177" lon="-72.21599835902452">
        <ele>376</ele>
      </trkpt>
      <trkpt lat="42.76715168729424" lon="-72.21614336594939">
        <ele>375</ele>
      </trkpt>
      <trkpt lat="42.76704833842814" lon="-72.21630832180381">
        <ele>374</ele>
      </trkpt>
      <trkpt lat="42.76695496402681" lon="-72.21647336147726">
        <ele>374</ele>
      </trkpt>
      <trkpt lat="42.76686334982514" lon="-72.21662331372499">
        <ele>373</ele>
      </trkpt>
      <trkpt lat="42.7667583245784" lon="-72.21679665148258">
        <ele>372</ele>
      </trkpt>
      <trkpt lat="42.76662329211831" lon="-72.21703168004751">
        <ele>372</ele>
      </trkpt>
      <trkpt lat="42.7664633654058" lon="-72.21731834113598">
        <ele>371</ele>
      </trkpt>
      <trkpt lat="42.76636336930096" lon="-72.21746167168021">
        <ele>371</ele>
      </trkpt>
      <trkpt lat="42.766268318519" lon="-72.21760500222445">
        <ele>371</ele>
      </trkpt>
      <trkpt lat="42.7661750279367" lon="-72.21775168552995">
        <ele>371</ele>
      </trkpt>
      <trkpt lat="42.76608500629663" lon="-72.21790499053895">
        <ele>370</ele>
      </trkpt>
      <trkpt lat="42.7659916318953" lon="-72.21805502660573">
        <ele>370</ele>
      </trkpt>
      <trkpt lat="42.76589498855174" lon="-72.21819500438869">
        <ele>370</ele>
      </trkpt>
      <trkpt lat="42.76571167632937" lon="-72.21842835657299">
        <ele>370</ele>
      </trkpt>
      <trkpt lat="42.76552333496511" lon="-72.21858995966613">
        <ele>371</ele>
      </trkpt>
      <trkpt lat="42.76529165916145" lon="-72.21867168322206">
        <ele>371</ele>
      </trkpt>
      <trkpt lat="42.76515000499785" lon="-72.21867830492556">
        <ele>372</ele>
      </trkpt>
      <trkpt lat="42.76499996893108" lon="-72.21866833046079">
        <ele>372</ele>
      </trkpt>
      <trkpt lat="42.76484163478017" lon="-72.21864335238934">
        <ele>372</ele>
      </trkpt>
      <trkpt lat="42.76469168253243" lon="-72.21862834878266">
        <ele>372</ele>
      </trkpt>
      <trkpt lat="42.76454499922693" lon="-72.21861502155662">
        <ele>372</ele>
      </trkpt>
      <trkpt lat="42.76440502144396" lon="-72.21860999241471">
        <ele>372</ele>
      </trkpt>
      <trkpt lat="42.76425833813846" lon="-72.21860831603408">
        <ele>373</ele>
      </trkpt>
      <trkpt lat="42.76412003673613" lon="-72.21860831603408">
        <ele>373</ele>
      </trkpt>
      <trkpt lat="42.7639833278954" lon="-72.21860337071121">
        <ele>373</ele>
      </trkpt>
      <trkpt lat="42.76384829543531" lon="-72.21859163604677">
        <ele>373</ele>
      </trkpt>
      <trkpt lat="42.76371334679425" lon="-72.21857998520136">
        <ele>373</ele>
      </trkpt>
      <trkpt lat="42.76357663795352" lon="-72.21856665797532">
        <ele>373</ele>
      </trkpt>
      <trkpt lat="42.76343666017056" lon="-72.21855165436864">
        <ele>373</ele>
      </trkpt>
      <trkpt lat="42.76329500600696" lon="-72.21853665076196">
        <ele>373</ele>
      </trkpt>
      <trkpt lat="42.76315502822399" lon="-72.21852332353592">
        <ele>373</ele>
      </trkpt>
      <trkpt lat="42.76301496662199" lon="-72.21851167269051">
        <ele>374</ele>
      </trkpt>
      <trkpt lat="42.76275663636625" lon="-72.21848166547716">
        <ele>374</ele>
      </trkpt>
      <trkpt lat="42.76262168772519" lon="-72.21847001463175">
        <ele>374</ele>
      </trkpt>
      <trkpt lat="42.76235832832754" lon="-72.21843003295362">
        <ele>374</ele>
      </trkpt>
      <trkpt lat="42.7622149977833" lon="-72.21840664744377">
        <ele>374</ele>
      </trkpt>
      <trkpt lat="42.7620683144778" lon="-72.21838837489486">
        <ele>374</ele>
      </trkpt>
      <trkpt lat="42.76192330755293" lon="-72.21837999299169">
        <ele>374</ele>
      </trkpt>
      <trkpt lat="42.76177670806646" lon="-72.21838334575295">
        <ele>374</ele>
      </trkpt>
      <trkpt lat="42.76163002476096" lon="-72.21839332021773">
        <ele>373</ele>
      </trkpt>
      <trkpt lat="42.76148837059736" lon="-72.21840832382441">
        <ele>373</ele>
      </trkpt>
      <trkpt lat="42.76135333813727" lon="-72.21842165105045">
        <ele>372</ele>
      </trkpt>
      <trkpt lat="42.76121830567718" lon="-72.21843330189586">
        <ele>371</ele>
      </trkpt>
      <trkpt lat="42.76095997542143" lon="-72.21851167269051">
        <ele>370</ele>
      </trkpt>
      <trkpt lat="42.76082997210324" lon="-72.21857998520136">
        <ele>369</ele>
      </trkpt>
      <trkpt lat="42.76069829240441" lon="-72.21864502876997">
        <ele>368</ele>
      </trkpt>
      <trkpt lat="42.76056502014399" lon="-72.21870495937765">
        <ele>367</ele>
      </trkpt>
      <trkpt lat="42.76043334044516" lon="-72.21875332295895">
        <ele>366</ele>
      </trkpt>
      <trkpt lat="42.7602999843657" lon="-72.21879330463707">
        <ele>366</ele>
      </trkpt>
      <trkpt lat="42.7601583302021" lon="-72.21883001737297">
        <ele>365</ele>
      </trkpt>
      <trkpt lat="42.76001332327724" lon="-72.21886496990919">
        <ele>364</ele>
      </trkpt>
      <trkpt lat="42.75986831635237" lon="-72.21890168264508">
        <ele>363</ele>
      </trkpt>
      <trkpt lat="42.7597233094275" lon="-72.21895163878798">
        <ele>362</ele>
      </trkpt>
      <trkpt lat="42.759576626122" lon="-72.21900997683406">
        <ele>361</ele>
      </trkpt>
      <trkpt lat="42.75943002663553" lon="-72.21908499486744">
        <ele>360</ele>
      </trkpt>
      <trkpt lat="42.75927831418812" lon="-72.2191649582237">
        <ele>359</ele>
      </trkpt>
      <trkpt lat="42.75912836194038" lon="-72.21923829987645">
        <ele>358</ele>
      </trkpt>
      <trkpt lat="42.75898503139615" lon="-72.21930669620633">
        <ele>357</ele>
      </trkpt>
      <trkpt lat="42.75885167531669" lon="-72.21937165595591">
        <ele>357</ele>
      </trkpt>
      <trkpt lat="42.75859996676445" lon="-72.21946829929948">
        <ele>356</ele>
      </trkpt>
      <trkpt lat="42.75832504034042" lon="-72.2195016592741">
        <ele>355</ele>
      </trkpt>
      <trkpt lat="42.75817835703492" lon="-72.21949336118996">
        <ele>355</ele>
      </trkpt>
      <trkpt lat="42.75802496820688" lon="-72.21948162652552">
        <ele>355</ele>
      </trkpt>
      <trkpt lat="42.75786504149437" lon="-72.21946829929948">
        <ele>355</ele>
      </trkpt>
      <trkpt lat="42.75770503096282" lon="-72.21945002675056">
        <ele>355</ele>
      </trkpt>
      <trkpt lat="42.75754502043128" lon="-72.21943167038262">
        <ele>355</ele>
      </trkpt>
      <trkpt lat="42.75739330798388" lon="-72.21942664124072">
        <ele>355</ele>
      </trkpt>
      <trkpt lat="42.75725333020091" lon="-72.21943829208612">
        <ele>356</ele>
      </trkpt>
      <trkpt lat="42.75698997080326" lon="-72.21949830651283">
        <ele>356</ele>
      </trkpt>
      <trkpt lat="42.75685166940093" lon="-72.21953837200999">
        <ele>356</ele>
      </trkpt>
      <trkpt lat="42.7567149605602" lon="-72.21957667730749">
        <ele>356</ele>
      </trkpt>
      <trkpt lat="42.75647331029177" lon="-72.21964666619897">
        <ele>357</ele>
      </trkpt>
      <trkpt lat="42.75629167445004" lon="-72.21971003338695">
        <ele>357</ele>
      </trkpt>
      <trkpt lat="42.75614163838327" lon="-72.21976334229112">
        <ele>357</ele>
      </trkpt>
      <trkpt lat="42.75597332976758" lon="-72.21981170587242">
        <ele>358</ele>
      </trkpt>
      <trkpt lat="42.75586830452085" lon="-72.2199749853462">
        <ele>358</ele>
      </trkpt>
      <trkpt lat="42.75586168281734" lon="-72.22022501751781">
        <ele>358</ele>
      </trkpt>
      <trkpt lat="42.7558483555913" lon="-72.22041662782431">
        <ele>357</ele>
      </trkpt>
      <trkpt lat="42.75582832284272" lon="-72.22061997279525">
        <ele>357</ele>
      </trkpt>
      <trkpt lat="42.75580166839063" lon="-72.22083329223096">
        <ele>357</ele>
      </trkpt>
      <trkpt lat="42.75575498118997" lon="-72.22104166634381">
        <ele>356</ele>
      </trkpt>
      <trkpt lat="42.75569664314389" lon="-72.22124836407602">
        <ele>355</ele>
      </trkpt>
      <trkpt lat="42.75561165064573" lon="-72.2214549779892">
        <ele>354</ele>
      </trkpt>
      <trkpt lat="42.7555116545409" lon="-72.221650024876">
        <ele>354</ele>
      </trkpt>
      <trkpt lat="42.75538668036461" lon="-72.22182336263359">
        <ele>353</ele>
      </trkpt>
      <trkpt lat="42.75522666983306" lon="-72.22198002040386">
        <ele>352</ele>
      </trkpt>
      <trkpt lat="42.75503003038466" lon="-72.22210499458015">
        <ele>351</ele>
      </trkpt>
      <trkpt lat="42.75483163073659" lon="-72.22222334705293">
        <ele>351</ele>
      </trkpt>
      <trkpt lat="42.75463834404945" lon="-72.22235502675176">
        <ele>350</ele>
      </trkpt>
      <trkpt lat="42.75445670820773" lon="-72.22251168452203">
        <ele>349</ele>
      </trkpt>
      <trkpt lat="42.75429166853428" lon="-72.22267831675708">
        <ele>347</ele>
      </trkpt>
      <trkpt lat="42.75413668714464" lon="-72.22286498174071">
        <ele>345</ele>
      </trkpt>
      <trkpt lat="42.7539832983166" lon="-72.22305332310498">
        <ele>344</ele>
      </trkpt>
      <trkpt lat="42.75382831692696" lon="-72.2232333663851">
        <ele>342</ele>
      </trkpt>
      <trkpt lat="42.75367501191795" lon="-72.22341500222683">
        <ele>340</ele>
      </trkpt>
      <trkpt lat="42.75352170690894" lon="-72.22360166721046">
        <ele>338</ele>
      </trkpt>
      <trkpt lat="42.75338164530694" lon="-72.22379503771663">
        <ele>335</ele>
      </trkpt>
      <trkpt lat="42.75326002389193" lon="-72.2239900007844">
        <ele>333</ele>
      </trkpt>
      <trkpt lat="42.75316664949059" lon="-72.22419996745884">
        <ele>331</ele>
      </trkpt>
      <trkpt lat="42.75309833697975" lon="-72.22438503988087">
        <ele>331</ele>
      </trkpt>
      <trkpt lat="42.75301502086222" lon="-72.22467329353094">
        <ele>330</ele>
      </trkpt>
      <trkpt lat="42.75291997008026" lon="-72.22487336955965">
        <ele>330</ele>
      </trkpt>
      <trkpt lat="42.75277496315539" lon="-72.2249049693346">
        <ele>330</ele>
      </trkpt>
      <trkpt lat="42.75256164371967" lon="-72.22491335123777">
        <ele>330</ele>
      </trkpt>
      <trkpt lat="42.75229836814106" lon="-72.22494503483176">
        <ele>331</ele>
      </trkpt>
      <trkpt lat="42.75215663015842" lon="-72.22497831098735">
        <ele>331</ele>
      </trkpt>
      <trkpt lat="42.75201665237546" lon="-72.22503329627216">
        <ele>331</ele>
      </trkpt>
      <trkpt lat="42.75188002735376" lon="-72.22510831430554">
        <ele>331</ele>
      </trkpt>
      <trkpt lat="42.75175170041621" lon="-72.22521501593292">
        <ele>331</ele>
      </trkpt>
      <trkpt lat="42.75163167156279" lon="-72.2253349609673">
        <ele>332</ele>
      </trkpt>
      <trkpt lat="42.75151499547064" lon="-72.22546001896262">
        <ele>332</ele>
      </trkpt>
      <trkpt lat="42.75140167213976" lon="-72.22557996399701">
        <ele>333</ele>
      </trkpt>
      <trkpt lat="42.75128499604762" lon="-72.22569001838565">
        <ele>333</ele>
      </trkpt>
      <trkpt lat="42.75115834549069" lon="-72.22578163258731">
        <ele>334</ele>
      </trkpt>
      <trkpt lat="42.75103169493377" lon="-72.22585002891719">
        <ele>334</ele>
      </trkpt>
      <trkpt lat="42.75089666247368" lon="-72.22588003613055">
        <ele>334</ele>
      </trkpt>
      <trkpt lat="42.75075668469071" lon="-72.22587835974991">
        <ele>334</ele>
      </trkpt>
      <trkpt lat="42.75062165223062" lon="-72.22583997063339">
        <ele>334</ele>
      </trkpt>
      <trkpt lat="42.7504899725318" lon="-72.22577836364508">
        <ele>333</ele>
      </trkpt>
      <trkpt lat="42.75024002417922" lon="-72.22568834200501">
        <ele>332</ele>
      </trkpt>
      <trkpt lat="42.74998496286571" lon="-72.22563000395894">
        <ele>331</ele>
      </trkpt>
      <trkpt lat="42.74974163621664" lon="-72.2256232984364">
        <ele>332</ele>
      </trkpt>
      <trkpt lat="42.74952999316156" lon="-72.22575330175459">
        <ele>333</ele>
      </trkpt>
      <trkpt lat="42.74941499345005" lon="-72.22586503252387">
        <ele>334</ele>
      </trkpt>
      <trkpt lat="42.74929169565439" lon="-72.22599000670016">
        <ele>335</ele>
      </trkpt>
      <trkpt lat="42.74917501956224" lon="-72.22611330449581">
        <ele>336</ele>
      </trkpt>
      <trkpt lat="42.74906664155424" lon="-72.2262366861105">
        <ele>337</ele>
      </trkpt>
      <trkpt lat="42.74896170012653" lon="-72.22636166028678">
        <ele>337</ele>
      </trkpt>
      <trkpt lat="42.74886002764106" lon="-72.22649166360497">
        <ele>338</ele>
      </trkpt>
      <trkpt lat="42.74876497685909" lon="-72.22663331776857">
        <ele>339</ele>
      </trkpt>
      <trkpt lat="42.74867000989616" lon="-72.22678503021598">
        <ele>339</ele>
      </trkpt>
      <trkpt lat="42.74857495911419" lon="-72.22694001160562">
        <ele>338</ele>
      </trkpt>
      <trkpt lat="42.74847169406712" lon="-72.2271016985178">
        <ele>338</ele>
      </trkpt>
      <trkpt lat="42.74837169796228" lon="-72.22727662883699">
        <ele>337</ele>
      </trkpt>
      <trkpt lat="42.74827497079968" lon="-72.22745164297521">
        <ele>336</ele>
      </trkpt>
      <trkpt lat="42.74818997830153" lon="-72.22762162797153">
        <ele>335</ele>
      </trkpt>
      <trkpt lat="42.7481116913259" lon="-72.22778331488371">
        <ele>335</ele>
      </trkpt>
      <trkpt lat="42.74803667329252" lon="-72.22793829627335">
        <ele>334</ele>
      </trkpt>
      <trkpt lat="42.74788998998702" lon="-72.22823669202626">
        <ele>332</ele>
      </trkpt>
      <trkpt lat="42.74774163030088" lon="-72.22854003310204">
        <ele>330</ele>
      </trkpt>
      <trkpt lat="42.74765831418335" lon="-72.2286850400269">
        <ele>329</ele>
      </trkpt>
      <trkpt lat="42.74756502360106" lon="-72.22882501780987">
        <ele>328</ele>
      </trkpt>
      <trkpt lat="42.74745664559305" lon="-72.22894999198616">
        <ele>327</ele>
      </trkpt>
      <trkpt lat="42.7473399695009" lon="-72.22904831171036">
        <ele>326</ele>
      </trkpt>
      <trkpt lat="42.74721331894398" lon="-72.2291150316596">
        <ele>325</ele>
      </trkpt>
      <trkpt lat="42.74693830870092" lon="-72.2291533369571">
        <ele>323</ele>
      </trkpt>
      <trkpt lat="42.74677829816937" lon="-72.22913330420852">
        <ele>322</ele>
      </trkpt>
      <trkpt lat="42.7466316986829" lon="-72.22912500612438">
        <ele>322</ele>
      </trkpt>
      <trkpt lat="42.74649498984218" lon="-72.22912500612438">
        <ele>323</ele>
      </trkpt>
      <trkpt lat="42.74636004120111" lon="-72.22914168611169">
        <ele>323</ele>
      </trkpt>
      <trkpt lat="42.74622500874102" lon="-72.229158366099">
        <ele>323</ele>
      </trkpt>
      <trkpt lat="42.74608997628093" lon="-72.22917496226728">
        <ele>324</ele>
      </trkpt>
      <trkpt lat="42.74594664573669" lon="-72.22919667139649">
        <ele>325</ele>
      </trkpt>
      <trkpt lat="42.74579836986959" lon="-72.22921829670668">
        <ele>325</ele>
      </trkpt>
      <trkpt lat="42.74564665742218" lon="-72.22923665307462">
        <ele>326</ele>
      </trkpt>
      <trkpt lat="42.74550332687795" lon="-72.2292566858232">
        <ele>326</ele>
      </trkpt>
      <trkpt lat="42.74536670185626" lon="-72.22927663475275">
        <ele>327</ele>
      </trkpt>
      <trkpt lat="42.74510334245861" lon="-72.22935668192804">
        <ele>328</ele>
      </trkpt>
      <trkpt lat="42.74485666304827" lon="-72.22946665249765">
        <ele>328</ele>
      </trkpt>
      <trkpt lat="42.74461668916047" lon="-72.22959003411233">
        <ele>327</ele>
      </trkpt>
      <trkpt lat="42.74437663145363" lon="-72.22974996082485">
        <ele>326</ele>
      </trkpt>
      <trkpt lat="42.74425668641925" lon="-72.22983998246491">
        <ele>325</ele>
      </trkpt>
      <trkpt lat="42.7441349811852" lon="-72.22993662580848">
        <ele>324</ele>
      </trkpt>
      <trkpt lat="42.74401168338954" lon="-72.23003167659044">
        <ele>324</ele>
      </trkpt>
      <trkpt lat="42.74388997815549" lon="-72.23012337461114">
        <ele>323</ele>
      </trkpt>
      <trkpt lat="42.74376500397921" lon="-72.23020669072866">
        <ele>322</ele>
      </trkpt>
      <trkpt lat="42.74364002980292" lon="-72.23027835600078">
        <ele>321</ele>
      </trkpt>
      <trkpt lat="42.74339502677321" lon="-72.23039830103517">
        <ele>320</ele>
      </trkpt>
      <trkpt lat="42.74314834736288" lon="-72.23049829714">
        <ele>319</ele>
      </trkpt>
      <trkpt lat="42.74289496243" lon="-72.23059829324484">
        <ele>317</ele>
      </trkpt>
      <trkpt lat="42.74276169016957" lon="-72.23064003512263">
        <ele>316</ele>
      </trkpt>
      <trkpt lat="42.74262330494821" lon="-72.23067331127822">
        <ele>316</ele>
      </trkpt>
      <trkpt lat="42.74248165078461" lon="-72.23069837316871">
        <ele>315</ele>
      </trkpt>
      <trkpt lat="42.74233999662101" lon="-72.23070499487221">
        <ele>315</ele>
      </trkpt>
      <trkpt lat="42.74219666607678" lon="-72.23069996573031">
        <ele>314</ele>
      </trkpt>
      <trkpt lat="42.74205668829381" lon="-72.23068336956203">
        <ele>314</ele>
      </trkpt>
      <trkpt lat="42.74191662669182" lon="-72.23066995851696">
        <ele>313</ele>
      </trkpt>
      <trkpt lat="42.74177664890885" lon="-72.23065663129091">
        <ele>313</ele>
      </trkpt>
      <trkpt lat="42.74162996560335" lon="-72.23064162768424">
        <ele>313</ele>
      </trkpt>
      <trkpt lat="42.74148168973625" lon="-72.23063165321946">
        <ele>312</ele>
      </trkpt>
      <trkpt lat="42.74133333005011" lon="-72.23063500598073">
        <ele>312</ele>
      </trkpt>
      <trkpt lat="42.74119167588651" lon="-72.23065168596804">
        <ele>311</ele>
      </trkpt>
      <trkpt lat="42.74105664342642" lon="-72.23067331127822">
        <ele>310</ele>
      </trkpt>
      <trkpt lat="42.74079169146717" lon="-72.2307366784662">
        <ele>309</ele>
      </trkpt>
      <trkpt lat="42.74066001176834" lon="-72.23079334013164">
        <ele>308</ele>
      </trkpt>
      <trkpt lat="42.74053336121142" lon="-72.23086165264249">
        <ele>308</ele>
      </trkpt>
      <trkpt lat="42.74040662683547" lon="-72.23093499429524">
        <ele>307</ele>
      </trkpt>
      <trkpt lat="42.74027670733631" lon="-72.23100003786385">
        <ele>307</ele>
      </trkpt>
      <trkpt lat="42.74000831879675" lon="-72.23103666678071">
        <ele>306</ele>
      </trkpt>
      <trkpt lat="42.73973003961146" lon="-72.23099836148322">
        <ele>307</ele>
      </trkpt>
      <trkpt lat="42.73958503268659" lon="-72.230976652354">
        <ele>307</ele>
      </trkpt>
      <trkpt lat="42.73944170214236" lon="-72.23096500150859">
        <ele>307</ele>
      </trkpt>
      <trkpt lat="42.73929996415973" lon="-72.23095829598606">
        <ele>307</ele>
      </trkpt>
      <trkpt lat="42.73915998637676" lon="-72.23095829598606">
        <ele>307</ele>
      </trkpt>
      <trkpt lat="42.73902336135507" lon="-72.23095997236669">
        <ele>307</ele>
      </trkpt>
      <trkpt lat="42.7388849761337" lon="-72.23096164874732">
        <ele>307</ele>
      </trkpt>
      <trkpt lat="42.73874835111201" lon="-72.23096667788923">
        <ele>307</ele>
      </trkpt>
      <trkpt lat="42.73860996589065" lon="-72.23098000511527">
        <ele>307</ele>
      </trkpt>
      <trkpt lat="42.73847166448832" lon="-72.23099500872195">
        <ele>307</ele>
      </trkpt>
      <trkpt lat="42.73833336308599" lon="-72.23102333955467">
        <ele>307</ele>
      </trkpt>
      <trkpt lat="42.73819330148399" lon="-72.23105996847153">
        <ele>307</ele>
      </trkpt>
      <trkpt lat="42.73806002922356" lon="-72.23110162653029">
        <ele>306</ele>
      </trkpt>
      <trkpt lat="42.73791996762156" lon="-72.23114496096969">
        <ele>306</ele>
      </trkpt>
      <trkpt lat="42.7377850189805" lon="-72.23119667731225">
        <ele>306</ele>
      </trkpt>
      <trkpt lat="42.73764831013978" lon="-72.2312583681196">
        <ele>305</ele>
      </trkpt>
      <trkpt lat="42.73751998320222" lon="-72.23134000785649">
        <ele>305</ele>
      </trkpt>
      <trkpt lat="42.73738662712276" lon="-72.23143002949655">
        <ele>304</ele>
      </trkpt>
      <trkpt lat="42.7372583001852" lon="-72.23152499645948">
        <ele>304</ele>
      </trkpt>
      <trkpt lat="42.73713164962828" lon="-72.23161996342242">
        <ele>303</ele>
      </trkpt>
      <trkpt lat="42.7370117045939" lon="-72.23170830868185">
        <ele>303</ele>
      </trkpt>
      <trkpt lat="42.7367783524096" lon="-72.23187829367816">
        <ele>303</ele>
      </trkpt>
      <trkpt lat="42.73655002936721" lon="-72.23203662782907">
        <ele>302</ele>
      </trkpt>
      <trkpt lat="42.73637333884835" lon="-72.23219169303775">
        <ele>301</ele>
      </trkpt>
      <trkpt lat="42.73624668829143" lon="-72.23234667442739">
        <ele>300</ele>
      </trkpt>
      <trkpt lat="42.73615163750947" lon="-72.23247835412621">
        <ele>299</ele>
      </trkpt>
      <trkpt lat="42.73605164140463" lon="-72.23261003382504">
        <ele>300</ele>
      </trkpt>
      <trkpt lat="42.73593664169312" lon="-72.23273500800133">
        <ele>300</ele>
      </trkpt>
      <trkpt lat="42.7357666566968" lon="-72.23276996053755">
        <ele>301</ele>
      </trkpt>
      <trkpt lat="42.73559667170048" lon="-72.23279996775091">
        <ele>301</ele>
      </trkpt>
      <trkpt lat="42.7353966794908" lon="-72.23290666937828">
        <ele>300</ele>
      </trkpt>
      <trkpt lat="42.73525334894657" lon="-72.23300834186375">
        <ele>300</ele>
      </trkpt>
      <trkpt lat="42.73508830927312" lon="-72.23312996327877">
        <ele>300</ele>
      </trkpt>
      <trkpt lat="42.73492829874158" lon="-72.23324496299028">
        <ele>299</ele>
      </trkpt>
      <trkpt lat="42.73475336842239" lon="-72.23335334099829">
        <ele>298</ele>
      </trkpt>
      <trkpt lat="42.73458832874894" lon="-72.23345501348376">
        <ele>298</ele>
      </trkpt>
      <trkpt lat="42.73442337289453" lon="-72.23355836234987">
        <ele>298</ele>
      </trkpt>
      <trkpt lat="42.73429496213794" lon="-72.23364503122866">
        <ele>299</ele>
      </trkpt>
      <trkpt lat="42.73416001349688" lon="-72.23374167457223">
        <ele>299</ele>
      </trkpt>
      <trkpt lat="42.73402833379805" lon="-72.23385499790311">
        <ele>300</ele>
      </trkpt>
      <trkpt lat="42.73389665409923" lon="-72.23399497568607">
        <ele>301</ele>
      </trkpt>
      <trkpt lat="42.73376329801977" lon="-72.23412330262363">
        <ele>301</ele>
      </trkpt>
      <trkpt lat="42.73361502215266" lon="-72.23424165509641">
        <ele>302</ele>
      </trkpt>
      <trkpt lat="42.73345165885985" lon="-72.23433829843998">
        <ele>303</ele>
      </trkpt>
      <trkpt lat="42.7332850266248" lon="-72.23444500006735">
        <ele>303</ele>
      </trkpt>
      <trkpt lat="42.73312669247389" lon="-72.23453837446868">
        <ele>305</ele>
      </trkpt>
      <trkpt lat="42.73298663087189" lon="-72.23461833782494">
        <ele>306</ele>
      </trkpt>
      <trkpt lat="42.73284330032766" lon="-72.23468002863228">
        <ele>306</ele>
      </trkpt>
      <trkpt lat="42.73269502446055" lon="-72.23476996645331">
        <ele>307</ele>
      </trkpt>
      <trkpt lat="42.73251498118043" lon="-72.23486669361591">
        <ele>308</ele>
      </trkpt>
      <trkpt lat="42.73232999257743" lon="-72.23497163504362">
        <ele>310</ele>
      </trkpt>
      <trkpt lat="42.73216336034238" lon="-72.23506500944495">
        <ele>312</ele>
      </trkpt>
      <trkpt lat="42.73200670257211" lon="-72.23517162725329">
        <ele>313</ele>
      </trkpt>
      <trkpt lat="42.7318499609828" lon="-72.23528997972608">
        <ele>315</ele>
      </trkpt>
      <trkpt lat="42.73168332874775" lon="-72.23541336134076">
        <ele>316</ele>
      </trkpt>
      <trkpt lat="42.73152164183557" lon="-72.23553330637515">
        <ele>317</ele>
      </trkpt>
      <trkpt lat="42.73135836236179" lon="-72.23561502993107">
        <ele>318</ele>
      </trkpt>
      <trkpt lat="42.73120664991438" lon="-72.23568501882255">
        <ele>319</ele>
      </trkpt>
      <trkpt lat="42.73104831576347" lon="-72.2357483021915">
        <ele>319</ele>
      </trkpt>
      <trkpt lat="42.73087003268301" lon="-72.2358450293541">
        <ele>320</ele>
      </trkpt>
      <trkpt lat="42.7307016402483" lon="-72.23594829440117">
        <ele>321</ele>
      </trkpt>
      <trkpt lat="42.73053333163261" lon="-72.23606832325459">
        <ele>321</ele>
      </trkpt>
      <trkpt lat="42.73036502301693" lon="-72.23619497381151">
        <ele>322</ele>
      </trkpt>
      <trkpt lat="42.73021163418889" lon="-72.23634668625891">
        <ele>322</ele>
      </trkpt>
      <trkpt lat="42.73009831085801" lon="-72.23652170039713">
        <ele>322</ele>
      </trkpt>
      <trkpt lat="42.73004332557321" lon="-72.23672001622617">
        <ele>321</ele>
      </trkpt>
      <trkpt lat="42.73000166751444" lon="-72.23694331012666">
        <ele>320</ele>
      </trkpt>
      <trkpt lat="42.72997333668172" lon="-72.23719837144017">
        <ele>319</ele>
      </trkpt>
      <trkpt lat="42.72995003499091" lon="-72.23746332339942">
        <ele>318</ele>
      </trkpt>
      <trkpt lat="42.72994835861027" lon="-72.23773003555834">
        <ele>317</ele>
      </trkpt>
      <trkpt lat="42.72995498031378" lon="-72.2379949875176">
        <ele>317</ele>
      </trkpt>
      <trkpt lat="42.72996000945568" lon="-72.23827829584479">
        <ele>316</ele>
      </trkpt>
      <trkpt lat="42.72997501306236" lon="-72.23855498246849">
        <ele>315</ele>
      </trkpt>
      <trkpt lat="42.72999001666903" lon="-72.23879663273692">
        <ele>314</ele>
      </trkpt>
      <trkpt lat="42.72997995838523" lon="-72.23903333768249">
        <ele>313</ele>
      </trkpt>
      <trkpt lat="42.72994835861027" lon="-72.23926836624742">
        <ele>311</ele>
      </trkpt>
      <trkpt lat="42.72990670055151" lon="-72.23950163461268">
        <ele>310</ele>
      </trkpt>
      <trkpt lat="42.72988666780293" lon="-72.23973833955824">
        <ele>308</ele>
      </trkpt>
      <trkpt lat="42.72984500974417" lon="-72.23999331705272">
        <ele>306</ele>
      </trkpt>
      <trkpt lat="42.72980670444667" lon="-72.24026002921164">
        <ele>305</ele>
      </trkpt>
      <trkpt lat="42.72980670444667" lon="-72.24049832671881">
        <ele>304</ele>
      </trkpt>
      <trkpt lat="42.72982170805335" lon="-72.24077836610377">
        <ele>303</ele>
      </trkpt>
      <trkpt lat="42.7298466861248" lon="-72.24106829613447">
        <ele>303</ele>
      </trkpt>
      <trkpt lat="42.72986495867372" lon="-72.2412967029959">
        <ele>304</ele>
      </trkpt>
      <trkpt lat="42.72985330782831" lon="-72.24151664413512">
        <ele>304</ele>
      </trkpt>
      <trkpt lat="42.729836627841" lon="-72.24176332354546">
        <ele>304</ele>
      </trkpt>
      <trkpt lat="42.7297983225435" lon="-72.2420150320977">
        <ele>305</ele>
      </trkpt>
      <trkpt lat="42.72973336279392" lon="-72.24225165322423">
        <ele>305</ele>
      </trkpt>
      <trkpt lat="42.72964837029576" lon="-72.24246664904058">
        <ele>305</ele>
      </trkpt>
      <trkpt lat="42.72957502864301" lon="-72.24263168871403">
        <ele>305</ele>
      </trkpt>
      <trkpt lat="42.729466650635" lon="-72.24285330623388">
        <ele>306</ele>
      </trkpt>
      <trkpt lat="42.72938165813684" lon="-72.24305170588195">
        <ele>307</ele>
      </trkpt>
      <trkpt lat="42.72926330566406" lon="-72.24328329786658">
        <ele>309</ele>
      </trkpt>
      <trkpt lat="42.72927998565137" lon="-72.24347834475338">
        <ele>310</ele>
      </trkpt>
      <trkpt lat="42.72929331287742" lon="-72.243696693331">
        <ele>312</ele>
      </trkpt>
      <trkpt lat="42.7292266767472" lon="-72.24387497641146">
        <ele>313</ele>
      </trkpt>
      <trkpt lat="42.72908996790648" lon="-72.2440183069557">
        <ele>314</ele>
      </trkpt>
      <trkpt lat="42.728988295421" lon="-72.24414336495101">
        <ele>315</ele>
      </trkpt>
      <trkpt lat="42.72887329570949" lon="-72.24424503743649">
        <ele>316</ele>
      </trkpt>
      <trkpt lat="42.72882501594722" lon="-72.24446162581444">
        <ele>318</ele>
      </trkpt>
      <trkpt lat="42.72896331734955" lon="-72.24464502185583">
        <ele>319</ele>
      </trkpt>
      <trkpt lat="42.72911829873919" lon="-72.24477502517402">
        <ele>320</ele>
      </trkpt>
      <trkpt lat="42.72927336394787" lon="-72.24489497020841">
        <ele>322</ele>
      </trkpt>
      <trkpt lat="42.72942331619561" lon="-72.24498834460974">
        <ele>323</ele>
      </trkpt>
      <trkpt lat="42.72955164313316" lon="-72.24508331157267">
        <ele>325</ele>
      </trkpt>
      <trkpt lat="42.72972330451012" lon="-72.2451666276902">
        <ele>326</ele>
      </trkpt>
      <trkpt lat="42.72987669333816" lon="-72.24523670040071">
        <ele>327</ele>
      </trkpt>
      <trkpt lat="42.73006998002529" lon="-72.24528162740171">
        <ele>328</ele>
      </trkpt>
      <trkpt lat="42.73022001609206" lon="-72.24522337317467">
        <ele>329</ele>
      </trkpt>
      <trkpt lat="42.73038832470775" lon="-72.24512002430856">
        <ele>329</ele>
      </trkpt>
      <trkpt lat="42.73055336438119" lon="-72.24503830075264">
        <ele>329</ele>
      </trkpt>
      <trkpt lat="42.73071999661624" lon="-72.24499496631324">
        <ele>329</ele>
      </trkpt>
      <trkpt lat="42.73089333437383" lon="-72.24496831186116">
        <ele>330</ele>
      </trkpt>
      <trkpt lat="42.73103666491807" lon="-72.24491332657635">
        <ele>331</ele>
      </trkpt>
      <trkpt lat="42.73121503181756" lon="-72.24479832686484">
        <ele>331</ele>
      </trkpt>
      <trkpt lat="42.73135836236179" lon="-72.24469162523746">
        <ele>331</ele>
      </trkpt>
      <trkpt lat="42.73152164183557" lon="-72.24457997828722">
        <ele>332</ele>
      </trkpt>
      <trkpt lat="42.73169833235443" lon="-72.24451837129891">
        <ele>333</ele>
      </trkpt>
      <trkpt lat="42.7318483684212" lon="-72.24453002214432">
        <ele>334</ele>
      </trkpt>
      <trkpt lat="42.73203000426292" lon="-72.24457503296435">
        <ele>335</ele>
      </trkpt>
      <trkpt lat="42.73220837116241" lon="-72.24463337101042">
        <ele>337</ele>
      </trkpt>
      <trkpt lat="42.73235999979079" lon="-72.24467335268855">
        <ele>339</ele>
      </trkpt>
      <trkpt lat="42.73254163563251" lon="-72.24472163245082">
        <ele>340</ele>
      </trkpt>
      <trkpt lat="42.73268664255738" lon="-72.24477829411626">
        <ele>341</ele>
      </trkpt>
      <trkpt lat="42.73283332586288" lon="-72.24474996328354">
        <ele>342</ele>
      </trkpt>
      <trkpt lat="42.73297833278775" lon="-72.24471668712795">
        <ele>343</ele>
      </trkpt>
      <trkpt lat="42.73311831057072" lon="-72.24467829801142">
        <ele>343</ele>
      </trkpt>
      <trkpt lat="42.73326164111495" lon="-72.24463001824915">
        <ele>343</ele>
      </trkpt>
      <trkpt lat="42.73338829167187" lon="-72.24470000714064">
        <ele>345</ele>
      </trkpt>
      <trkpt lat="42.73354335688055" lon="-72.24479329772294">
        <ele>347</ele>
      </trkpt>
      <trkpt lat="42.73371166549623" lon="-72.24486999213696">
        <ele>349</ele>
      </trkpt>
      <trkpt lat="42.73384669795632" lon="-72.24491332657635">
        <ele>350</ele>
      </trkpt>
      <trkpt lat="42.73399002850056" lon="-72.24496998824179">
        <ele>352</ele>
      </trkpt>
      <trkpt lat="42.73412832990289" lon="-72.24503830075264">
        <ele>354</ele>
      </trkpt>
      <trkpt lat="42.73430996574461" lon="-72.24513670429587">
        <ele>355</ele>
      </trkpt>
      <trkpt lat="42.73450836539268" lon="-72.24520669318736">
        <ele>356</ele>
      </trkpt>
      <trkpt lat="42.73465831764042" lon="-72.24524835124612">
        <ele>357</ele>
      </trkpt>
      <trkpt lat="42.7348149754107" lon="-72.2453183401376">
        <ele>358</ele>
      </trkpt>
      <trkpt lat="42.7349550370127" lon="-72.24538665264845">
        <ele>359</ele>
      </trkpt>
      <trkpt lat="42.73511337116361" lon="-72.24542504176497">
        <ele>361</ele>
      </trkpt>
      <trkpt lat="42.73527665063739" lon="-72.2454599943012">
        <ele>362</ele>
      </trkpt>
      <trkpt lat="42.73543833754957" lon="-72.24549335427582">
        <ele>364</ele>
      </trkpt>
      <trkpt lat="42.73560664616525" lon="-72.24551497958601">
        <ele>365</ele>
      </trkpt>
      <trkpt lat="42.73575668223202" lon="-72.24554004147649">
        <ele>366</ele>
      </trkpt>
      <trkpt lat="42.73594167083502" lon="-72.24557834677398">
        <ele>368</ele>
      </trkpt>
      <trkpt lat="42.73614333942533" lon="-72.24560500122607">
        <ele>369</ele>
      </trkpt>
      <trkpt lat="42.73631835356355" lon="-72.24562335759401">
        <ele>370</ele>
      </trkpt>
      <trkpt lat="42.73646168410778" lon="-72.2456449829042">
        <ele>371</ele>
      </trkpt>
      <trkpt lat="42.73663996718824" lon="-72.24568496458232">
        <ele>372</ele>
      </trkpt>
      <trkpt lat="42.73682336322963" lon="-72.24565168842673">
        <ele>373</ele>
      </trkpt>
      <trkpt lat="42.73698169738054" lon="-72.24567499011755">
        <ele>374</ele>
      </trkpt>
      <trkpt lat="42.73711832240224" lon="-72.24557499401271">
        <ele>374</ele>
      </trkpt>
      <trkpt lat="42.73726500570774" lon="-72.24554498679936">
        <ele>375</ele>
      </trkpt>
      <trkpt lat="42.73743163794279" lon="-72.24552998319268">
        <ele>376</ele>
      </trkpt>
      <trkpt lat="42.73759332485497" lon="-72.2455083578825">
        <ele>377</ele>
      </trkpt>
      <trkpt lat="42.73773833177984" lon="-72.24551665596664">
        <ele>378</ele>
      </trkpt>
      <trkpt lat="42.73793002590537" lon="-72.24546829238534">
        <ele>379</ele>
      </trkpt>
      <trkpt lat="42.73807830177248" lon="-72.24545169621706">
        <ele>380</ele>
      </trkpt>
      <trkpt lat="42.73823495954275" lon="-72.24541833624244">
        <ele>381</ele>
      </trkpt>
      <trkpt lat="42.73837837390602" lon="-72.24540500901639">
        <ele>382</ele>
      </trkpt>
      <trkpt lat="42.73851667530835" lon="-72.24540668539703">
        <ele>383</ele>
      </trkpt>
      <trkpt lat="42.73868003860116" lon="-72.24537667818367">
        <ele>384</ele>
      </trkpt>
      <trkpt lat="42.73884499445558" lon="-72.24533166736364">
        <ele>384</ele>
      </trkpt>
      <trkpt lat="42.73887164890766" lon="-72.24509663879871">
        <ele>384</ele>
      </trkpt>
      <trkpt lat="42.73887500166893" lon="-72.24488164298236">
        <ele>383</ele>
      </trkpt>
      <trkpt lat="42.73888665251434" lon="-72.24463663995266">
        <ele>383</ele>
      </trkpt>
      <trkpt lat="42.73891330696642" lon="-72.24441837519407">
        <ele>382</ele>
      </trkpt>
      <trkpt lat="42.73900332860649" lon="-72.24420002661645">
        <ele>382</ele>
      </trkpt>
      <trkpt lat="42.73913500830531" lon="-72.24406667053699">
        <ele>383</ele>
      </trkpt>
      <trkpt lat="42.73930666968226" lon="-72.24395502358675">
        <ele>383</ele>
      </trkpt>
      <trkpt lat="42.73947330191731" lon="-72.24382166750729">
        <ele>384</ele>
      </trkpt>
      <trkpt lat="42.73960833437741" lon="-72.24366333335638">
        <ele>384</ele>
      </trkpt>
      <trkpt lat="42.73971168324351" lon="-72.24348831921816">
        <ele>384</ele>
      </trkpt>
      <trkpt lat="42.73984998464584" lon="-72.24333995953202">
        <ele>385</ele>
      </trkpt>
      <trkpt lat="42.74001167155802" lon="-72.24322336725891">
        <ele>385</ele>
      </trkpt>
      <trkpt lat="42.7401733584702" lon="-72.24309663288295">
        <ele>385</ele>
      </trkpt>
      <trkpt lat="42.74034501984715" lon="-72.24296168424189">
        <ele>385</ele>
      </trkpt>
      <trkpt lat="42.7405050303787" lon="-72.24284165538847">
        <ele>385</ele>
      </trkpt>
      <trkpt lat="42.74063168093562" lon="-72.24274668842554">
        <ele>385</ele>
      </trkpt>
      <trkpt lat="42.74076336063445" lon="-72.24258164875209">
        <ele>385</ele>
      </trkpt>
      <trkpt lat="42.74095170199871" lon="-72.24243664182723">
        <ele>384</ele>
      </trkpt>
      <trkpt lat="42.74112336337566" lon="-72.24232331849635">
        <ele>384</ele>
      </trkpt>
      <trkpt lat="42.74128496646881" lon="-72.24217831157148">
        <ele>383</ele>
      </trkpt>
      <trkpt lat="42.74143667891622" lon="-72.24201997742057">
        <ele>382</ele>
      </trkpt>
      <trkpt lat="42.74159166030586" lon="-72.24188335239887">
        <ele>382</ele>
      </trkpt>
      <trkpt lat="42.74172836914659" lon="-72.24174831993878">
        <ele>381</ele>
      </trkpt>
      <trkpt lat="42.74185166694224" lon="-72.24161664023995">
        <ele>380</ele>
      </trkpt>
      <trkpt lat="42.7419799938798" lon="-72.2414983715862">
        <ele>379</ele>
      </trkpt>
      <trkpt lat="42.74213832803071" lon="-72.24138337187469">
        <ele>378</ele>
      </trkpt>
      <trkpt lat="42.74229833856225" lon="-72.24128002300858">
        <ele>377</ele>
      </trkpt>
      <trkpt lat="42.74246170185506" lon="-72.24123165942729">
        <ele>377</ele>
      </trkpt>
      <trkpt lat="42.74265666492283" lon="-72.2412533685565">
        <ele>376</ele>
      </trkpt>
      <trkpt lat="42.74286830797791" lon="-72.24128002300858">
        <ele>375</ele>
      </trkpt>
      <trkpt lat="42.74306167848408" lon="-72.2412982955575">
        <ele>374</ele>
      </trkpt>
      <trkpt lat="42.74325831793249" lon="-72.24131665192544">
        <ele>373</ele>
      </trkpt>
      <trkpt lat="42.74346996098757" lon="-72.24136501550674">
        <ele>373</ele>
      </trkpt>
      <trkpt lat="42.74368663318455" lon="-72.24142829887569">
        <ele>373</ele>
      </trkpt>
      <trkpt lat="42.74390330538154" lon="-72.24147498607635">
        <ele>372</ele>
      </trkpt>
      <trkpt lat="42.74410002864897" lon="-72.24150834605098">
        <ele>372</ele>
      </trkpt>
      <trkpt lat="42.74425501003861" lon="-72.2415417060256">
        <ele>372</ele>
      </trkpt>
      <trkpt lat="42.74446170777082" lon="-72.24159669131041">
        <ele>372</ele>
      </trkpt>
      <trkpt lat="42.74463831447065" lon="-72.24163332022727">
        <ele>372</ele>
      </trkpt>
      <trkpt lat="42.74483336135745" lon="-72.24166500382125">
        <ele>371</ele>
      </trkpt>
      <trkpt lat="42.74503000080585" lon="-72.24171169102192">
        <ele>372</ele>
      </trkpt>
      <trkpt lat="42.74522496387362" lon="-72.24175997078419">
        <ele>372</ele>
      </trkpt>
      <trkpt lat="42.74539997801185" lon="-72.24179668352008">
        <ele>372</ele>
      </trkpt>
      <trkpt lat="42.74558664299548" lon="-72.2418199852109">
        <ele>373</ele>
      </trkpt>
      <trkpt lat="42.74579334072769" lon="-72.24184663966298">
        <ele>373</ele>
      </trkpt>
      <trkpt lat="42.74599668569863" lon="-72.24187664687634">
        <ele>374</ele>
      </trkpt>
      <trkpt lat="42.74620832875371" lon="-72.24190497770905">
        <ele>375</ele>
      </trkpt>
      <trkpt lat="42.74643832817674" lon="-72.24193666130304">
        <ele>376</ele>
      </trkpt>
      <trkpt lat="42.74669003672898" lon="-72.24196834489703">
        <ele>378</ele>
      </trkpt>
      <trkpt lat="42.74694995954633" lon="-72.24197831936181">
        <ele>379</ele>
      </trkpt>
      <trkpt lat="42.74720502085984" lon="-72.24197002127767">
        <ele>381</ele>
      </trkpt>
      <trkpt lat="42.74745170027018" lon="-72.24199164658785">
        <ele>382</ele>
      </trkpt>
      <trkpt lat="42.74768329225481" lon="-72.24205333739519">
        <ele>384</ele>
      </trkpt>
      <trkpt lat="42.74792502634227" lon="-72.24215836264193">
        <ele>386</ele>
      </trkpt>
      <trkpt lat="42.74818000383675" lon="-72.24225332960486">
        <ele>388</ele>
      </trkpt>
      <trkpt lat="42.74831335991621" lon="-72.24228501319885">
        <ele>389</ele>
      </trkpt>
      <trkpt lat="42.74844830855727" lon="-72.24230663850904">
        <ele>390</ele>
      </trkpt>
      <trkpt lat="42.74871334433556" lon="-72.24235164932907">
        <ele>391</ele>
      </trkpt>
      <trkpt lat="42.74897670373321" lon="-72.24238836206496">
        <ele>392</ele>
      </trkpt>
      <trkpt lat="42.74923830293119" lon="-72.24243169650435">
        <ele>393</ele>
      </trkpt>
      <trkpt lat="42.7494933642447" lon="-72.24248332902789">
        <ele>395</ele>
      </trkpt>
      <trkpt lat="42.74974498897791" lon="-72.24252833984792">
        <ele>397</ele>
      </trkpt>
      <trkpt lat="42.74998999200761" lon="-72.24256496876478">
        <ele>399</ele>
      </trkpt>
      <trkpt lat="42.75021999143064" lon="-72.24256832152605">
        <ele>401</ele>
      </trkpt>
      <trkpt lat="42.75041830725968" lon="-72.24247829988599">
        <ele>402</ele>
      </trkpt>
      <trkpt lat="42.75059164501727" lon="-72.2423033695668">
        <ele>402</ele>
      </trkpt>
      <trkpt lat="42.75075333192945" lon="-72.24203833378851">
        <ele>400</ele>
      </trkpt>
      <trkpt lat="42.75083497166634" lon="-72.24188829772174">
        <ele>400</ele>
      </trkpt>
      <trkpt lat="42.75091669522226" lon="-72.24174169823527">
        <ele>399</ele>
      </trkpt>
      <trkpt lat="42.75106497108936" lon="-72.24144330248237">
        <ele>398</ele>
      </trkpt>
      <trkpt lat="42.75119329802692" lon="-72.2411616705358">
        <ele>397</ele>
      </trkpt>
      <trkpt lat="42.75129170157015" lon="-72.24087500944734">
        <ele>396</ele>
      </trkpt>
      <trkpt lat="42.75136169046164" lon="-72.24060829728842">
        <ele>396</ele>
      </trkpt>
      <trkpt lat="42.75141332298517" lon="-72.24036002531648">
        <ele>396</ele>
      </trkpt>
      <trkpt lat="42.75145498104393" lon="-72.24011837504804">
        <ele>396</ele>
      </trkpt>
      <trkpt lat="42.75149999186397" lon="-72.23986331373453">
        <ele>395</ele>
      </trkpt>
      <trkpt lat="42.75153670459986" lon="-72.23958503454924">
        <ele>394</ele>
      </trkpt>
      <trkpt lat="42.75158498436213" lon="-72.23930164240301">
        <ele>393</ele>
      </trkpt>
      <trkpt lat="42.75164164602757" lon="-72.23901833407581">
        <ele>392</ele>
      </trkpt>
      <trkpt lat="42.75169998407364" lon="-72.23874835297465">
        <ele>391</ele>
      </trkpt>
      <trkpt lat="42.75176829658449" lon="-72.23850997164845">
        <ele>389</ele>
      </trkpt>
      <trkpt lat="42.75188497267663" lon="-72.23830997943878">
        <ele>388</ele>
      </trkpt>
      <trkpt lat="42.75203333236277" lon="-72.2381416708231">
        <ele>387</ele>
      </trkpt>
      <trkpt lat="42.75221169926226" lon="-72.23799666389823">
        <ele>386</ele>
      </trkpt>
      <trkpt lat="42.75239333510399" lon="-72.23782500252128">
        <ele>385</ele>
      </trkpt>
      <trkpt lat="42.75257329456508" lon="-72.23764336667955">
        <ele>384</ele>
      </trkpt>
      <trkpt lat="42.75275836698711" lon="-72.23746332339942">
        <ele>383</ele>
      </trkpt>
      <trkpt lat="42.7529816608876" lon="-72.23730163648725">
        <ele>383</ele>
      </trkpt>
      <trkpt lat="42.75319330394268" lon="-72.23711664788425">
        <ele>383</ele>
      </trkpt>
      <trkpt lat="42.75340167805552" lon="-72.23692000843585">
        <ele>383</ele>
      </trkpt>
      <trkpt lat="42.75359831750393" lon="-72.2367100417614">
        <ele>384</ele>
      </trkpt>
      <trkpt lat="42.75376997888088" lon="-72.23648163489997">
        <ele>384</ele>
      </trkpt>
      <trkpt lat="42.75392998941243" lon="-72.23625666461885">
        <ele>384</ele>
      </trkpt>
      <trkpt lat="42.75412168353796" lon="-72.23606999963522">
        <ele>383</ele>
      </trkpt>
      <trkpt lat="42.75435335934162" lon="-72.23591334186494">
        <ele>382</ele>
      </trkpt>
      <trkpt lat="42.7546083368361" lon="-72.23576665855944">
        <ele>381</ele>
      </trkpt>
      <trkpt lat="42.75474831461906" lon="-72.23570169880986">
        <ele>380</ele>
      </trkpt>
      <trkpt lat="42.7548916451633" lon="-72.23565165884793">
        <ele>380</ele>
      </trkpt>
      <trkpt lat="42.75502835400403" lon="-72.23561502993107">
        <ele>379</ele>
      </trkpt>
      <trkpt lat="42.75528836064041" lon="-72.23557664081454">
        <ele>378</ele>
      </trkpt>
      <trkpt lat="42.75553830899298" lon="-72.23557001911104">
        <ele>377</ele>
      </trkpt>
      <trkpt lat="42.75578163564205" lon="-72.23557496443391">
        <ele>376</ele>
      </trkpt>
      <trkpt lat="42.75603502057493" lon="-72.23560832440853">
        <ele>376</ele>
      </trkpt>
      <trkpt lat="42.75628999806941" lon="-72.23565165884793">
        <ele>376</ele>
      </trkpt>
      <trkpt lat="42.75653332471848" lon="-72.23570169880986">
        <ele>376</ele>
      </trkpt>
      <trkpt lat="42.75674496777356" lon="-72.23573329858482">
        <ele>376</ele>
      </trkpt>
      <trkpt lat="42.75690665468574" lon="-72.23573170602322">
        <ele>376</ele>
      </trkpt>
      <trkpt lat="42.75707999244332" lon="-72.23570832051337">
        <ele>376</ele>
      </trkpt>
      <trkpt lat="42.75726498104632" lon="-72.23571167327464">
        <ele>376</ele>
      </trkpt>
      <trkpt lat="42.75737168267369" lon="-72.23586665466428">
        <ele>377</ele>
      </trkpt>
      <trkpt lat="42.75750663131475" lon="-72.2360916249454">
        <ele>377</ele>
      </trkpt>
      <trkpt lat="42.75765666738153" lon="-72.23637501709163">
        <ele>378</ele>
      </trkpt>
      <trkpt lat="42.75782170705497" lon="-72.23666000179946">
        <ele>378</ele>
      </trkpt>
      <trkpt lat="42.75791499763727" lon="-72.23680668510497">
        <ele>379</ele>
      </trkpt>
      <trkpt lat="42.75801331736147" lon="-72.23696334287524">
        <ele>379</ele>
      </trkpt>
      <trkpt lat="42.75811498984694" lon="-72.23712829872966">
        <ele>380</ele>
      </trkpt>
      <trkpt lat="42.75822001509368" lon="-72.23729166202247">
        <ele>380</ele>
      </trkpt>
      <trkpt lat="42.75832168757915" lon="-72.23745334893465">
        <ele>380</ele>
      </trkpt>
      <trkpt lat="42.75842998176813" lon="-72.23761503584683">
        <ele>381</ele>
      </trkpt>
      <trkpt lat="42.75854162871838" lon="-72.23777496255934">
        <ele>382</ele>
      </trkpt>
      <trkpt lat="42.75864833034575" lon="-72.23794000223279">
        <ele>382</ele>
      </trkpt>
      <trkpt lat="42.75875335559249" lon="-72.23810998722911">
        <ele>382</ele>
      </trkpt>
      <trkpt lat="42.75885670445859" lon="-72.23828164860606">
        <ele>383</ele>
      </trkpt>
      <trkpt lat="42.75895167142153" lon="-72.23846169188619">
        <ele>383</ele>
      </trkpt>
      <trkpt lat="42.75904169306159" lon="-72.23864668048918">
        <ele>384</ele>
      </trkpt>
      <trkpt lat="42.75912836194038" lon="-72.23883166909218">
        <ele>384</ele>
      </trkpt>
      <trkpt lat="42.75921167805791" lon="-72.23901162855327">
        <ele>384</ele>
      </trkpt>
      <trkpt lat="42.75928501971066" lon="-72.23917163908482">
        <ele>385</ele>
      </trkpt>
      <trkpt lat="42.75940831750631" lon="-72.2394316457212">
        <ele>385</ele>
      </trkpt>
      <trkpt lat="42.75950496084988" lon="-72.23962836898863">
        <ele>385</ele>
      </trkpt>
      <trkpt lat="42.7596300188452" lon="-72.23971503786743">
        <ele>385</ele>
      </trkpt>
      <trkpt lat="42.75963337160647" lon="-72.23949501290917">
        <ele>384</ele>
      </trkpt>
      <trkpt lat="42.75960168801248" lon="-72.2391982935369">
        <ele>383</ele>
      </trkpt>
      <trkpt lat="42.7595750335604" lon="-72.23886997438967">
        <ele>383</ele>
      </trkpt>
      <trkpt lat="42.75954502634704" lon="-72.23854500800371">
        <ele>383</ele>
      </trkpt>
      <trkpt lat="42.75950663723052" lon="-72.23822498694062">
        <ele>383</ele>
      </trkpt>
      <trkpt lat="42.75947503745556" lon="-72.23790664225817">
        <ele>383</ele>
      </trkpt>
      <trkpt lat="42.75944670662284" lon="-72.23758502863348">
        <ele>383</ele>
      </trkpt>
      <trkpt lat="42.75942499749362" lon="-72.2372333239764">
        <ele>383</ele>
      </trkpt>
      <trkpt lat="42.75941167026758" lon="-72.23705001175404">
        <ele>384</ele>
      </trkpt>
      <trkpt lat="42.75940169580281" lon="-72.23686334677041">
        <ele>385</ele>
      </trkpt>
      <trkpt lat="42.75938333943486" lon="-72.23667668178678">
        <ele>385</ele>
      </trkpt>
      <trkpt lat="42.75936833582819" lon="-72.23649001680315">
        <ele>386</ele>
      </trkpt>
      <trkpt lat="42.75935500860214" lon="-72.23630502820015">
        <ele>386</ele>
      </trkpt>
      <trkpt lat="42.75932667776942" lon="-72.2359433490783">
        <ele>387</ele>
      </trkpt>
      <trkpt lat="42.75931502692401" lon="-72.23558334633708">
        <ele>388</ele>
      </trkpt>
      <trkpt lat="42.7593366522342" lon="-72.23522166721523">
        <ele>389</ele>
      </trkpt>
      <trkpt lat="42.75939834304154" lon="-72.23488664254546">
        <ele>391</ele>
      </trkpt>
      <trkpt lat="42.75945165194571" lon="-72.2345566470176">
        <ele>393</ele>
      </trkpt>
      <trkpt lat="42.75949833914638" lon="-72.234230004251">
        <ele>394</ele>
      </trkpt>
      <trkpt lat="42.75954670272768" lon="-72.23388332873583">
        <ele>395</ele>
      </trkpt>
      <trkpt lat="42.75957000441849" lon="-72.23369834013283">
        <ele>395</ele>
      </trkpt>
      <trkpt lat="42.75959330610931" lon="-72.2335066460073">
        <ele>396</ele>
      </trkpt>
      <trkpt lat="42.75961501523852" lon="-72.2333166282624">
        <ele>396</ele>
      </trkpt>
      <trkpt lat="42.75964996777475" lon="-72.23296500742435">
        <ele>397</ele>
      </trkpt>
      <trkpt lat="42.7596799749881" lon="-72.23265336826444">
        <ele>397</ele>
      </trkpt>
      <trkpt lat="42.75971333496273" lon="-72.23239830695093">
        <ele>397</ele>
      </trkpt>
      <trkpt lat="42.75975666940212" lon="-72.23220837302506">
        <ele>397</ele>
      </trkpt>
      <trkpt lat="42.75989999994636" lon="-72.23208834417164">
        <ele>397</ele>
      </trkpt>
      <trkpt lat="42.76003830134869" lon="-72.23209496587515">
        <ele>398</ele>
      </trkpt>
      <trkpt lat="42.76019169017673" lon="-72.23210334777832">
        <ele>399</ele>
      </trkpt>
      <trkpt lat="42.76035002432764" lon="-72.23213830031455">
        <ele>401</ele>
      </trkpt>
      <trkpt lat="42.7605383656919" lon="-72.23216168582439">
        <ele>402</ele>
      </trkpt>
      <trkpt lat="42.76080331765115" lon="-72.23219496197999">
        <ele>404</ele>
      </trkpt>
      <trkpt lat="42.76105167344213" lon="-72.23224667832255">
        <ele>405</ele>
      </trkpt>
      <trkpt lat="42.76127496734262" lon="-72.23229001276195">
        <ele>406</ele>
      </trkpt>
      <trkpt lat="42.7614483051002" lon="-72.23232169635594">
        <ele>407</ele>
      </trkpt>
      <trkpt lat="42.76161996647716" lon="-72.23234835080802">
        <ele>408</ele>
      </trkpt>
      <trkpt lat="42.76184669695795" lon="-72.23239830695093">
        <ele>408</ele>
      </trkpt>
      <trkpt lat="42.76205331087112" lon="-72.23244331777096">
        <ele>408</ele>
      </trkpt>
      <trkpt lat="42.76228004135191" lon="-72.23247667774558">
        <ele>408</ele>
      </trkpt>
      <trkpt lat="42.76246502995491" lon="-72.23249830305576">
        <ele>408</ele>
      </trkpt>
      <trkpt lat="42.76261162944138" lon="-72.23253836855292">
        <ele>409</ele>
      </trkpt>
      <trkpt lat="42.76281170547009" lon="-72.2325483430177">
        <ele>409</ele>
      </trkpt>
      <trkpt lat="42.76294003240764" lon="-72.23260835744441">
        <ele>410</ele>
      </trkpt>
      <trkpt lat="42.76309669017792" lon="-72.23268832080066">
        <ele>411</ele>
      </trkpt>
      <trkpt lat="42.76325334794819" lon="-72.23277163691819">
        <ele>411</ele>
      </trkpt>
      <trkpt lat="42.76338670402765" lon="-72.23283332772553">
        <ele>412</ele>
      </trkpt>
      <trkpt lat="42.76351997628808" lon="-72.2329400293529">
        <ele>412</ele>
      </trkpt>
      <trkpt lat="42.76365668512881" lon="-72.23296333104372">
        <ele>413</ele>
      </trkpt>
      <trkpt lat="42.76379833929241" lon="-72.23293164744973">
        <ele>413</ele>
      </trkpt>
      <trkpt lat="42.76396497152746" lon="-72.23295000381768">
        <ele>413</ele>
      </trkpt>
      <trkpt lat="42.76411333121359" lon="-72.2329783346504">
        <ele>413</ele>
      </trkpt>
      <trkpt lat="42.76429496705532" lon="-72.23300498910248">
        <ele>414</ele>
      </trkpt>
      <trkpt lat="42.76450837031007" lon="-72.23298998549581">
        <ele>415</ele>
      </trkpt>
      <trkpt lat="42.76471163146198" lon="-72.23292670212686">
        <ele>416</ele>
      </trkpt>
      <trkpt lat="42.76485663838685" lon="-72.23283332772553">
        <ele>415</ele>
      </trkpt>
      <trkpt lat="42.76501170359552" lon="-72.23270835354924">
        <ele>415</ele>
      </trkpt>
      <trkpt lat="42.76521169580519" lon="-72.23266334272921">
        <ele>414</ele>
      </trkpt>
      <trkpt lat="42.76544664055109" lon="-72.23264833912253">
        <ele>414</ele>
      </trkpt>
      <trkpt lat="42.76565669104457" lon="-72.23266501910985">
        <ele>415</ele>
      </trkpt>
      <trkpt lat="42.76585333049297" lon="-72.23269334994256">
        <ele>415</ele>
      </trkpt>
      <trkpt lat="42.76601996272802" lon="-72.23272000439465">
        <ele>415</ele>
      </trkpt>
      <trkpt lat="42.76620662771165" lon="-72.23275504074991">
        <ele>416</ele>
      </trkpt>
      <trkpt lat="42.76639664545655" lon="-72.23276669159532">
        <ele>416</ele>
      </trkpt>
      <trkpt lat="42.76659496128559" lon="-72.23280164413154">
        <ele>416</ele>
      </trkpt>
      <trkpt lat="42.76679830625653" lon="-72.23285336047411">
        <ele>416</ele>
      </trkpt>
      <trkpt lat="42.76696669869125" lon="-72.2328866366297">
        <ele>416</ele>
      </trkpt>
      <trkpt lat="42.76710500009358" lon="-72.23293332383037">
        <ele>416</ele>
      </trkpt>
      <trkpt lat="42.76724162511528" lon="-72.23295662552118">
        <ele>416</ele>
      </trkpt>
      <trkpt lat="42.76738998480141" lon="-72.23297330550849">
        <ele>416</ele>
      </trkpt>
      <trkpt lat="42.76757002808154" lon="-72.23301001824439">
        <ele>416</ele>
      </trkpt>
      <trkpt lat="42.76779332198203" lon="-72.23306165076792">
        <ele>415</ele>
      </trkpt>
      <trkpt lat="42.76801167055964" lon="-72.23315997049212">
        <ele>415</ele>
      </trkpt>
      <trkpt lat="42.76822666637599" lon="-72.23327999934554">
        <ele>415</ele>
      </trkpt>
      <trkpt lat="42.76843663305044" lon="-72.23338829353452">
        <ele>415</ele>
      </trkpt>
      <trkpt lat="42.76865162886679" lon="-72.23346834070981">
        <ele>414</ele>
      </trkpt>
      <trkpt lat="42.76888003572822" lon="-72.23354830406606">
        <ele>414</ele>
      </trkpt>
      <trkpt lat="42.76908832602203" lon="-72.2336483001709">
        <ele>413</ele>
      </trkpt>
      <trkpt lat="42.76928664185107" lon="-72.23372331820428">
        <ele>412</ele>
      </trkpt>
      <trkpt lat="42.76948998682201" lon="-72.23378333263099">
        <ele>411</ele>
      </trkpt>
      <trkpt lat="42.76966500096023" lon="-72.23386497236788">
        <ele>411</ele>
      </trkpt>
      <trkpt lat="42.76984998956323" lon="-72.23394334316254">
        <ele>410</ele>
      </trkpt>
      <trkpt lat="42.77004662901163" lon="-72.23398835398257">
        <ele>409</ele>
      </trkpt>
      <trkpt lat="42.77023832313716" lon="-72.23401500843465">
        <ele>408</ele>
      </trkpt>
      <trkpt lat="42.77044669725001" lon="-72.23405834287405">
        <ele>408</ele>
      </trkpt>
      <trkpt lat="42.77066336944699" lon="-72.23407502286136">
        <ele>407</ele>
      </trkpt>
      <trkpt lat="42.77085497975349" lon="-72.23407996818423">
        <ele>406</ele>
      </trkpt>
      <trkpt lat="42.77104499749839" lon="-72.23409664817154">
        <ele>406</ele>
      </trkpt>
      <trkpt lat="42.77126502245665" lon="-72.23415004089475">
        <ele>407</ele>
      </trkpt>
      <trkpt lat="42.77148169465363" lon="-72.23418834619224">
        <ele>407</ele>
      </trkpt>
      <trkpt lat="42.77165335603058" lon="-72.23420167341828">
        <ele>407</ele>
      </trkpt>
      <trkpt lat="42.77184337377548" lon="-72.23424333147705">
        <ele>408</ele>
      </trkpt>
      <trkpt lat="42.7720083296299" lon="-72.23424668423831">
        <ele>408</ele>
      </trkpt>
      <trkpt lat="42.77217001654208" lon="-72.23418331705034">
        <ele>407</ele>
      </trkpt>
      <trkpt lat="42.77236665599048" lon="-72.23411332815886">
        <ele>406</ele>
      </trkpt>
      <trkpt lat="42.77255835011601" lon="-72.23406169563532">
        <ele>406</ele>
      </trkpt>
      <trkpt lat="42.77275666594505" lon="-72.23406001925468">
        <ele>406</ele>
      </trkpt>
      <trkpt lat="42.77294500730932" lon="-72.23408667370677">
        <ele>407</ele>
      </trkpt>
      <trkpt lat="42.77312169782817" lon="-72.23414165899158">
        <ele>408</ele>
      </trkpt>
      <trkpt lat="42.773298304528" lon="-72.23422832787037">
        <ele>409</ele>
      </trkpt>
      <trkpt lat="42.77346502058208" lon="-72.23430502228439">
        <ele>408</ele>
      </trkpt>
      <trkpt lat="42.7736416272819" lon="-72.2343650367111">
        <ele>407</ele>
      </trkpt>
      <trkpt lat="42.77382669970393" lon="-72.23442832008004">
        <ele>407</ele>
      </trkpt>
      <trkpt lat="42.77400003746152" lon="-72.2344633564353">
        <ele>406</ele>
      </trkpt>
      <trkpt lat="42.77415501885116" lon="-72.23444500006735">
        <ele>404</ele>
      </trkpt>
      <trkpt lat="42.77430329471827" lon="-72.23438833840191">
        <ele>403</ele>
      </trkpt>
      <trkpt lat="42.77445835992694" lon="-72.23430996760726">
        <ele>401</ele>
      </trkpt>
      <trkpt lat="42.77461501769722" lon="-72.23427669145167">
        <ele>401</ele>
      </trkpt>
      <trkpt lat="42.77477502822876" lon="-72.2342733386904">
        <ele>401</ele>
      </trkpt>
      <trkpt lat="42.77498499490321" lon="-72.23432832397521">
        <ele>401</ele>
      </trkpt>
      <trkpt lat="42.77518331073225" lon="-72.23434835672379">
        <ele>401</ele>
      </trkpt>
      <trkpt lat="42.77538665570319" lon="-72.23438666202128">
        <ele>401</ele>
      </trkpt>
      <trkpt lat="42.77559502981603" lon="-72.23442664369941">
        <ele>401</ele>
      </trkpt>
      <trkpt lat="42.77579669840634" lon="-72.23446662537754">
        <ele>401</ele>
      </trkpt>
      <trkpt lat="42.77599501423538" lon="-72.23455497063696">
        <ele>402</ele>
      </trkpt>
      <trkpt lat="42.77615670114756" lon="-72.23467332310975">
        <ele>404</ele>
      </trkpt>
      <trkpt lat="42.7763116825372" lon="-72.23482998088002">
        <ele>405</ele>
      </trkpt>
      <trkpt lat="42.77648502029479" lon="-72.23496166057885">
        <ele>406</ele>
      </trkpt>
      <trkpt lat="42.77661669999361" lon="-72.2350833658129">
        <ele>406</ele>
      </trkpt>
      <trkpt lat="42.77673496864736" lon="-72.23517498001456">
        <ele>407</ele>
      </trkpt>
      <trkpt lat="42.77687167748809" lon="-72.23521496169269">
        <ele>409</ele>
      </trkpt>
      <trkpt lat="42.7770350407809" lon="-72.23534496501088">
        <ele>410</ele>
      </trkpt>
      <trkpt lat="42.77710335329175" lon="-72.23553665913641">
        <ele>411</ele>
      </trkpt>
      <trkpt lat="42.7771333605051" lon="-72.23574168048799">
        <ele>411</ele>
      </trkpt>
      <trkpt lat="42.77716001495719" lon="-72.23594502545893">
        <ele>412</ele>
      </trkpt>
      <trkpt lat="42.77725003659725" lon="-72.23612330853939">
        <ele>413</ele>
      </trkpt>
      <trkpt lat="42.77738498523831" lon="-72.23628834821284">
        <ele>413</ele>
      </trkpt>
      <trkpt lat="42.77758170850575" lon="-72.23643670789897">
        <ele>413</ele>
      </trkpt>
      <trkpt lat="42.77781170792878" lon="-72.23653502762318">
        <ele>412</ele>
      </trkpt>
      <trkpt lat="42.77805662713945" lon="-72.2366183437407">
        <ele>412</ele>
      </trkpt>
      <trkpt lat="42.7782766520977" lon="-72.23670165985823">
        <ele>411</ele>
      </trkpt>
      <trkpt lat="42.77846834622324" lon="-72.23682168871164">
        <ele>411</ele>
      </trkpt>
      <trkpt lat="42.77864662930369" lon="-72.23702168092132">
        <ele>410</ele>
      </trkpt>
      <trkpt lat="42.77880831621587" lon="-72.2372383531183">
        <ele>408</ele>
      </trkpt>
      <trkpt lat="42.77893496677279" lon="-72.23740666173398">
        <ele>406</ele>
      </trkpt>
      <trkpt lat="42.77908835560083" lon="-72.2375266905874">
        <ele>404</ele>
      </trkpt>
      <trkpt lat="42.77923663146794" lon="-72.23756331950426">
        <ele>403</ele>
      </trkpt>
      <trkpt lat="42.77941332198679" lon="-72.2374732978642">
        <ele>404</ele>
      </trkpt>
      <trkpt lat="42.77959831058979" lon="-72.23738998174667">
        <ele>405</ele>
      </trkpt>
      <trkpt lat="42.77979503385723" lon="-72.23732669837773">
        <ele>405</ele>
      </trkpt>
      <trkpt lat="42.77997331693769" lon="-72.23726836033165">
        <ele>406</ele>
      </trkpt>
      <trkpt lat="42.78015503659844" lon="-72.23722670227289">
        <ele>407</ele>
      </trkpt>
      <trkpt lat="42.78034999966621" lon="-72.23717163316905">
        <ele>409</ele>
      </trkpt>
      <trkpt lat="42.78054831549525" lon="-72.2370982915163">
        <ele>411</ele>
      </trkpt>
      <trkpt lat="42.78073330409825" lon="-72.23704498261213">
        <ele>413</ele>
      </trkpt>
      <trkpt lat="42.78092164546251" lon="-72.23696334287524">
        <ele>415</ele>
      </trkpt>
      <trkpt lat="42.7810949832201" lon="-72.23689335398376">
        <ele>416</ele>
      </trkpt>
      <trkpt lat="42.78130662627518" lon="-72.23683333955705">
        <ele>418</ele>
      </trkpt>
      <trkpt lat="42.78148666955531" lon="-72.2367549687624">
        <ele>419</ele>
      </trkpt>
      <trkpt lat="42.7816650364548" lon="-72.23672336898744">
        <ele>419</ele>
      </trkpt>
      <trkpt lat="42.78182001784444" lon="-72.23670333623886">
        <ele>420</ele>
      </trkpt>
      <trkpt lat="42.78196334838867" lon="-72.236666707322">
        <ele>421</ele>
      </trkpt>
      <trkpt lat="42.78214163146913" lon="-72.23665497265756">
        <ele>422</ele>
      </trkpt>
      <trkpt lat="42.78232167474926" lon="-72.23662496544421">
        <ele>423</ele>
      </trkpt>
      <trkpt lat="42.78249836526811" lon="-72.2365750093013">
        <ele>424</ele>
      </trkpt>
      <trkpt lat="42.78270162642002" lon="-72.23654164932668">
        <ele>423</ele>
      </trkpt>
      <trkpt lat="42.78291335329413" lon="-72.23649831488729">
        <ele>423</ele>
      </trkpt>
      <trkpt lat="42.78312834911048" lon="-72.23646503873169">
        <ele>422</ele>
      </trkpt>
      <trkpt lat="42.78333169408143" lon="-72.23644500598311">
        <ele>421</ele>
      </trkpt>
      <trkpt lat="42.78352330438793" lon="-72.23642497323453">
        <ele>422</ele>
      </trkpt>
      <trkpt lat="42.78372002765536" lon="-72.23641164600849">
        <ele>422</ele>
      </trkpt>
      <trkpt lat="42.7839183434844" lon="-72.23639831878245">
        <ele>422</ele>
      </trkpt>
      <trkpt lat="42.78411330655217" lon="-72.2363783698529">
        <ele>422</ele>
      </trkpt>
      <trkpt lat="42.78428832069039" lon="-72.23635163158178">
        <ele>423</ele>
      </trkpt>
      <trkpt lat="42.78442502953112" lon="-72.23632170818746">
        <ele>423</ele>
      </trkpt>
      <trkpt lat="42.78462166897953" lon="-72.23633830435574">
        <ele>425</ele>
      </trkpt>
      <trkpt lat="42.78479333035648" lon="-72.23636663518846">
        <ele>426</ele>
      </trkpt>
      <trkpt lat="42.78498502448201" lon="-72.236373340711">
        <ele>427</ele>
      </trkpt>
      <trkpt lat="42.78517495840788" lon="-72.236373340711">
        <ele>428</ele>
      </trkpt>
      <trkpt lat="42.78537662699819" lon="-72.23636001348495">
        <ele>428</ele>
      </trkpt>
      <trkpt lat="42.78556664474308" lon="-72.23637166433036">
        <ele>429</ele>
      </trkpt>
      <trkpt lat="42.78573998250067" lon="-72.23636168986559">
        <ele>430</ele>
      </trkpt>
      <trkpt lat="42.78591834940016" lon="-72.23633168265224">
        <ele>430</ele>
      </trkpt>
      <trkpt lat="42.7861116360873" lon="-72.23625331185758">
        <ele>431</ele>
      </trkpt>
      <trkpt lat="42.78631498105824" lon="-72.23614334128797">
        <ele>432</ele>
      </trkpt>
      <trkpt lat="42.78648337349296" lon="-72.2360366396606">
        <ele>432</ele>
      </trkpt>
      <trkpt lat="42.78662167489529" lon="-72.23593337461352">
        <ele>433</ele>
      </trkpt>
      <trkpt lat="42.78675829991698" lon="-72.23581837490201">
        <ele>434</ele>
      </trkpt>
      <trkpt lat="42.78690163046122" lon="-72.23566498607397">
        <ele>434</ele>
      </trkpt>
      <trkpt lat="42.78705334290862" lon="-72.23550003021955">
        <ele>435</ele>
      </trkpt>
      <trkpt lat="42.78720170259476" lon="-72.23536499775946">
        <ele>436</ele>
      </trkpt>
      <trkpt lat="42.78733170591295" lon="-72.23527003079653">
        <ele>437</ele>
      </trkpt>
      <trkpt lat="42.78751837089658" lon="-72.23516332916915">
        <ele>438</ele>
      </trkpt>
      <trkpt lat="42.78767997398973" lon="-72.23511496558785">
        <ele>439</ele>
      </trkpt>
      <trkpt lat="42.78785834088922" lon="-72.23508663475513">
        <ele>441</ele>
      </trkpt>
      <trkpt lat="42.78805003501475" lon="-72.23506836220622">
        <ele>442</ele>
      </trkpt>
      <trkpt lat="42.78822002001107" lon="-72.23505000583827">
        <ele>444</ele>
      </trkpt>
      <trkpt lat="42.78839168138802" lon="-72.23506165668368">
        <ele>445</ele>
      </trkpt>
      <trkpt lat="42.78859167359769" lon="-72.23506333306432">
        <ele>445</ele>
      </trkpt>
      <trkpt lat="42.78880164027214" lon="-72.23501832224429">
        <ele>446</ele>
      </trkpt>
      <trkpt lat="42.78899333439767" lon="-72.23493165336549">
        <ele>447</ele>
      </trkpt>
      <trkpt lat="42.78914496302605" lon="-72.23485998809338">
        <ele>448</ele>
      </trkpt>
      <trkpt lat="42.78927999548614" lon="-72.23482830449939">
        <ele>448</ele>
      </trkpt>
      <trkpt lat="42.78941167518497" lon="-72.23477164283395">
        <ele>449</ele>
      </trkpt>
      <trkpt lat="42.78957998380065" lon="-72.2346983011812">
        <ele>448</ele>
      </trkpt>
      <trkpt lat="42.78975332155824" lon="-72.23462001420557">
        <ele>448</ele>
      </trkpt>
      <trkpt lat="42.78990997932851" lon="-72.23452831618488">
        <ele>448</ele>
      </trkpt>
      <trkpt lat="42.79006663709879" lon="-72.23441666923463">
        <ele>448</ele>
      </trkpt>
      <trkpt lat="42.79019496403635" lon="-72.23431834951043">
        <ele>447</ele>
      </trkpt>
      <trkpt lat="42.79031331650913" lon="-72.23418331705034">
        <ele>446</ele>
      </trkpt>
      <trkpt lat="42.79044499620795" lon="-72.23407996818423">
        <ele>446</ele>
      </trkpt>
      <trkpt lat="42.79058497399092" lon="-72.23400335758924">
        <ele>445</ele>
      </trkpt>
      <trkpt lat="42.79074498452246" lon="-72.23395834676921">
        <ele>444</ele>
      </trkpt>
      <trkpt lat="42.79088336974382" lon="-72.23389003425837">
        <ele>444</ele>
      </trkpt>
      <trkpt lat="42.79100331477821" lon="-72.23377997986972">
        <ele>443</ele>
      </trkpt>
      <trkpt lat="42.79115997254848" lon="-72.23364997655153">
        <ele>442</ele>
      </trkpt>
      <trkpt lat="42.79131663031876" lon="-72.2335600387305">
        <ele>441</ele>
      </trkpt>
      <trkpt lat="42.79150664806366" lon="-72.23347831517458">
        <ele>440</ele>
      </trkpt>
      <trkpt lat="42.7916666585952" lon="-72.23340329714119">
        <ele>439</ele>
      </trkpt>
      <trkpt lat="42.79181669466197" lon="-72.23334001377225">
        <ele>437</ele>
      </trkpt>
      <trkpt lat="42.79197997413576" lon="-72.2332717012614">
        <ele>436</ele>
      </trkpt>
      <trkpt lat="42.79212162829936" lon="-72.23319333046675">
        <ele>435</ele>
      </trkpt>
      <trkpt lat="42.79225666075945" lon="-72.23308335989714">
        <ele>434</ele>
      </trkpt>
      <trkpt lat="42.79239999130368" lon="-72.23297665826976">
        <ele>433</ele>
      </trkpt>
      <trkpt lat="42.79254499822855" lon="-72.23289837129414">
        <ele>433</ele>
      </trkpt>
      <trkpt lat="42.79268329963088" lon="-72.23282167688012">
        <ele>432</ele>
      </trkpt>
      <trkpt lat="42.79282336123288" lon="-72.23274003714323">
        <ele>431</ele>
      </trkpt>
      <trkpt lat="42.79298664070666" lon="-72.23267331719398">
        <ele>430</ele>
      </trkpt>
      <trkpt lat="42.79314329847693" lon="-72.23261497914791">
        <ele>429</ele>
      </trkpt>
      <trkpt lat="42.79330330900848" lon="-72.23256167024374">
        <ele>428</ele>
      </trkpt>
      <trkpt lat="42.79345502145588" lon="-72.2325100377202">
        <ele>427</ele>
      </trkpt>
      <trkpt lat="42.79362165369093" lon="-72.23242831416428">
        <ele>427</ele>
      </trkpt>
      <trkpt lat="42.79377831146121" lon="-72.23232831805944">
        <ele>427</ele>
      </trkpt>
      <trkpt lat="42.79391996562481" lon="-72.23223167471588">
        <ele>426</ele>
      </trkpt>
      <trkpt lat="42.79405164532363" lon="-72.23216663114727">
        <ele>426</ele>
      </trkpt>
      <trkpt lat="42.79421333223581" lon="-72.2320266533643">
        <ele>426</ele>
      </trkpt>
      <trkpt lat="42.79432497918606" lon="-72.23191668279469">
        <ele>427</ele>
      </trkpt>
      <trkpt lat="42.79446830973029" lon="-72.23177167586982">
        <ele>428</ele>
      </trkpt>
      <trkpt lat="42.79463670216501" lon="-72.23162331618369">
        <ele>428</ele>
      </trkpt>
      <trkpt lat="42.79480501078069" lon="-72.23155165091157">
        <ele>428</ele>
      </trkpt>
      <trkpt lat="42.79493995942175" lon="-72.23148333840072">
        <ele>428</ele>
      </trkpt>
      <trkpt lat="42.79510835185647" lon="-72.23139834590256">
        <ele>428</ele>
      </trkpt>
      <trkpt lat="42.79528495855629" lon="-72.23130002617836">
        <ele>429</ele>
      </trkpt>
      <trkpt lat="42.79545829631388" lon="-72.23120497539639">
        <ele>430</ele>
      </trkpt>
      <trkpt lat="42.79564001597464" lon="-72.2311183065176">
        <ele>431</ele>
      </trkpt>
      <trkpt lat="42.79579835012555" lon="-72.23101831041276">
        <ele>432</ele>
      </trkpt>
      <trkpt lat="42.79595333151519" lon="-72.23092837259173">
        <ele>433</ele>
      </trkpt>
      <trkpt lat="42.79611837118864" lon="-72.23082829266787">
        <ele>434</ele>
      </trkpt>
      <trkpt lat="42.79628332704306" lon="-72.23073500208557">
        <ele>435</ele>
      </trkpt>
      <trkpt lat="42.79645498842001" lon="-72.23062167875469">
        <ele>436</ele>
      </trkpt>
      <trkpt lat="42.7966283261776" lon="-72.23051003180444">
        <ele>436</ele>
      </trkpt>
      <trkpt lat="42.79682664200664" lon="-72.23042830824852">
        <ele>437</ele>
      </trkpt>
      <trkpt lat="42.79705001972616" lon="-72.23036334849894">
        <ele>438</ele>
      </trkpt>
      <trkpt lat="42.79726836830378" lon="-72.23030501045287">
        <ele>439</ele>
      </trkpt>
      <trkpt lat="42.79747162945569" lon="-72.2302517015487">
        <ele>440</ele>
      </trkpt>
      <trkpt lat="42.79767170548439" lon="-72.23019998520613">
        <ele>441</ele>
      </trkpt>
      <trkpt lat="42.79785996302962" lon="-72.2301666252315">
        <ele>441</ele>
      </trkpt>
      <trkpt lat="42.79801167547703" lon="-72.23014332354069">
        <ele>442</ele>
      </trkpt>
      <trkpt lat="42.79817336238921" lon="-72.23013167269528">
        <ele>442</ele>
      </trkpt>
      <trkpt lat="42.79836664907634" lon="-72.2300683055073">
        <ele>442</ele>
      </trkpt>
      <trkpt lat="42.79850997962058" lon="-72.22993000410497">
        <ele>442</ele>
      </trkpt>
      <trkpt lat="42.79859002679586" lon="-72.22975331358612">
        <ele>441</ele>
      </trkpt>
      <trkpt lat="42.79866169206798" lon="-72.22950504161417">
        <ele>441</ele>
      </trkpt>
      <trkpt lat="42.7987333573401" lon="-72.22926666028798">
        <ele>441</ele>
      </trkpt>
      <trkpt lat="42.79879999347031" lon="-72.22910002805293">
        <ele>441</ele>
      </trkpt>
      <trkpt lat="42.79889496043324" lon="-72.22891168668866">
        <ele>441</ele>
      </trkpt>
      <trkpt lat="42.79902999289334" lon="-72.22871169447899">
        <ele>440</ele>
      </trkpt>
      <trkpt lat="42.79918497428298" lon="-72.22854665480554">
        <ele>440</ele>
      </trkpt>
      <trkpt lat="42.7993599884212" lon="-72.22837834618986">
        <ele>438</ele>
      </trkpt>
      <trkpt lat="42.79953835532069" lon="-72.22822168841958">
        <ele>435</ele>
      </trkpt>
      <trkpt lat="42.79972669668496" lon="-72.2280983068049">
        <ele>432</ele>
      </trkpt>
      <trkpt lat="42.7998867072165" lon="-72.22799168899655">
        <ele>430</ele>
      </trkpt>
      <trkpt lat="42.80004336498678" lon="-72.22788666374981">
        <ele>427</ele>
      </trkpt>
      <trkpt lat="42.80020496807992" lon="-72.22776998765767">
        <ele>426</ele>
      </trkpt>
      <trkpt lat="42.8003666549921" lon="-72.2276300098747">
        <ele>424</ele>
      </trkpt>
      <trkpt lat="42.80048836022615" lon="-72.22753998823464">
        <ele>423</ele>
      </trkpt>
      <trkpt lat="42.80063495971262" lon="-72.22737335599959">
        <ele>422</ele>
      </trkpt>
      <trkpt lat="42.80078834854066" lon="-72.22719163633883">
        <ele>421</ele>
      </trkpt>
      <trkpt lat="42.80096998438239" lon="-72.22704503685236">
        <ele>420</ele>
      </trkpt>
      <trkpt lat="42.80115002766252" lon="-72.22693665884435">
        <ele>419</ele>
      </trkpt>
      <trkpt lat="42.80134163796902" lon="-72.22678335383534">
        <ele>419</ele>
      </trkpt>
      <trkpt lat="42.80154833570123" lon="-72.22664329223335">
        <ele>418</ele>
      </trkpt>
      <trkpt lat="42.80177330598235" lon="-72.22655670717359">
        <ele>417</ele>
      </trkpt>
      <trkpt lat="42.80200330540538" lon="-72.22650666721165">
        <ele>416</ele>
      </trkpt>
      <trkpt lat="42.80221167951822" lon="-72.22645503468812">
        <ele>416</ele>
      </trkpt>
      <trkpt lat="42.80236163176596" lon="-72.22639837302268">
        <ele>416</ele>
      </trkpt>
      <trkpt lat="42.80250169336796" lon="-72.2262967005372">
        <ele>416</ele>
      </trkpt>
      <trkpt lat="42.80263002030551" lon="-72.22612663172185">
        <ele>417</ele>
      </trkpt>
      <trkpt lat="42.80279003083706" lon="-72.22602831199765">
        <ele>418</ele>
      </trkpt>
      <trkpt lat="42.80304500833154" lon="-72.2260033339262">
        <ele>418</ele>
      </trkpt>
      <trkpt lat="42.80318004079163" lon="-72.22598330117762">
        <ele>418</ele>
      </trkpt>
      <trkpt lat="42.80331666581333" lon="-72.22596829757094">
        <ele>418</ele>
      </trkpt>
      <trkpt lat="42.80346167273819" lon="-72.2259549703449">
        <ele>418</ele>
      </trkpt>
      <trkpt lat="42.8036083560437" lon="-72.2259483486414">
        <ele>417</ele>
      </trkpt>
      <trkpt lat="42.80376501381397" lon="-72.22595170140266">
        <ele>417</ele>
      </trkpt>
      <trkpt lat="42.80391831882298" lon="-72.22596167586744">
        <ele>416</ele>
      </trkpt>
      <trkpt lat="42.80407003127038" lon="-72.22597165033221">
        <ele>416</ele>
      </trkpt>
      <trkpt lat="42.80421830713749" lon="-72.22597332671285">
        <ele>415</ele>
      </trkpt>
      <trkpt lat="42.80435996130109" lon="-72.22596502862871">
        <ele>414</ele>
      </trkpt>
      <trkpt lat="42.80450002290308" lon="-72.22593837417662">
        <ele>413</ele>
      </trkpt>
      <trkpt lat="42.80464000068605" lon="-72.2258999850601">
        <ele>413</ele>
      </trkpt>
      <trkpt lat="42.80477662570775" lon="-72.22585170529783">
        <ele>412</ele>
      </trkpt>
      <trkpt lat="42.8049099817872" lon="-72.22580334171653">
        <ele>411</ele>
      </trkpt>
      <trkpt lat="42.80513998121023" lon="-72.22570166923106">
        <ele>410</ele>
      </trkpt>
      <trkpt lat="42.80530502088368" lon="-72.22562002949417">
        <ele>408</ele>
      </trkpt>
      <trkpt lat="42.80536830425262" lon="-72.2253782954067">
        <ele>408</ele>
      </trkpt>
      <trkpt lat="42.80541331507266" lon="-72.22514502704144">
        <ele>408</ele>
      </trkpt>
      <trkpt lat="42.80542831867933" lon="-72.22477337345481">
        <ele>408</ele>
      </trkpt>
      <trkpt lat="42.8054367005825" lon="-72.22458830103278">
        <ele>408</ele>
      </trkpt>
      <trkpt lat="42.80546830035746" lon="-72.22424833104014">
        <ele>408</ele>
      </trkpt>
      <trkpt lat="42.80549830757082" lon="-72.22391833551228">
        <ele>408</ele>
      </trkpt>
      <trkpt lat="42.80553502030671" lon="-72.22358498722315">
        <ele>408</ele>
      </trkpt>
      <trkpt lat="42.80556167475879" lon="-72.2232782933861">
        <ele>409</ele>
      </trkpt>
      <trkpt lat="42.805749" lon="-72.223572">
        <ele>407</ele>
      </trkpt>
      <trkpt lat="42.805879" lon="-72.2238">
        <ele>406</ele>
      </trkpt>
      <trkpt lat="42.806034" lon="-72.224092">
        <ele>405</ele>
      </trkpt>
      <trkpt lat="42.806232" lon="-72.22425800000001">
        <ele>404</ele>
      </trkpt>
      <trkpt lat="42.806435" lon="-72.224435">
        <ele>403</ele>
      </trkpt>
      <trkpt lat="42.806645" lon="-72.224598">
        <ele>401</ele>
      </trkpt>
      <trkpt lat="42.806811" lon="-72.224704">
        <ele>401</ele>
      </trkpt>
      <trkpt lat="42.806983" lon="-72.22479300000001">
        <ele>401</ele>
      </trkpt>
      <trkpt lat="42.807176" lon="-72.224901">
        <ele>401</ele>
      </trkpt>
      <trkpt lat="42.807384" lon="-72.22490999999999">
        <ele>401</ele>
      </trkpt>
      <trkpt lat="42.807613" lon="-72.224902">
        <ele>400</ele>
      </trkpt>
      <trkpt lat="42.807863" lon="-72.22489">
        <ele>400</ele>
      </trkpt>
      <trkpt lat="42.808092" lon="-72.224923">
        <ele>399</ele>
      </trkpt>
      <trkpt lat="42.808364" lon="-72.22496700000001">
        <ele>398</ele>
      </trkpt>
      <trkpt lat="42.808649" lon="-72.225032">
        <ele>398</ele>
      </trkpt>
      <trkpt lat="42.808942" lon="-72.225099">
        <ele>398</ele>
      </trkpt>
      <trkpt lat="42.809139" lon="-72.225182">
        <ele>399</ele>
      </trkpt>
      <trkpt lat="42.809424" lon="-72.225359">
        <ele>399</ele>
      </trkpt>
      <trkpt lat="42.809631" lon="-72.225628">
        <ele>400</ele>
      </trkpt>
      <trkpt lat="42.809833" lon="-72.22569300000001">
        <ele>400</ele>
      </trkpt>
      <trkpt lat="42.810066" lon="-72.225724">
        <ele>399</ele>
      </trkpt>
      <trkpt lat="42.810344" lon="-72.22575500000001">
        <ele>399</ele>
      </trkpt>
      <trkpt lat="42.810658" lon="-72.225775">
        <ele>398</ele>
      </trkpt>
      <trkpt lat="42.810927" lon="-72.225815">
        <ele>397</ele>
      </trkpt>
      <trkpt lat="42.811215" lon="-72.225876">
        <ele>396</ele>
      </trkpt>
      <trkpt lat="42.811471" lon="-72.22592400000001">
        <ele>394</ele>
      </trkpt>
      <trkpt lat="42.811723" lon="-72.225978">
        <ele>393</ele>
      </trkpt>
      <trkpt lat="42.811911" lon="-72.226041">
        <ele>392</ele>
      </trkpt>
      <trkpt lat="42.812548" lon="-72.22621100000001">
        <ele>388</ele>
      </trkpt>
      <trkpt lat="42.813186" lon="-72.226293">
        <ele>385</ele>
      </trkpt>
      <trkpt lat="42.813637" lon="-72.22624999999999">
        <ele>384</ele>
      </trkpt>
      <trkpt lat="42.814032" lon="-72.226176">
        <ele>384</ele>
      </trkpt>
      <trkpt lat="42.814423" lon="-72.226343">
        <ele>383</ele>
      </trkpt>
      <trkpt lat="42.815063" lon="-72.226524">
        <ele>381</ele>
      </trkpt>
      <trkpt lat="42.815632" lon="-72.22666">
        <ele>380</ele>
      </trkpt>
      <trkpt lat="42.816157" lon="-72.226737">
        <ele>380</ele>
      </trkpt>
      <trkpt lat="42.816814" lon="-72.226826">
        <ele>380</ele>
      </trkpt>
      <trkpt lat="42.817238" lon="-72.226878">
        <ele>381</ele>
      </trkpt>
      <trkpt lat="42.81774" lon="-72.227046">
        <ele>381</ele>
      </trkpt>
      <trkpt lat="42.818126" lon="-72.227069">
        <ele>383</ele>
      </trkpt>
      <trkpt lat="42.818534" lon="-72.227153">
        <ele>384</ele>
      </trkpt>
      <trkpt lat="42.818913" lon="-72.227255">
        <ele>385</ele>
      </trkpt>
      <trkpt lat="42.819271" lon="-72.2276">
        <ele>385</ele>
      </trkpt>
      <trkpt lat="42.820257" lon="-72.227789">
        <ele>391</ele>
      </trkpt>
      <trkpt lat="42.821207" lon="-72.22825">
        <ele>396</ele>
      </trkpt>
      <trkpt lat="42.821943" lon="-72.228623">
        <ele>400</ele>
      </trkpt>
      <trkpt lat="42.82277" lon="-72.22899099999999">
        <ele>408</ele>
      </trkpt>
      <trkpt lat="42.823324" lon="-72.229275">
        <ele>414</ele>
      </trkpt>
      <trkpt lat="42.823727" lon="-72.229574">
        <ele>418</ele>
      </trkpt>
      <trkpt lat="42.824243" lon="-72.22891300000001">
        <ele>424</ele>
      </trkpt>
      <trkpt lat="42.824903" lon="-72.228655">
        <ele>430</ele>
      </trkpt>
      <trkpt lat="42.825658" lon="-72.22866399999999">
        <ele>435</ele>
      </trkpt>
      <trkpt lat="42.826221" lon="-72.228641">
        <ele>438</ele>
      </trkpt>
      <trkpt lat="42.827007" lon="-72.228441">
        <ele>440</ele>
      </trkpt>
      <trkpt lat="42.827507" lon="-72.228123">
        <ele>441</ele>
      </trkpt>
      <trkpt lat="42.828287" lon="-72.227361">
        <ele>443</ele>
      </trkpt>
      <trkpt lat="42.828858" lon="-72.22639100000001">
        <ele>438</ele>
      </trkpt>
      <trkpt lat="42.82904" lon="-72.22610899999999">
        <ele>437</ele>
      </trkpt>
      <trkpt lat="42.830047" lon="-72.22588">
        <ele>438</ele>
      </trkpt>
      <trkpt lat="42.831125" lon="-72.225634">
        <ele>434</ele>
      </trkpt>
      <trkpt lat="42.831557" lon="-72.224908">
        <ele>430</ele>
      </trkpt>
      <trkpt lat="42.83182" lon="-72.224059">
        <ele>425</ele>
      </trkpt>
      <trkpt lat="42.832086" lon="-72.22255199999999">
        <ele>419</ele>
      </trkpt>
      <trkpt lat="42.832436" lon="-72.22171299999999">
        <ele>418</ele>
      </trkpt>
      <trkpt lat="42.832841" lon="-72.220043">
        <ele>417</ele>
      </trkpt>
      <trkpt lat="42.833347" lon="-72.219004">
        <ele>416</ele>
      </trkpt>
      <trkpt lat="42.833957" lon="-72.218144">
        <ele>415</ele>
      </trkpt>
      <trkpt lat="42.834107" lon="-72.21732">
        <ele>414</ele>
      </trkpt>
      <trkpt lat="42.834553" lon="-72.21635499999999">
        <ele>417</ele>
      </trkpt>
      <trkpt lat="42.834652" lon="-72.214646">
        <ele>431</ele>
      </trkpt>
      <trkpt lat="42.833971" lon="-72.21342">
        <ele>435</ele>
      </trkpt>
      <trkpt lat="42.833437" lon="-72.212625">
        <ele>433</ele>
      </trkpt>
      <trkpt lat="42.833249" lon="-72.210677">
        <ele>422</ele>
      </trkpt>
      <trkpt lat="42.833057" lon="-72.20969100000001">
        <ele>413</ele>
      </trkpt>
      <trkpt lat="42.832615" lon="-72.20864400000001">
        <ele>412</ele>
      </trkpt>
      <trkpt lat="42.832514" lon="-72.206498">
        <ele>406</ele>
      </trkpt>
      <trkpt lat="42.832651" lon="-72.204795">
        <ele>393</ele>
      </trkpt>
      <trkpt lat="42.832644" lon="-72.20334800000001">
        <ele>382</ele>
      </trkpt>
      <trkpt lat="42.832551" lon="-72.201739">
        <ele>383</ele>
      </trkpt>
      <trkpt lat="42.832328" lon="-72.20076899999999">
        <ele>386</ele>
      </trkpt>
      <trkpt lat="42.831689" lon="-72.200564">
        <ele>382</ele>
      </trkpt>
      <trkpt lat="42.830903" lon="-72.200149">
        <ele>379</ele>
      </trkpt>
      <trkpt lat="42.830073" lon="-72.19938399999999">
        <ele>376</ele>
      </trkpt>
      <trkpt lat="42.829484" lon="-72.19816400000001">
        <ele>373</ele>
      </trkpt>
      <trkpt lat="42.829007" lon="-72.197287">
        <ele>368</ele>
      </trkpt>
      <trkpt lat="42.828383" lon="-72.196108">
        <ele>361</ele>
      </trkpt>
      <trkpt lat="42.828042" lon="-72.195352">
        <ele>359</ele>
      </trkpt>
      <trkpt lat="42.82767162658274" lon="-72.19459164887667">
        <ele>359</ele>
      </trkpt>
      <trkpt lat="42.82758831046522" lon="-72.19434002414346">
        <ele>359</ele>
      </trkpt>
      <trkpt lat="42.82746165990829" lon="-72.1941083483398">
        <ele>359</ele>
      </trkpt>
      <trkpt lat="42.82728832215071" lon="-72.19384834170341">
        <ele>359</ele>
      </trkpt>
      <trkpt lat="42.82719167880714" lon="-72.19371666200459">
        <ele>359</ele>
      </trkpt>
      <trkpt lat="42.82709335908294" lon="-72.19358003698289">
        <ele>359</ele>
      </trkpt>
      <trkpt lat="42.82699503935874" lon="-72.19343829900026">
        <ele>359</ele>
      </trkpt>
      <trkpt lat="42.82689169049263" lon="-72.1932932920754">
        <ele>358</ele>
      </trkpt>
      <trkpt lat="42.82678834162652" lon="-72.19314836896956">
        <ele>358</ele>
      </trkpt>
      <trkpt lat="42.82669337466359" lon="-72.19299833290279">
        <ele>357</ele>
      </trkpt>
      <trkpt lat="42.82661668024957" lon="-72.19284335151315">
        <ele>357</ele>
      </trkpt>
      <trkpt lat="42.82655666582286" lon="-72.19267663545907">
        <ele>356</ele>
      </trkpt>
      <trkpt lat="42.826520036906" lon="-72.19249835237861">
        <ele>356</ele>
      </trkpt>
      <trkpt lat="42.82650000415742" lon="-72.19230665825307">
        <ele>356</ele>
      </trkpt>
      <trkpt lat="42.82649329863489" lon="-72.19211001880467">
        <ele>355</ele>
      </trkpt>
      <trkpt lat="42.82649170607328" lon="-72.19191329553723">
        <ele>355</ele>
      </trkpt>
      <trkpt lat="42.82648500055075" lon="-72.1917200088501">
        <ele>354</ele>
      </trkpt>
      <trkpt lat="42.82647997140884" lon="-72.1915350202471">
        <ele>354</ele>
      </trkpt>
      <trkpt lat="42.82647670246661" lon="-72.19119002111256">
        <ele>352</ele>
      </trkpt>
      <trkpt lat="42.82646999694407" lon="-72.19085164368153">
        <ele>351</ele>
      </trkpt>
      <trkpt lat="42.82647829502821" lon="-72.19050664454699">
        <ele>350</ele>
      </trkpt>
      <trkpt lat="42.82649002969265" lon="-72.19014337286353">
        <ele>349</ele>
      </trkpt>
      <trkpt lat="42.82648667693138" lon="-72.1899567078799">
        <ele>348</ele>
      </trkpt>
      <trkpt lat="42.82647502608597" lon="-72.1897616609931">
        <ele>346</ele>
      </trkpt>
      <trkpt lat="42.82645499333739" lon="-72.18956502154469">
        <ele>345</ele>
      </trkpt>
      <trkpt lat="42.82642498612404" lon="-72.18936670571566">
        <ele>344</ele>
      </trkpt>
      <trkpt lat="42.82638500444591" lon="-72.1891849860549">
        <ele>342</ele>
      </trkpt>
      <trkpt lat="42.8262750338763" lon="-72.18886831775308">
        <ele>341</ele>
      </trkpt>
      <trkpt lat="42.82608996145427" lon="-72.18862499110401">
        <ele>339</ele>
      </trkpt>
      <trkpt lat="42.82588167116046" lon="-72.18841670081019">
        <ele>337</ele>
      </trkpt>
      <trkpt lat="42.82571000978351" lon="-72.18817496672273">
        <ele>336</ele>
      </trkpt>
      <trkpt lat="42.82557665370405" lon="-72.1879016328603">
        <ele>335</ele>
      </trkpt>
      <trkpt lat="42.82546835951507" lon="-72.18759829178452">
        <ele>334</ele>
      </trkpt>
      <trkpt lat="42.82537163235247" lon="-72.18727164901793">
        <ele>332</ele>
      </trkpt>
      <trkpt lat="42.82530667260289" lon="-72.1869433298707">
        <ele>331</ele>
      </trkpt>
      <trkpt lat="42.82529166899621" lon="-72.18662498518825">
        <ele>329</ele>
      </trkpt>
      <trkpt lat="42.82533835619688" lon="-72.18629331327975">
        <ele>328</ele>
      </trkpt>
      <trkpt lat="42.82541831955314" lon="-72.18594496138394">
        <ele>326</ele>
      </trkpt>
      <trkpt lat="42.82544832676649" lon="-72.18576332554221">
        <ele>325</ele>
      </trkpt>
      <trkpt lat="42.82547162845731" lon="-72.18558168970048">
        <ele>323</ele>
      </trkpt>
      <trkpt lat="42.82551169395447" lon="-72.18525663949549">
        <ele>320</ele>
      </trkpt>
      <trkpt lat="42.82554497011006" lon="-72.18497333116829">
        <ele>317</ele>
      </trkpt>
      <trkpt lat="42.82557170838118" lon="-72.18472329899669">
        <ele>314</ele>
      </trkpt>
      <trkpt lat="42.82557330094278" lon="-72.18447502702475">
        <ele>312</ele>
      </trkpt>
      <trkpt lat="42.8255582973361" lon="-72.18423664569855">
        <ele>310</ele>
      </trkpt>
      <trkpt lat="42.8255516756326" lon="-72.18401335179806">
        <ele>309</ele>
      </trkpt>
      <trkpt lat="42.82554664649069" lon="-72.18381662853062">
        <ele>308</ele>
      </trkpt>
      <trkpt lat="42.82553667202592" lon="-72.18361169099808">
        <ele>307</ele>
      </trkpt>
      <trkpt lat="42.82545335590839" lon="-72.18340834602714">
        <ele>307</ele>
      </trkpt>
      <trkpt lat="42.82540651465752" lon="-72.18330186917228">
        <ele>306</ele>
      </trkpt>
      <trkpt lat="42.82540651465752" lon="-72.18330186917228">
        <ele>306</ele>
      </trkpt>
      <trkpt lat="42.82540382181897" lon="-72.18325607196488">
        <ele>306</ele>
      </trkpt>
      <trkpt lat="42.82540382181897" lon="-72.18325607196488">
        <ele>306</ele>
      </trkpt>
      <trkpt lat="42.82539576578296" lon="-72.18320236505816">
        <ele>306</ele>
      </trkpt>
      <trkpt lat="42.82539576578296" lon="-72.18320236505816">
        <ele>306</ele>
      </trkpt>
      <trkpt lat="42.82540720961283" lon="-72.18311748998664">
        <ele>306</ele>
      </trkpt>
      <trkpt lat="42.82543105092505" lon="-72.18305550257486">
        <ele>306</ele>
      </trkpt>
      <trkpt lat="42.82546252145719" lon="-72.18300877360289">
        <ele>306</ele>
      </trkpt>
      <trkpt lat="42.82550162120924" lon="-72.18296872019836">
        <ele>306</ele>
      </trkpt>
      <trkpt lat="42.82550909876802" lon="-72.18296439108538">
        <ele>306</ele>
      </trkpt>
      <trkpt lat="42.82550909876802" lon="-72.18296439108538">
        <ele>306</ele>
      </trkpt>
      <trkpt lat="42.82564854778682" lon="-72.18294054006452">
        <ele>306</ele>
      </trkpt>
      <trkpt lat="42.82564854778682" lon="-72.18294054006452">
        <ele>306</ele>
      </trkpt>
      <trkpt lat="42.8256875834446" lon="-72.18295060080106">
        <ele>306</ele>
      </trkpt>
      <trkpt lat="42.82575624642381" lon="-72.18295823002097">
        <ele>306</ele>
      </trkpt>
      <trkpt lat="42.82582586305551" lon="-72.18296585924089">
        <ele>306</ele>
      </trkpt>
      <trkpt lat="42.82589166507726" lon="-72.18296776654587">
        <ele>306</ele>
      </trkpt>
      <trkpt lat="42.825957467099" lon="-72.18296872019836">
        <ele>306</ele>
      </trkpt>
      <trkpt lat="42.82651535380509" lon="-72.18290101087163">
        <ele>306</ele>
      </trkpt>
      <trkpt lat="42.82663360671373" lon="-72.18288861338928">
        <ele>306</ele>
      </trkpt>
      <trkpt lat="42.82675185962237" lon="-72.18287526225443">
        <ele>306</ele>
      </trkpt>
      <trkpt lat="42.82679382033189" lon="-72.18287526225443">
        <ele>307</ele>
      </trkpt>
      <trkpt lat="42.82686629792105" lon="-72.18289910356665">
        <ele>307</ele>
      </trkpt>
      <trkpt lat="42.82693877551021" lon="-72.18293534236125">
        <ele>307</ele>
      </trkpt>
      <trkpt lat="42.82700267022698" lon="-72.18297825672325">
        <ele>307</ele>
      </trkpt>
      <trkpt lat="42.82705416746139" lon="-72.18303547587259">
        <ele>307</ele>
      </trkpt>
      <trkpt lat="42.82705416746139" lon="-72.18303547587259">
        <ele>307</ele>
      </trkpt>
      <trkpt lat="42.82710661834829" lon="-72.18312607285905">
        <ele>307</ele>
      </trkpt>
      <trkpt lat="42.82715048636278" lon="-72.18323669654778">
        <ele>308</ele>
      </trkpt>
      <trkpt lat="42.82719530802976" lon="-72.18334636658402">
        <ele>308</ele>
      </trkpt>
      <trkpt lat="42.8272353614343" lon="-72.18343124165554">
        <ele>308</ele>
      </trkpt>
      <trkpt lat="42.82728399771125" lon="-72.18350848750715">
        <ele>309</ele>
      </trkpt>
      <trkpt lat="42.82732786572574" lon="-72.18356189204654">
        <ele>309</ele>
      </trkpt>
      <trkpt lat="42.82763971008966" lon="-72.18378313942399">
        <ele>309</ele>
      </trkpt>
      <trkpt lat="42.82763971008966" lon="-72.18378313942399">
        <ele>309</ele>
      </trkpt>
      <trkpt lat="42.82774651916843" lon="-72.18385752431814">
        <ele>309</ele>
      </trkpt>
      <trkpt lat="42.82785428189969" lon="-72.18393190921228">
        <ele>309</ele>
      </trkpt>
      <trkpt lat="42.82785428189969" lon="-72.18393190921228">
        <ele>309</ele>
      </trkpt>
      <trkpt lat="42.83005912645433" lon="-72.18538813656303">
        <ele>308</ele>
      </trkpt>
      <trkpt lat="42.83024604234218" lon="-72.18551687964906">
        <ele>309</ele>
      </trkpt>
      <trkpt lat="42.83024604234218" lon="-72.18551687964906">
        <ele>309</ele>
      </trkpt>
      <trkpt lat="42.83033950028611" lon="-72.18544154110242">
        <ele>309</ele>
      </trkpt>
      <trkpt lat="42.83038813656305" lon="-72.18541579248522">
        <ele>308</ele>
      </trkpt>
      <trkpt lat="42.83043677283999" lon="-72.1853995803929">
        <ele>308</ele>
      </trkpt>
      <trkpt lat="42.83067995422469" lon="-72.18536334159832">
        <ele>308</ele>
      </trkpt>
      <trkpt lat="42.8308182338356" lon="-72.18532805645623">
        <ele>308</ele>
      </trkpt>
      <trkpt lat="42.83115391951174" lon="-72.18520217432767">
        <ele>309</ele>
      </trkpt>
      <trkpt lat="42.83156208277705" lon="-72.18503719244707">
        <ele>310</ele>
      </trkpt>
      <trkpt lat="42.83166507724587" lon="-72.18500667556742">
        <ele>310</ele>
      </trkpt>
      <trkpt lat="42.83178905206944" lon="-72.18497806599275">
        <ele>310</ele>
      </trkpt>
      <trkpt lat="42.8319492656876" lon="-72.18497043677284">
        <ele>310</ele>
      </trkpt>
      <trkpt lat="42.83204367728401" lon="-72.18497234407782">
        <ele>311</ele>
      </trkpt>
      <trkpt lat="42.83217432767501" lon="-72.18498569521266">
        <ele>311</ele>
      </trkpt>
      <trkpt lat="42.83244325767691" lon="-72.185042914362">
        <ele>312</ele>
      </trkpt>
      <trkpt lat="42.832870493992" lon="-72.18523269120732">
        <ele>313</ele>
      </trkpt>
      <trkpt lat="42.83292389853139" lon="-72.18524604234217">
        <ele>313</ele>
      </trkpt>
      <trkpt lat="42.83340644669084" lon="-72.18545966049972">
        <ele>315</ele>
      </trkpt>
      <trkpt lat="42.83357333587642" lon="-72.18551592599657">
        <ele>315</ele>
      </trkpt>
      <trkpt lat="42.83386133892811" lon="-72.18557314514591">
        <ele>315</ele>
      </trkpt>
      <trkpt lat="42.83537860003816" lon="-72.18579343887087">
        <ele>312</ele>
      </trkpt>
      <trkpt lat="42.83644955178335" lon="-72.18597367919131">
        <ele>310</ele>
      </trkpt>
      <trkpt lat="42.83703414075912" lon="-72.18617776082395">
        <ele>311</ele>
      </trkpt>
      <trkpt lat="42.83729353423614" lon="-72.18634274270455">
        <ele>311</ele>
      </trkpt>
      <trkpt lat="42.83773221438109" lon="-72.1867032233454">
        <ele>313</ele>
      </trkpt>
      <trkpt lat="42.83788765973681" lon="-72.18681289338166">
        <ele>313</ele>
      </trkpt>
      <trkpt lat="42.83811176807173" lon="-72.18691493419797">
        <ele>313</ele>
      </trkpt>
      <trkpt lat="42.83826721342744" lon="-72.18697787526226">
        <ele>313</ele>
      </trkpt>
      <trkpt lat="42.83836543963381" lon="-72.18698359717719">
        <ele>313</ele>
      </trkpt>
      <trkpt lat="42.83846271218769" lon="-72.18696929238985">
        <ele>312</ele>
      </trkpt>
      <trkpt lat="42.83854579959007" lon="-72.18689862034644">
        <ele>312</ele>
      </trkpt>
      <trkpt lat="42.83854579959007" lon="-72.18689862034644">
        <ele>312</ele>
      </trkpt>
      <trkpt lat="42.83862864772078" lon="-72.18682815182147">
        <ele>311</ele>
      </trkpt>
      <trkpt lat="42.83881270265117" lon="-72.18663169940874">
        <ele>309</ele>
      </trkpt>
      <trkpt lat="42.83911882510014" lon="-72.18625405302308">
        <ele>305</ele>
      </trkpt>
      <trkpt lat="42.83998969053873" lon="-72.18540297998082">
        <ele>295</ele>
      </trkpt>
      <trkpt lat="42.83998969073416" lon="-72.18540297979018">
        <ele>295</ele>
      </trkpt>
      <trkpt lat="42.84000000000001" lon="-72.18540434865535">
        <ele>295</ele>
      </trkpt>
      <trkpt lat="42.84000000000001" lon="-72.18540434865535">
        <ele>295</ele>
      </trkpt>
      <trkpt lat="42.83998969073416" lon="-72.18540297979018">
        <ele>295</ele>
      </trkpt>
      <trkpt lat="42.83998969053873" lon="-72.18540297998082">
        <ele>295</ele>
      </trkpt>
      <trkpt lat="42.84000000000001" lon="-72.18539290482548">
        <ele>295</ele>
      </trkpt>
      <trkpt lat="42.84" lon="-72.18539290482548">
        <ele>295</ele>
      </trkpt>
      <trkpt lat="42.84042914362006" lon="-72.18496662216288">
        <ele>290</ele>
      </trkpt>
      <trkpt lat="42.84065611291245" lon="-72.18475205035286">
        <ele>288</ele>
      </trkpt>
      <trkpt lat="42.84084588975777" lon="-72.18458420751477">
        <ele>287</ele>
      </trkpt>
      <trkpt lat="42.84084588975777" lon="-72.18458420751477">
        <ele>287</ele>
      </trkpt>
      <trkpt lat="42.84090883082204" lon="-72.18452889567041">
        <ele>287</ele>
      </trkpt>
      <trkpt lat="42.84090883082204" lon="-72.18452889567041">
        <ele>287</ele>
      </trkpt>
      <trkpt lat="42.84116917795155" lon="-72.1842780850658">
        <ele>286</ele>
      </trkpt>
      <trkpt lat="42.84143715430097" lon="-72.18398722105664">
        <ele>287</ele>
      </trkpt>
      <trkpt lat="42.84162883845126" lon="-72.18380984169369">
        <ele>288</ele>
      </trkpt>
      <trkpt lat="42.84176616440968" lon="-72.18370970818233">
        <ele>289</ele>
      </trkpt>
      <trkpt lat="42.84198264352469" lon="-72.18360385275605">
        <ele>290</ele>
      </trkpt>
      <trkpt lat="42.84245756246423" lon="-72.18352374594697">
        <ele>294</ele>
      </trkpt>
      <trkpt lat="42.84261968338737" lon="-72.18355426282662">
        <ele>296</ele>
      </trkpt>
      <trkpt lat="42.84278752622544" lon="-72.18365344268548">
        <ele>297</ele>
      </trkpt>
      <trkpt lat="42.84302880030516" lon="-72.18384512683578">
        <ele>298</ele>
      </trkpt>
      <trkpt lat="42.84334922754148" lon="-72.1840606522983">
        <ele>300</ele>
      </trkpt>
      <trkpt lat="42.84363341598321" lon="-72.18423517070379">
        <ele>299</ele>
      </trkpt>
      <trkpt lat="42.84399771123402" lon="-72.18433721152012">
        <ele>298</ele>
      </trkpt>
      <trkpt lat="42.8442342170513" lon="-72.18434674804502">
        <ele>298</ele>
      </trkpt>
      <trkpt lat="42.84472916269311" lon="-72.18430860194545">
        <ele>297</ele>
      </trkpt>
      <trkpt lat="42.84502479496471" lon="-72.18432672134274">
        <ele>296</ele>
      </trkpt>
      <trkpt lat="42.84521266450505" lon="-72.18430288003051">
        <ele>296</ele>
      </trkpt>
      <trkpt lat="42.8455216479115" lon="-72.18420274651916">
        <ele>296</ele>
      </trkpt>
      <trkpt lat="42.84596223536143" lon="-72.18401201602136">
        <ele>296</ele>
      </trkpt>
      <trkpt lat="42.84666507724585" lon="-72.18378695403395">
        <ele>299</ele>
      </trkpt>
      <trkpt lat="42.84693400724775" lon="-72.18367919130269">
        <ele>301</ele>
      </trkpt>
      <trkpt lat="42.8479820713332" lon="-72.18335781041388">
        <ele>306</ele>
      </trkpt>
      <trkpt lat="42.84817852374594" lon="-72.18335971771886">
        <ele>306</ele>
      </trkpt>
      <trkpt lat="42.84832061796681" lon="-72.18340358573336">
        <ele>306</ele>
      </trkpt>
      <trkpt lat="42.84832061796681" lon="-72.18340358573336">
        <ele>306</ele>
      </trkpt>
      <trkpt lat="42.84925710471104" lon="-72.18377932481404">
        <ele>306</ele>
      </trkpt>
      <trkpt lat="42.84982929620445" lon="-72.18401773793629">
        <ele>306</ele>
      </trkpt>
      <trkpt lat="42.85011443829868" lon="-72.18410070570285">
        <ele>306</ele>
      </trkpt>
      <trkpt lat="42.85061892046538" lon="-72.1842866679382">
        <ele>306</ele>
      </trkpt>
      <trkpt lat="42.85099465954605" lon="-72.18437154300973">
        <ele>306</ele>
      </trkpt>
      <trkpt lat="42.85131699408735" lon="-72.18447453747854">
        <ele>306</ele>
      </trkpt>
      <trkpt lat="42.851608811749" lon="-72.18453080297539">
        <ele>305</ele>
      </trkpt>
      <trkpt lat="42.85191302689299" lon="-72.184565134465">
        <ele>305</ele>
      </trkpt>
      <trkpt lat="42.85227636849132" lon="-72.18459660499714">
        <ele>305</ele>
      </trkpt>
      <trkpt lat="42.85272077055121" lon="-72.18459755864963">
        <ele>305</ele>
      </trkpt>
      <trkpt lat="42.85377932481403" lon="-72.18452317375548">
        <ele>304</ele>
      </trkpt>
      <trkpt lat="42.85411405683768" lon="-72.1845298493229">
        <ele>304</ele>
      </trkpt>
      <trkpt lat="42.85431909212282" lon="-72.18456799542247">
        <ele>304</ele>
      </trkpt>
      <trkpt lat="42.8547215334732" lon="-72.18476444783521">
        <ele>304</ele>
      </trkpt>
      <trkpt lat="42.85494659546061" lon="-72.18494659546062">
        <ele>304</ele>
      </trkpt>
      <trkpt lat="42.85515067709326" lon="-72.18507057028418">
        <ele>304</ele>
      </trkpt>
      <trkpt lat="42.85532424184627" lon="-72.18522410833492">
        <ele>304</ele>
      </trkpt>
      <trkpt lat="42.85547491893954" lon="-72.18529181766164">
        <ele>304</ele>
      </trkpt>
      <trkpt lat="42.8556780469197" lon="-72.18536334159832">
        <ele>304</ele>
      </trkpt>
      <trkpt lat="42.85611577341216" lon="-72.18542914362006">
        <ele>305</ele>
      </trkpt>
      <trkpt lat="42.85660499713904" lon="-72.18545966049972">
        <ele>305</ele>
      </trkpt>
      <trkpt lat="42.85690158306313" lon="-72.18552069425901">
        <ele>305</ele>
      </trkpt>
      <trkpt lat="42.85715525462521" lon="-72.18555311844364">
        <ele>305</ele>
      </trkpt>
      <trkpt lat="42.85754434484073" lon="-72.18569616631699">
        <ele>306</ele>
      </trkpt>
      <trkpt lat="42.85795727636849" lon="-72.18583158497043">
        <ele>305</ele>
      </trkpt>
      <trkpt lat="42.8583206179668" lon="-72.18590596986458">
        <ele>305</ele>
      </trkpt>
      <trkpt lat="42.85857142857142" lon="-72.18598130841121">
        <ele>303</ele>
      </trkpt>
      <trkpt lat="42.85884417318329" lon="-72.18603757390807">
        <ele>302</ele>
      </trkpt>
      <trkpt lat="42.85921037573907" lon="-72.18601563990082">
        <ele>301</ele>
      </trkpt>
      <trkpt lat="42.85999999999999" lon="-72.18593648674423">
        <ele>302</ele>
      </trkpt>
      <trkpt lat="42.86000000000001" lon="-72.18593648674423">
        <ele>302</ele>
      </trkpt>
      <trkpt lat="42.86045107762732" lon="-72.18590596986458">
        <ele>303</ele>
      </trkpt>
      <trkpt lat="42.86081346557315" lon="-72.18589452603472">
        <ele>303</ele>
      </trkpt>
      <trkpt lat="42.86114724394431" lon="-72.18584779706275">
        <ele>305</ele>
      </trkpt>
      <trkpt lat="42.86162788479879" lon="-72.18587926759488">
        <ele>306</ele>
      </trkpt>
      <trkpt lat="42.86203223345414" lon="-72.18599465954605">
        <ele>306</ele>
      </trkpt>
      <trkpt lat="42.86244039671944" lon="-72.18608811748999">
        <ele>307</ele>
      </trkpt>
      <trkpt lat="42.86287526225444" lon="-72.18614438298684">
        <ele>309</ele>
      </trkpt>
      <trkpt lat="42.8631651726111" lon="-72.18625882128552">
        <ele>309</ele>
      </trkpt>
      <trkpt lat="42.86372401296968" lon="-72.18658687774175">
        <ele>308</ele>
      </trkpt>
      <trkpt lat="42.86408258630556" lon="-72.18677856189204">
        <ele>309</ele>
      </trkpt>
      <trkpt lat="42.86507629219913" lon="-72.18719149341979">
        <ele>312</ele>
      </trkpt>
      <trkpt lat="42.86529467861912" lon="-72.1872868586687">
        <ele>312</ele>
      </trkpt>
      <trkpt lat="42.86540816326531" lon="-72.18734407781804">
        <ele>312</ele>
      </trkpt>
      <trkpt lat="42.86562082777036" lon="-72.18747758916651">
        <ele>313</ele>
      </trkpt>
      <trkpt lat="42.86658497043678" lon="-72.18818710661834">
        <ele>311</ele>
      </trkpt>
      <trkpt lat="42.86658497043678" lon="-72.18818710661834">
        <ele>311</ele>
      </trkpt>
      <trkpt lat="42.86668415029564" lon="-72.18826053786">
        <ele>311</ele>
      </trkpt>
      <trkpt lat="42.86668415029564" lon="-72.18826053786">
        <ele>311</ele>
      </trkpt>
      <trkpt lat="42.867323573117" lon="-72.18872944792899">
        <ele>314</ele>
      </trkpt>
      <trkpt lat="42.867323573117" lon="-72.18872944792899">
        <ele>314</ele>
      </trkpt>
      <trkpt lat="42.86745358992154" lon="-72.18854240245957">
        <ele>314</ele>
      </trkpt>
      <trkpt lat="42.86800244092896" lon="-72.18811628069196">
        <ele>316</ele>
      </trkpt>
      <trkpt lat="42.86839272000329" lon="-72.18755384401535">
        <ele>318</ele>
      </trkpt>
      <trkpt lat="42.86871601609313" lon="-72.18691642335597">
        <ele>319</ele>
      </trkpt>
      <trkpt lat="42.86919408032623" lon="-72.18630731441036">
        <ele>321</ele>
      </trkpt>
      <trkpt lat="42.86919408032623" lon="-72.18630731441036">
        <ele>321</ele>
      </trkpt>
      <trkpt lat="42.86940587449934" lon="-72.18619588022125">
        <ele>322</ele>
      </trkpt>
      <trkpt lat="42.86969483120352" lon="-72.18609383940492">
        <ele>323</ele>
      </trkpt>
      <trkpt lat="42.87006770932673" lon="-72.18591359908449">
        <ele>324</ele>
      </trkpt>
      <trkpt lat="42.87019645241274" lon="-72.18588403585733">
        <ele>324</ele>
      </trkpt>
      <trkpt lat="42.87036715620828" lon="-72.18592790387183">
        <ele>324</ele>
      </trkpt>
      <trkpt lat="42.87060175472058" lon="-72.18599942780851">
        <ele>325</ele>
      </trkpt>
      <trkpt lat="42.87092122830441" lon="-72.18601468624833">
        <ele>325</ele>
      </trkpt>
      <trkpt lat="42.87101468624834" lon="-72.18598035475873">
        <ele>325</ele>
      </trkpt>
      <trkpt lat="42.87114438298684" lon="-72.18582395575052">
        <ele>325</ele>
      </trkpt>
      <trkpt lat="42.87183864199886" lon="-72.18504577531947">
        <ele>324</ele>
      </trkpt>
      <trkpt lat="42.87228876597369" lon="-72.18452889567041">
        <ele>323</ele>
      </trkpt>
      <trkpt lat="42.87310699980927" lon="-72.18365439633797">
        <ele>322</ele>
      </trkpt>
      <trkpt lat="42.87364676711807" lon="-72.1831308411215">
        <ele>323</ele>
      </trkpt>
      <trkpt lat="42.87399571733986" lon="-72.18281973999783">
        <ele>324</ele>
      </trkpt>
      <trkpt lat="42.87399571733986" lon="-72.18281973999783">
        <ele>324</ele>
      </trkpt>
      <trkpt lat="42.87400142200389" lon="-72.18280367167151">
        <ele>325</ele>
      </trkpt>
      <trkpt lat="42.87400142200389" lon="-72.18280367167151">
        <ele>325</ele>
      </trkpt>
      <trkpt lat="42.87372305931719" lon="-72.18248903299637">
        <ele>324</ele>
      </trkpt>
      <trkpt lat="42.87343314896052" lon="-72.18205035285142">
        <ele>323</ele>
      </trkpt>
      <trkpt lat="42.87343314896052" lon="-72.18205035285142">
        <ele>323</ele>
      </trkpt>
      <trkpt lat="42.8733826053786" lon="-72.18197406065229">
        <ele>323</ele>
      </trkpt>
      <trkpt lat="42.8733826053786" lon="-72.18197406065229">
        <ele>323</ele>
      </trkpt>
      <trkpt lat="42.87326530612246" lon="-72.1817909593744">
        <ele>323</ele>
      </trkpt>
      <trkpt lat="42.87289719626169" lon="-72.18128456990273">
        <ele>327</ele>
      </trkpt>
      <trkpt lat="42.87236124356285" lon="-72.18066564943734">
        <ele>333</ele>
      </trkpt>
      <trkpt lat="42.87226587831395" lon="-72.18059031089071">
        <ele>335</ele>
      </trkpt>
      <trkpt lat="42.87200839214191" lon="-72.18032519549875">
        <ele>338</ele>
      </trkpt>
      <trkpt lat="42.87165649437345" lon="-72.17999999999999">
        <ele>342</ele>
      </trkpt>
      <trkpt lat="42.87165649437345" lon="-72.18000000000001">
        <ele>342</ele>
      </trkpt>
      <trkpt lat="42.87158497043678" lon="-72.17993419797826">
        <ele>343</ele>
      </trkpt>
      <trkpt lat="42.87129124547015" lon="-72.17969006294106">
        <ele>344</ele>
      </trkpt>
      <trkpt lat="42.87102517642572" lon="-72.17939824527942">
        <ele>346</ele>
      </trkpt>
      <trkpt lat="42.87081155826817" lon="-72.17910928857525">
        <ele>348</ele>
      </trkpt>
      <trkpt lat="42.87063990082014" lon="-72.1787993515163">
        <ele>348</ele>
      </trkpt>
      <trkpt lat="42.87032424184628" lon="-72.17814419225634">
        <ele>349</ele>
      </trkpt>
      <trkpt lat="42.86989032996377" lon="-72.17728018310127">
        <ele>350</ele>
      </trkpt>
      <trkpt lat="42.86973583826055" lon="-72.17685866870113">
        <ele>352</ele>
      </trkpt>
      <trkpt lat="42.86947835208851" lon="-72.17634274270456">
        <ele>355</ele>
      </trkpt>
      <trkpt lat="42.8692523364486" lon="-72.17582395575053">
        <ele>357</ele>
      </trkpt>
      <trkpt lat="42.86860576006104" lon="-72.17426854854091">
        <ele>367</ele>
      </trkpt>
      <trkpt lat="42.86840644669083" lon="-72.17382223917605">
        <ele>369</ele>
      </trkpt>
      <trkpt lat="42.86817089452604" lon="-72.17336162502384">
        <ele>372</ele>
      </trkpt>
      <trkpt lat="42.86790768643907" lon="-72.17288384512683">
        <ele>373</ele>
      </trkpt>
      <trkpt lat="42.86744897959184" lon="-72.17199313370207">
        <ele>373</ele>
      </trkpt>
      <trkpt lat="42.86700267022697" lon="-72.17105760061034">
        <ele>372</ele>
      </trkpt>
      <trkpt lat="42.86663742132367" lon="-72.17024794964715">
        <ele>371</ele>
      </trkpt>
      <trkpt lat="42.86623116536335" lon="-72.1693744039672">
        <ele>368</ele>
      </trkpt>
      <trkpt lat="42.86571142475682" lon="-72.16828533282472">
        <ele>367</ele>
      </trkpt>
      <trkpt lat="42.86538527560558" lon="-72.1675309937059">
        <ele>369</ele>
      </trkpt>
      <trkpt lat="42.86497520503529" lon="-72.16667461377074">
        <ele>370</ele>
      </trkpt>
      <trkpt lat="42.86468910928858" lon="-72.16603566660309">
        <ele>370</ele>
      </trkpt>
      <trkpt lat="42.86350085828725" lon="-72.16343982452794">
        <ele>360</ele>
      </trkpt>
      <trkpt lat="42.86316707991608" lon="-72.16264257104712">
        <ele>362</ele>
      </trkpt>
      <trkpt lat="42.86298874690063" lon="-72.16226397100897">
        <ele>364</ele>
      </trkpt>
      <trkpt lat="42.86283902345986" lon="-72.16195212664505">
        <ele>367</ele>
      </trkpt>
      <trkpt lat="42.86248045012398" lon="-72.16131604043487">
        <ele>371</ele>
      </trkpt>
      <trkpt lat="42.86209517451841" lon="-72.16061129124547">
        <ele>374</ele>
      </trkpt>
      <trkpt lat="42.86173850848751" lon="-72.16">
        <ele>375</ele>
      </trkpt>
      <trkpt lat="42.86173850848751" lon="-72.16">
        <ele>375</ele>
      </trkpt>
      <trkpt lat="42.86148483692543" lon="-72.15953652489033">
        <ele>375</ele>
      </trkpt>
      <trkpt lat="42.86137516688919" lon="-72.15935342361243">
        <ele>375</ele>
      </trkpt>
      <trkpt lat="42.86120541674615" lon="-72.15908926187296">
        <ele>374</ele>
      </trkpt>
      <trkpt lat="42.86095079153157" lon="-72.15872496662216">
        <ele>373</ele>
      </trkpt>
      <trkpt lat="42.86065039099753" lon="-72.15827293534235">
        <ele>372</ele>
      </trkpt>
      <trkpt lat="42.86028418844174" lon="-72.15761968338737">
        <ele>373</ele>
      </trkpt>
      <trkpt lat="42.86000000000001" lon="-72.15708945260346">
        <ele>373</ele>
      </trkpt>
      <trkpt lat="42.85999999999999" lon="-72.15708945260346">
        <ele>373</ele>
      </trkpt>
      <trkpt lat="42.85949647148578" lon="-72.15611100514971">
        <ele>376</ele>
      </trkpt>
      <trkpt lat="42.85919320999427" lon="-72.15555788670608">
        <ele>378</ele>
      </trkpt>
      <trkpt lat="42.85851802403204" lon="-72.15424947549113">
        <ele>384</ele>
      </trkpt>
      <trkpt lat="42.85814323860384" lon="-72.1534951363723">
        <ele>386</ele>
      </trkpt>
      <trkpt lat="42.8579124547015" lon="-72.15304882700742">
        <ele>387</ele>
      </trkpt>
      <trkpt lat="42.85775224108335" lon="-72.15278561892046">
        <ele>387</ele>
      </trkpt>
      <trkpt lat="42.85757104711043" lon="-72.15252336448597">
        <ele>388</ele>
      </trkpt>
      <trkpt lat="42.85737936296013" lon="-72.15228018310127">
        <ele>388</ele>
      </trkpt>
      <trkpt lat="42.85717146671752" lon="-72.15203986267403">
        <ele>388</ele>
      </trkpt>
      <trkpt lat="42.85513827961091" lon="-72.14982929620446">
        <ele>397</ele>
      </trkpt>
      <trkpt lat="42.85390997520503" lon="-72.14838355903107">
        <ele>399</ele>
      </trkpt>
      <trkpt lat="42.8533559031089" lon="-72.14761586877741">
        <ele>399</ele>
      </trkpt>
      <trkpt lat="42.85266736601182" lon="-72.14662693114629">
        <ele>403</ele>
      </trkpt>
      <trkpt lat="42.85247854281899" lon="-72.14638374976158">
        <ele>405</ele>
      </trkpt>
      <trkpt lat="42.8521562082777" lon="-72.1460423421705">
        <ele>407</ele>
      </trkpt>
      <trkpt lat="42.8518338737364" lon="-72.14574289528895">
        <ele>410</ele>
      </trkpt>
      <trkpt lat="42.85137516688918" lon="-72.14526606904442">
        <ele>416</ele>
      </trkpt>
      <trkpt lat="42.85102422277322" lon="-72.14492561510585">
        <ele>419</ele>
      </trkpt>
      <trkpt lat="42.85073541295089" lon="-72.14468795688693">
        <ele>420</ele>
      </trkpt>
      <trkpt lat="42.8507354129917" lon="-72.14468795692052">
        <ele>420</ele>
      </trkpt>
      <trkpt lat="42.85087134954733" lon="-72.14450410028415">
        <ele>422</ele>
      </trkpt>
      <trkpt lat="42.85087134954733" lon="-72.14450410028415">
        <ele>422</ele>
      </trkpt>
      <trkpt lat="42.85075410840818" lon="-72.14456519711348">
        <ele>421</ele>
      </trkpt>
      <trkpt lat="42.85075410840818" lon="-72.14456519711348">
        <ele>421</ele>
      </trkpt>
      <trkpt lat="42.85082831047475" lon="-72.14457666501403">
        <ele>421</ele>
      </trkpt>
      <trkpt lat="42.85096334293485" lon="-72.14448999613523">
        <ele>422</ele>
      </trkpt>
      <trkpt lat="42.85105663351715" lon="-72.14434498921037">
        <ele>424</ele>
      </trkpt>
      <trkpt lat="42.85116836428642" lon="-72.14419503696263">
        <ele>425</ele>
      </trkpt>
      <trkpt lat="42.85125335678458" lon="-72.14405003003776">
        <ele>427</ele>
      </trkpt>
      <trkpt lat="42.85135502927005" lon="-72.14390502311289">
        <ele>428</ele>
      </trkpt>
      <trkpt lat="42.85150665789843" lon="-72.14372833259404">
        <ele>429</ele>
      </trkpt>
      <trkpt lat="42.85165166482329" lon="-72.14357502758503">
        <ele>430</ele>
      </trkpt>
      <trkpt lat="42.85177663899958" lon="-72.1434316970408">
        <ele>430</ele>
      </trkpt>
      <trkpt lat="42.85191334784031" lon="-72.14324997738004">
        <ele>430</ele>
      </trkpt>
      <trkpt lat="42.85204997286201" lon="-72.14311167597771">
        <ele>429</ele>
      </trkpt>
      <trkpt lat="42.85219497978687" lon="-72.14296666905284">
        <ele>429</ele>
      </trkpt>
      <trkpt lat="42.85232498310506" lon="-72.14287002570927">
        <ele>428</ele>
      </trkpt>
      <trkpt lat="42.85248164087534" lon="-72.14274832047522">
        <ele>428</ele>
      </trkpt>
      <trkpt lat="42.85267836414278" lon="-72.14258168824017">
        <ele>427</ele>
      </trkpt>
      <trkpt lat="42.85287165082991" lon="-72.14235168881714">
        <ele>426</ele>
      </trkpt>
      <trkpt lat="42.85297667607665" lon="-72.14223165996373">
        <ele>425</ele>
      </trkpt>
      <trkpt lat="42.85317834466696" lon="-72.14203669689596">
        <ele>423</ele>
      </trkpt>
      <trkpt lat="42.85338663496077" lon="-72.14189831167459">
        <ele>422</ele>
      </trkpt>
      <trkpt lat="42.8536266926676" lon="-72.14181834831834">
        <ele>422</ele>
      </trkpt>
      <trkpt lat="42.8538616374135" lon="-72.14172002859414">
        <ele>422</ele>
      </trkpt>
      <trkpt lat="42.85407168790698" lon="-72.14153001084924">
        <ele>421</ele>
      </trkpt>
      <trkpt lat="42.85427168011665" lon="-72.14130998589098">
        <ele>420</ele>
      </trkpt>
      <trkpt lat="42.85449329763651" lon="-72.1410983428359">
        <ele>419</ele>
      </trkpt>
      <trkpt lat="42.85461332648993" lon="-72.14099331758916">
        <ele>418</ele>
      </trkpt>
      <trkpt lat="42.85473670810461" lon="-72.14088996872306">
        <ele>418</ele>
      </trkpt>
      <trkpt lat="42.85495329648256" lon="-72.14072995819151">
        <ele>417</ele>
      </trkpt>
      <trkpt lat="42.85512998700142" lon="-72.14060003869236">
        <ele>416</ele>
      </trkpt>
      <trkpt lat="42.85528832115233" lon="-72.14047162793577">
        <ele>415</ele>
      </trkpt>
      <trkpt lat="42.8554383572191" lon="-72.14031329378486">
        <ele>414</ele>
      </trkpt>
      <trkpt lat="42.85559669137001" lon="-72.14013668708503">
        <ele>413</ele>
      </trkpt>
      <trkpt lat="42.85573666915298" lon="-72.13990836404264">
        <ele>411</ele>
      </trkpt>
      <trkpt lat="42.85590162500739" lon="-72.13966662995517">
        <ele>410</ele>
      </trkpt>
      <trkpt lat="42.8560649883002" lon="-72.13944836519659">
        <ele>410</ele>
      </trkpt>
      <trkpt lat="42.85622835159302" lon="-72.13923001661897">
        <ele>409</ele>
      </trkpt>
      <trkpt lat="42.85639833658934" lon="-72.13903832249343">
        <ele>409</ele>
      </trkpt>
      <trkpt lat="42.85659003071487" lon="-72.13889834471047">
        <ele>410</ele>
      </trkpt>
      <trkpt lat="42.85677501931787" lon="-72.1387916430831">
        <ele>410</ele>
      </trkpt>
      <trkpt lat="42.85694835707545" lon="-72.13868167251348">
        <ele>409</ele>
      </trkpt>
      <trkpt lat="42.85711666569114" lon="-72.13858670555055">
        <ele>409</ele>
      </trkpt>
      <trkpt lat="42.85729000344872" lon="-72.1385083347559">
        <ele>409</ele>
      </trkpt>
      <trkpt lat="42.85747499205172" lon="-72.13844002224505">
        <ele>409</ele>
      </trkpt>
      <trkpt lat="42.85766333341599" lon="-72.13839165866375">
        <ele>409</ele>
      </trkpt>
      <trkpt lat="42.85784999839962" lon="-72.1383616514504">
        <ele>410</ele>
      </trkpt>
      <trkpt lat="42.85806834697723" lon="-72.13833332061768">
        <ele>410</ele>
      </trkpt>
      <trkpt lat="42.8583066444844" lon="-72.13829996064305">
        <ele>411</ele>
      </trkpt>
      <trkpt lat="42.85853832028806" lon="-72.13826500810683">
        <ele>412</ele>
      </trkpt>
      <trkpt lat="42.8587366361171" lon="-72.13825503364205">
        <ele>412</ele>
      </trkpt>
      <trkpt lat="42.85890997387469" lon="-72.13829166255891">
        <ele>413</ele>
      </trkpt>
      <trkpt lat="42.85904165357351" lon="-72.1383666805923">
        <ele>412</ele>
      </trkpt>
      <trkpt lat="42.85919663496315" lon="-72.1384166367352">
        <ele>413</ele>
      </trkpt>
      <trkpt lat="42.85938665270805" lon="-72.13838336057961">
        <ele>413</ele>
      </trkpt>
      <trkpt lat="42.85959829576313" lon="-72.13834329508245">
        <ele>413</ele>
      </trkpt>
      <trkpt lat="42.85978998988867" lon="-72.13832669891417">
        <ele>414</ele>
      </trkpt>
      <trkpt lat="42.85995502956212" lon="-72.13836835697293">
        <ele>414</ele>
      </trkpt>
      <trkpt lat="42.8601283673197" lon="-72.13848503306508">
        <ele>413</ele>
      </trkpt>
      <trkpt lat="42.86032668314874" lon="-72.13864169083536">
        <ele>411</ele>
      </trkpt>
      <trkpt lat="42.86052332259715" lon="-72.13881670497358">
        <ele>409</ele>
      </trkpt>
      <trkpt lat="42.86071166396141" lon="-72.13899666443467">
        <ele>406</ele>
      </trkpt>
      <trkpt lat="42.86090503446758" lon="-72.13918500579894">
        <ele>404</ele>
      </trkpt>
      <trkpt lat="42.86107837222517" lon="-72.13937167078257">
        <ele>403</ele>
      </trkpt>
      <trkpt lat="42.86125330254436" lon="-72.13960502296686">
        <ele>401</ele>
      </trkpt>
      <trkpt lat="42.86144834943116" lon="-72.13985497131944">
        <ele>400</ele>
      </trkpt>
      <trkpt lat="42.86164834164083" lon="-72.14004666544497">
        <ele>398</ele>
      </trkpt>
      <trkpt lat="42.86184003576636" lon="-72.14018664322793">
        <ele>399</ele>
      </trkpt>
      <trkpt lat="42.86202334798872" lon="-72.14031999930739">
        <ele>399</ele>
      </trkpt>
      <trkpt lat="42.86221001297235" lon="-72.14047498069704">
        <ele>399</ele>
      </trkpt>
      <trkpt lat="42.86236834712327" lon="-72.14062166400254">
        <ele>399</ele>
      </trkpt>
      <trkpt lat="42.86249499768019" lon="-72.14075334370136">
        <ele>398</ele>
      </trkpt>
      <trkpt lat="42.86260664463043" lon="-72.14087999425828">
        <ele>399</ele>
      </trkpt>
      <trkpt lat="42.86275332793593" lon="-72.14101502671838">
        <ele>399</ele>
      </trkpt>
      <trkpt lat="42.8629033640027" lon="-72.14118836447597">
        <ele>400</ele>
      </trkpt>
      <trkpt lat="42.86304837092757" lon="-72.14137997478247">
        <ele>400</ele>
      </trkpt>
      <trkpt lat="42.86320502869785" lon="-72.14154995977879">
        <ele>400</ele>
      </trkpt>
      <trkpt lat="42.86335665732622" lon="-72.14170334860682">
        <ele>400</ele>
      </trkpt>
      <trkpt lat="42.86349336616695" lon="-72.1418600063771">
        <ele>401</ele>
      </trkpt>
      <trkpt lat="42.86363166756928" lon="-72.14205329306424">
        <ele>401</ele>
      </trkpt>
      <trkpt lat="42.86375496536493" lon="-72.14221003465354">
        <ele>402</ele>
      </trkpt>
      <trkpt lat="42.8638566378504" lon="-72.14234003797174">
        <ele>402</ele>
      </trkpt>
      <trkpt lat="42.86395831033587" lon="-72.14251832105219">
        <ele>402</ele>
      </trkpt>
      <trkpt lat="42.86406165920198" lon="-72.14269165880978">
        <ele>402</ele>
      </trkpt>
      <trkpt lat="42.86417330615222" lon="-72.14288335293531">
        <ele>402</ele>
      </trkpt>
      <trkpt lat="42.86429668776691" lon="-72.14308502152562">
        <ele>403</ele>
      </trkpt>
      <trkpt lat="42.86441001109779" lon="-72.14327168650925">
        <ele>403</ele>
      </trkpt>
      <trkpt lat="42.86451000720263" lon="-72.14346497319639">
        <ele>404</ele>
      </trkpt>
      <trkpt lat="42.86460329778492" lon="-72.14370829984546">
        <ele>404</ele>
      </trkpt>
      <trkpt lat="42.86467999219894" lon="-72.14398004114628">
        <ele>404</ele>
      </trkpt>
      <trkpt lat="42.86476330831647" lon="-72.14422496035695">
        <ele>403</ele>
      </trkpt>
      <trkpt lat="42.86482835188508" lon="-72.14444163255394">
        <ele>403</ele>
      </trkpt>
      <trkpt lat="42.86486003547907" lon="-72.14463332667947">
        <ele>403</ele>
      </trkpt>
      <trkpt lat="42.86492164246738" lon="-72.14481336995959">
        <ele>402</ele>
      </trkpt>
      <trkpt lat="42.86498165689409" lon="-72.14505334384739">
        <ele>402</ele>
      </trkpt>
      <trkpt lat="42.86503337323666" lon="-72.14524663053453">
        <ele>401</ele>
      </trkpt>
      <trkpt lat="42.86509498022497" lon="-72.14549666270614">
        <ele>400</ele>
      </trkpt>
      <trkpt lat="42.86516002379358" lon="-72.14569833129644">
        <ele>400</ele>
      </trkpt>
      <trkpt lat="42.8652433399111" lon="-72.14588667266071">
        <ele>399</ele>
      </trkpt>
      <trkpt lat="42.86528835073113" lon="-72.14608666487038">
        <ele>398</ele>
      </trkpt>
      <trkpt lat="42.86531332880259" lon="-72.14633334428072">
        <ele>396</ele>
      </trkpt>
      <trkpt lat="42.86536496132612" lon="-72.1465832926333">
        <ele>395</ele>
      </trkpt>
      <trkpt lat="42.86545665934682" lon="-72.14685335755348">
        <ele>393</ele>
      </trkpt>
      <trkpt lat="42.86556830629706" lon="-72.14709500782192">
        <ele>391</ele>
      </trkpt>
      <trkpt lat="42.86570836789906" lon="-72.147306650877">
        <ele>391</ele>
      </trkpt>
      <trkpt lat="42.86586997099221" lon="-72.14749163947999">
        <ele>390</ele>
      </trkpt>
      <trkpt lat="42.86601330153644" lon="-72.14764502830803">
        <ele>389</ele>
      </trkpt>
      <trkpt lat="42.86614833399653" lon="-72.14778332971036">
        <ele>388</ele>
      </trkpt>
      <trkpt lat="42.86627666093409" lon="-72.14791836217046">
        <ele>387</ele>
      </trkpt>
      <trkpt lat="42.8663850389421" lon="-72.14803830720484">
        <ele>386</ele>
      </trkpt>
      <trkpt lat="42.86649836227298" lon="-72.14815665967762">
        <ele>386</ele>
      </trkpt>
      <trkpt lat="42.86665502004325" lon="-72.14830334298313">
        <ele>385</ele>
      </trkpt>
      <trkpt lat="42.86682835780084" lon="-72.14844834990799">
        <ele>383</ele>
      </trkpt>
      <trkpt lat="42.86697831004858" lon="-72.14855002239347">
        <ele>382</ele>
      </trkpt>
      <trkpt lat="42.86710831336677" lon="-72.14862168766558">
        <ele>382</ele>
      </trkpt>
      <trkpt lat="42.86725834943354" lon="-72.14868329465389">
        <ele>381</ele>
      </trkpt>
      <trkpt lat="42.86743336357176" lon="-72.14865337125957">
        <ele>382</ele>
      </trkpt>
      <trkpt lat="42.86762329749763" lon="-72.1485966257751">
        <ele>383</ele>
      </trkpt>
      <trkpt lat="42.86788162775338" lon="-72.14853996410966">
        <ele>384</ele>
      </trkpt>
      <trkpt lat="42.86812830716372" lon="-72.14848497882485">
        <ele>385</ele>
      </trkpt>
      <trkpt lat="42.86834330298007" lon="-72.14843502268195">
        <ele>386</ele>
      </trkpt>
      <trkpt lat="42.86851169541478" lon="-72.14842664077878">
        <ele>386</ele>
      </trkpt>
      <trkpt lat="42.86868997849524" lon="-72.14846670627594">
        <ele>387</ele>
      </trkpt>
      <trkpt lat="42.8688233345747" lon="-72.14851163327694">
        <ele>387</ele>
      </trkpt>
      <trkpt lat="42.86897663958371" lon="-72.14858170598745">
        <ele>387</ele>
      </trkpt>
      <trkpt lat="42.86914670839906" lon="-72.14865999296308">
        <ele>386</ele>
      </trkpt>
      <trkpt lat="42.86932834424078" lon="-72.14874666184187">
        <ele>386</ele>
      </trkpt>
      <trkpt lat="42.86951836198568" lon="-72.14884498156607">
        <ele>385</ele>
      </trkpt>
      <trkpt lat="42.86970997229218" lon="-72.1489282976836">
        <ele>385</ele>
      </trkpt>
      <trkpt lat="42.86989831365645" lon="-72.14901169762015">
        <ele>385</ele>
      </trkpt>
      <trkpt lat="42.87009000778198" lon="-72.14910834096372">
        <ele>384</ele>
      </trkpt>
      <trkpt lat="42.87027834914625" lon="-72.14920003898442">
        <ele>383</ele>
      </trkpt>
      <trkpt lat="42.87046836689115" lon="-72.14930665679276">
        <ele>382</ele>
      </trkpt>
      <trkpt lat="42.87065000273287" lon="-72.14942165650427">
        <ele>382</ele>
      </trkpt>
      <trkpt lat="42.87082669325173" lon="-72.14953665621579">
        <ele>381</ele>
      </trkpt>
      <trkpt lat="42.87098997272551" lon="-72.1496516559273">
        <ele>380</ele>
      </trkpt>
      <trkpt lat="42.8711250051856" lon="-72.14975165203214">
        <ele>379</ele>
      </trkpt>
      <trkpt lat="42.87124830298126" lon="-72.14985332451761">
        <ele>378</ele>
      </trkpt>
      <trkpt lat="42.87138668820262" lon="-72.14977830648422">
        <ele>379</ele>
      </trkpt>
      <trkpt lat="42.87145332433283" lon="-72.1496016997844">
        <ele>380</ele>
      </trkpt>
      <trkpt lat="42.87154166959226" lon="-72.14939500205219">
        <ele>381</ele>
      </trkpt>
      <trkpt lat="42.87168667651713" lon="-72.14938502758741">
        <ele>381</ele>
      </trkpt>
      <trkpt lat="42.87185003980994" lon="-72.14954336173832">
        <ele>380</ele>
      </trkpt>
      <trkpt lat="42.87196503952146" lon="-72.14967831037939">
        <ele>379</ele>
      </trkpt>
      <trkpt lat="42.87212496623397" lon="-72.1497983392328">
        <ele>378</ele>
      </trkpt>
      <trkpt lat="42.87229662761092" lon="-72.14981501922011">
        <ele>378</ele>
      </trkpt>
      <trkpt lat="42.87243333645165" lon="-72.14980336837471">
        <ele>378</ele>
      </trkpt>
      <trkpt lat="42.87258496508002" lon="-72.1497983392328">
        <ele>378</ele>
      </trkpt>
      <trkpt lat="42.87272502668202" lon="-72.14983496814966">
        <ele>378</ele>
      </trkpt>
      <trkpt lat="42.87288000807166" lon="-72.14985332451761">
        <ele>378</ele>
      </trkpt>
      <trkpt lat="42.8730283677578" lon="-72.14988668449223">
        <ele>378</ele>
      </trkpt>
      <trkpt lat="42.87316666916013" lon="-72.14997167699039">
        <ele>377</ele>
      </trkpt>
      <trkpt lat="42.87329164333642" lon="-72.15008332394063">
        <ele>376</ele>
      </trkpt>
      <trkpt lat="42.87341334857047" lon="-72.15019002556801">
        <ele>375</ele>
      </trkpt>
      <trkpt lat="42.8735566791147" lon="-72.15025003999472">
        <ele>375</ele>
      </trkpt>
      <trkpt lat="42.87372331134975" lon="-72.15032170526683">
        <ele>374</ele>
      </trkpt>
      <trkpt lat="42.87391165271401" lon="-72.15038163587451">
        <ele>374</ele>
      </trkpt>
      <trkpt lat="42.87410829216242" lon="-72.15034835971892">
        <ele>374</ele>
      </trkpt>
      <trkpt lat="42.87430836819112" lon="-72.15030997060239">
        <ele>375</ele>
      </trkpt>
      <trkpt lat="42.87445664405823" lon="-72.15029496699572">
        <ele>375</ele>
      </trkpt>
      <trkpt lat="42.874606680125" lon="-72.15025163255632">
        <ele>376</ele>
      </trkpt>
      <trkpt lat="42.8747533634305" lon="-72.15019497089088">
        <ele>377</ele>
      </trkpt>
      <trkpt lat="42.8748950175941" lon="-72.15015498921275">
        <ele>377</ele>
      </trkpt>
      <trkpt lat="42.87504832260311" lon="-72.15014996007085">
        <ele>377</ele>
      </trkpt>
      <trkpt lat="42.87519165314734" lon="-72.15015666559339">
        <ele>378</ele>
      </trkpt>
      <trkpt lat="42.8753316309303" lon="-72.15015163645148">
        <ele>378</ele>
      </trkpt>
      <trkpt lat="42.8754666633904" lon="-72.15014501474798">
        <ele>378</ele>
      </trkpt>
      <trkpt lat="42.87562332116067" lon="-72.15013830922544">
        <ele>379</ele>
      </trkpt>
      <trkpt lat="42.87580504082143" lon="-72.15014996007085">
        <ele>379</ele>
      </trkpt>
      <trkpt lat="42.87598835304379" lon="-72.15015331283212">
        <ele>379</ele>
      </trkpt>
      <trkpt lat="42.87617501802742" lon="-72.15014501474798">
        <ele>380</ele>
      </trkpt>
      <trkpt lat="42.87635003216565" lon="-72.15013168752193">
        <ele>380</ele>
      </trkpt>
      <trkpt lat="42.87652496248484" lon="-72.15013663284481">
        <ele>380</ele>
      </trkpt>
      <trkpt lat="42.87670332938433" lon="-72.15016169473529">
        <ele>381</ele>
      </trkpt>
      <trkpt lat="42.87687666714191" lon="-72.15020167641342">
        <ele>381</ele>
      </trkpt>
      <trkpt lat="42.87703835405409" lon="-72.15023000724614">
        <ele>381</ele>
      </trkpt>
      <trkpt lat="42.87719333544374" lon="-72.15027837082744">
        <ele>381</ele>
      </trkpt>
      <trkpt lat="42.87732501514256" lon="-72.1503633633256">
        <ele>382</ele>
      </trkpt>
      <trkpt lat="42.87745166569948" lon="-72.15046335943043">
        <ele>382</ele>
      </trkpt>
      <trkpt lat="42.87758837454021" lon="-72.15053997002542">
        <ele>382</ele>
      </trkpt>
      <trkpt lat="42.87772164680064" lon="-72.1506583224982">
        <ele>383</ele>
      </trkpt>
      <trkpt lat="42.87787998095155" lon="-72.15076334774494">
        <ele>383</ele>
      </trkpt>
      <trkpt lat="42.87802331149578" lon="-72.15092000551522">
        <ele>384</ele>
      </trkpt>
      <trkpt lat="42.87813495844603" lon="-72.15105000883341">
        <ele>384</ele>
      </trkpt>
      <trkpt lat="42.87821835838258" lon="-72.15119669213891">
        <ele>384</ele>
      </trkpt>
      <trkpt lat="42.87830997258425" lon="-72.15134496800601">
        <ele>384</ele>
      </trkpt>
      <trkpt lat="42.8783933725208" lon="-72.15154831297696">
        <ele>385</ele>
      </trkpt>
      <trkpt lat="42.87845833227038" lon="-72.15171670541167">
        <ele>385</ele>
      </trkpt>
      <trkpt lat="42.87855003029108" lon="-72.15192164294422">
        <ele>385</ele>
      </trkpt>
      <trkpt lat="42.87863167002797" lon="-72.15210830792785">
        <ele>385</ele>
      </trkpt>
      <trkpt lat="42.87872831337154" lon="-72.15230335481465">
        <ele>385</ele>
      </trkpt>
      <trkpt lat="42.87881003692746" lon="-72.152518350631">
        <ele>385</ele>
      </trkpt>
      <trkpt lat="42.87889502942562" lon="-72.15277332812548">
        <ele>385</ele>
      </trkpt>
      <trkpt lat="42.87898337468505" lon="-72.1529533714056">
        <ele>386</ele>
      </trkpt>
      <trkpt lat="42.87909837439656" lon="-72.15306669473648">
        <ele>386</ele>
      </trkpt>
      <trkpt lat="42.87926668301225" lon="-72.1531883161515">
        <ele>387</ele>
      </trkpt>
      <trkpt lat="42.87944169715047" lon="-72.15325998142362">
        <ele>388</ele>
      </trkpt>
      <trkpt lat="42.87955837324262" lon="-72.15336668305099">
        <ele>389</ele>
      </trkpt>
      <trkpt lat="42.87970170378685" lon="-72.15346500277519">
        <ele>390</ele>
      </trkpt>
      <trkpt lat="42.87985836155713" lon="-72.15356332249939">
        <ele>391</ele>
      </trkpt>
      <trkpt lat="42.87999331019819" lon="-72.15359668247402">
        <ele>392</ele>
      </trkpt>
      <trkpt lat="42.88013999350369" lon="-72.15362836606801">
        <ele>393</ele>
      </trkpt>
      <trkpt lat="42.88028835318983" lon="-72.15365502052009">
        <ele>394</ele>
      </trkpt>
      <trkpt lat="42.88043830543756" lon="-72.15367329306901">
        <ele>395</ele>
      </trkpt>
      <trkpt lat="42.88062329404056" lon="-72.15368335135281">
        <ele>396</ele>
      </trkpt>
      <trkpt lat="42.88077835924923" lon="-72.15372836217284">
        <ele>398</ele>
      </trkpt>
      <trkpt lat="42.8809249587357" lon="-72.15374001301825">
        <ele>399</ele>
      </trkpt>
      <trkpt lat="42.88108329288661" lon="-72.1537700202316">
        <ele>400</ele>
      </trkpt>
      <trkpt lat="42.88128169253469" lon="-72.15381829999387">
        <ele>402</ele>
      </trkpt>
      <trkpt lat="42.88142996840179" lon="-72.15388837270439">
        <ele>403</ele>
      </trkpt>
      <trkpt lat="42.88157170638442" lon="-72.15391670353711">
        <ele>405</ele>
      </trkpt>
      <trkpt lat="42.88171000778675" lon="-72.15391670353711">
        <ele>406</ele>
      </trkpt>
      <trkpt lat="42.88187831640244" lon="-72.1539600379765">
        <ele>408</ele>
      </trkpt>
      <trkpt lat="42.88200337439775" lon="-72.15412164106965">
        <ele>409</ele>
      </trkpt>
      <trkpt lat="42.88210001774132" lon="-72.15425332076848">
        <ele>410</ele>
      </trkpt>
      <trkpt lat="42.88228165358305" lon="-72.15433336794376">
        <ele>412</ele>
      </trkpt>
      <trkpt lat="42.88242330774665" lon="-72.15432833880186">
        <ele>414</ele>
      </trkpt>
      <trkpt lat="42.88261164911091" lon="-72.15427335351706">
        <ele>415</ele>
      </trkpt>
      <trkpt lat="42.88275330327451" lon="-72.15425164438784">
        <ele>417</ele>
      </trkpt>
      <trkpt lat="42.88291834294796" lon="-72.15426329523325">
        <ele>418</ele>
      </trkpt>
      <trkpt lat="42.88308497518301" lon="-72.15428835712373">
        <ele>419</ele>
      </trkpt>
      <trkpt lat="42.88324498571455" lon="-72.15430830605328">
        <ele>420</ele>
      </trkpt>
      <trkpt lat="42.88342502899468" lon="-72.15432004071772">
        <ele>422</ele>
      </trkpt>
      <trkpt lat="42.88359995931387" lon="-72.15433998964727">
        <ele>423</ele>
      </trkpt>
      <trkpt lat="42.88377002812922" lon="-72.15437829494476">
        <ele>425</ele>
      </trkpt>
      <trkpt lat="42.88394998759031" lon="-72.1544333640486">
        <ele>426</ele>
      </trkpt>
      <trkpt lat="42.88415165618062" lon="-72.15447334572673">
        <ele>427</ele>
      </trkpt>
      <trkpt lat="42.88433496840298" lon="-72.15451500378549">
        <ele>426</ele>
      </trkpt>
      <trkpt lat="42.88453001528978" lon="-72.15458331629634">
        <ele>424</ele>
      </trkpt>
      <trkpt lat="42.88473000749946" lon="-72.15463167987764">
        <ele>422</ele>
      </trkpt>
      <trkpt lat="42.88494332693517" lon="-72.15465330518782">
        <ele>421</ele>
      </trkpt>
      <trkpt lat="42.88515999913216" lon="-72.15468331240118">
        <ele>420</ele>
      </trkpt>
      <trkpt lat="42.885368373245" lon="-72.15472664684057">
        <ele>419</ele>
      </trkpt>
      <trkpt lat="42.88559166714549" lon="-72.15478003956378">
        <ele>418</ele>
      </trkpt>
      <trkpt lat="42.88580163381994" lon="-72.15482831932604">
        <ele>417</ele>
      </trkpt>
      <trkpt lat="42.88601830601692" lon="-72.15486503206193">
        <ele>415</ele>
      </trkpt>
      <trkpt lat="42.88621502928436" lon="-72.15487500652671">
        <ele>413</ele>
      </trkpt>
      <trkpt lat="42.88640496321023" lon="-72.15488665737212">
        <ele>412</ele>
      </trkpt>
      <trkpt lat="42.88661669008434" lon="-72.15491498820484">
        <ele>410</ele>
      </trkpt>
      <trkpt lat="42.88683168590069" lon="-72.15493669733405">
        <ele>409</ele>
      </trkpt>
      <trkpt lat="42.88705162703991" lon="-72.15495999902487">
        <ele>408</ele>
      </trkpt>
      <trkpt lat="42.88729168474674" lon="-72.15497835539281">
        <ele>407</ele>
      </trkpt>
      <trkpt lat="42.88750835694373" lon="-72.15498497709632">
        <ele>407</ele>
      </trkpt>
      <trkpt lat="42.8877033200115" lon="-72.154999980703">
        <ele>406</ele>
      </trkpt>
      <trkpt lat="42.88791001774371" lon="-72.15503334067762">
        <ele>405</ele>
      </trkpt>
      <trkpt lat="42.88811000995338" lon="-72.15508002787828">
        <ele>404</ele>
      </trkpt>
      <trkpt lat="42.8883233293891" lon="-72.15511665679514">
        <ele>403</ele>
      </trkpt>
      <trkpt lat="42.88853002712131" lon="-72.15514834038913">
        <ele>403</ele>
      </trkpt>
      <trkpt lat="42.88873496465385" lon="-72.15519167482853">
        <ele>403</ele>
      </trkpt>
      <trkpt lat="42.88892003707588" lon="-72.15523836202919">
        <ele>403</ele>
      </trkpt>
      <trkpt lat="42.88909337483346" lon="-72.15528002008796">
        <ele>403</ele>
      </trkpt>
      <trkpt lat="42.88925330154598" lon="-72.15527834370732">
        <ele>403</ele>
      </trkpt>
      <trkpt lat="42.8894283156842" lon="-72.15517834760249">
        <ele>405</ele>
      </trkpt>
      <trkpt lat="42.88962000980973" lon="-72.15505002066493">
        <ele>407</ele>
      </trkpt>
      <trkpt lat="42.88979996927083" lon="-72.15497332625091">
        <ele>409</ele>
      </trkpt>
      <trkpt lat="42.8899550344795" lon="-72.15493334457278">
        <ele>410</ele>
      </trkpt>
      <trkpt lat="42.89013667032123" lon="-72.15495170094073">
        <ele>412</ele>
      </trkpt>
      <trkpt lat="42.89030330255628" lon="-72.15500333346426">
        <ele>412</ele>
      </trkpt>
      <trkpt lat="42.89050832390785" lon="-72.15506996959448">
        <ele>413</ele>
      </trkpt>
      <trkpt lat="42.89068995974958" lon="-72.15515831485391">
        <ele>413</ele>
      </trkpt>
      <trkpt lat="42.89088333025575" lon="-72.1552500128746">
        <ele>413</ele>
      </trkpt>
      <trkpt lat="42.89111668244004" lon="-72.15534003451467">
        <ele>414</ele>
      </trkpt>
      <trkpt lat="42.89136998355389" lon="-72.15541002340615">
        <ele>415</ele>
      </trkpt>
      <trkpt lat="42.89160501211882" lon="-72.15548831038177">
        <ele>416</ele>
      </trkpt>
      <trkpt lat="42.89183165878057" lon="-72.15556668117642">
        <ele>416</ele>
      </trkpt>
      <trkpt lat="42.89204497821629" lon="-72.15563834644854">
        <ele>417</ele>
      </trkpt>
      <trkpt lat="42.89227330125868" lon="-72.15569836087525">
        <ele>418</ele>
      </trkpt>
      <trkpt lat="42.8924850281328" lon="-72.15575669892132">
        <ele>419</ele>
      </trkpt>
      <trkpt lat="42.89269667118788" lon="-72.15580665506423">
        <ele>420</ele>
      </trkpt>
      <trkpt lat="42.89288836531341" lon="-72.15585837140679">
        <ele>421</ele>
      </trkpt>
      <trkpt lat="42.89302666671574" lon="-72.15591662563384">
        <ele>421</ele>
      </trkpt>
      <trkpt lat="42.89318164810538" lon="-72.15598166920245">
        <ele>422</ele>
      </trkpt>
      <trkpt lat="42.89332330226898" lon="-72.1560167055577">
        <ele>422</ele>
      </trkpt>
      <trkpt lat="42.89352664723992" lon="-72.15605836361647">
        <ele>422</ele>
      </trkpt>
      <trkpt lat="42.89372496306896" lon="-72.15610002167523">
        <ele>421</ele>
      </trkpt>
      <trkpt lat="42.89389335550368" lon="-72.15613497421145">
        <ele>420</ele>
      </trkpt>
      <trkpt lat="42.89406501688063" lon="-72.15617168694735">
        <ele>420</ele>
      </trkpt>
      <trkpt lat="42.89422829635441" lon="-72.15620663948357">
        <ele>419</ele>
      </trkpt>
      <trkpt lat="42.89440833963454" lon="-72.1562516503036">
        <ele>417</ele>
      </trkpt>
      <trkpt lat="42.89455334655941" lon="-72.15627662837505">
        <ele>415</ele>
      </trkpt>
      <trkpt lat="42.89472165517509" lon="-72.15631166473031">
        <ele>414</ele>
      </trkpt>
      <trkpt lat="42.89486666209996" lon="-72.15636665001512">
        <ele>412</ele>
      </trkpt>
      <trkpt lat="42.89501334540546" lon="-72.15640998445451">
        <ele>411</ele>
      </trkpt>
      <trkpt lat="42.89504670538008" lon="-72.1566266566515">
        <ele>410</ele>
      </trkpt>
      <trkpt lat="42.89501166902483" lon="-72.15690166689456">
        <ele>408</ele>
      </trkpt>
      <trkpt lat="42.89498836733401" lon="-72.15727667324245">
        <ele>406</ele>
      </trkpt>
      <trkpt lat="42.8949716873467" lon="-72.15747331269085">
        <ele>405</ele>
      </trkpt>
      <trkpt lat="42.89494662545621" lon="-72.15765997767448">
        <ele>404</ele>
      </trkpt>
      <trkpt lat="42.8949233237654" lon="-72.15784496627748">
        <ele>403</ele>
      </trkpt>
      <trkpt lat="42.89490002207458" lon="-72.15802836231887">
        <ele>402</ele>
      </trkpt>
      <trkpt lat="42.89485165849328" lon="-72.15838501229882">
        <ele>399</ele>
      </trkpt>
      <trkpt lat="42.8948316257447" lon="-72.15856832452118">
        <ele>398</ele>
      </trkpt>
      <trkpt lat="42.89481335319579" lon="-72.15875331312418">
        <ele>397</ele>
      </trkpt>
      <trkpt lat="42.89482165127993" lon="-72.15911163948476">
        <ele>395</ele>
      </trkpt>
      <trkpt lat="42.89490664377809" lon="-72.15946996584535">
        <ele>393</ele>
      </trkpt>
      <trkpt lat="42.8949716873467" lon="-72.15965000912547">
        <ele>392</ele>
      </trkpt>
      <trkpt lat="42.89505332708359" lon="-72.15981831774116">
        <ele>391</ele>
      </trkpt>
      <trkpt lat="42.89512834511697" lon="-72.15998168103397">
        <ele>391</ele>
      </trkpt>
      <trkpt lat="42.89519003592432" lon="-72.16014998964965">
        <ele>389</ele>
      </trkpt>
      <trkpt lat="42.89523496292531" lon="-72.16032500378788">
        <ele>388</ele>
      </trkpt>
      <trkpt lat="42.89525499567389" lon="-72.16050831601024">
        <ele>386</ele>
      </trkpt>
      <trkpt lat="42.89524996653199" lon="-72.16070830821991">
        <ele>384</ele>
      </trkpt>
      <trkpt lat="42.89522498846054" lon="-72.16092162765563">
        <ele>382</ele>
      </trkpt>
      <trkpt lat="42.89518333040178" lon="-72.16114668175578">
        <ele>381</ele>
      </trkpt>
      <trkpt lat="42.89513999596238" lon="-72.16137332841754">
        <ele>380</ele>
      </trkpt>
      <trkpt lat="42.89509330876172" lon="-72.16159829869866">
        <ele>379</ele>
      </trkpt>
      <trkpt lat="42.89504670538008" lon="-72.16182335279882">
        <ele>378</ele>
      </trkpt>
      <trkpt lat="42.89500169456005" lon="-72.16204497031868">
        <ele>377</ele>
      </trkpt>
      <trkpt lat="42.89496330544353" lon="-72.16225996613503">
        <ele>376</ele>
      </trkpt>
      <trkpt lat="42.89493170566857" lon="-72.1624649874866">
        <ele>376</ele>
      </trkpt>
      <trkpt lat="42.89490002207458" lon="-72.16266497969627">
        <ele>375</ele>
      </trkpt>
      <trkpt lat="42.89486498571932" lon="-72.16286002658308">
        <ele>374</ele>
      </trkpt>
      <trkpt lat="42.89482835680246" lon="-72.16305498965085">
        <ele>374</ele>
      </trkpt>
      <trkpt lat="42.89478996768594" lon="-72.16325003653765">
        <ele>374</ele>
      </trkpt>
      <trkpt lat="42.89475501514971" lon="-72.16345170512795">
        <ele>374</ele>
      </trkpt>
      <trkpt lat="42.89472165517509" lon="-72.16365496627986">
        <ele>374</ele>
      </trkpt>
      <trkpt lat="42.8946899715811" lon="-72.16385663487017">
        <ele>374</ele>
      </trkpt>
      <trkpt lat="42.89465837180614" lon="-72.16406165622175">
        <ele>374</ele>
      </trkpt>
      <trkpt lat="42.89462836459279" lon="-72.16427003033459">
        <ele>374</ele>
      </trkpt>
      <trkpt lat="42.89460003376007" lon="-72.16447999700904">
        <ele>374</ele>
      </trkpt>
      <trkpt lat="42.89458503015339" lon="-72.16469331644475">
        <ele>374</ele>
      </trkpt>
      <trkpt lat="42.89457497186959" lon="-72.1649016905576">
        <ele>374</ele>
      </trkpt>
      <trkpt lat="42.89455829188228" lon="-72.16510830447078">
        <ele>374</ele>
      </trkpt>
      <trkpt lat="42.89454496465623" lon="-72.16530502773821">
        <ele>373</ele>
      </trkpt>
      <trkpt lat="42.89451001212001" lon="-72.16549336910248">
        <ele>372</ele>
      </trkpt>
      <trkpt lat="42.89447665214539" lon="-72.16568003408611">
        <ele>371</ele>
      </trkpt>
      <trkpt lat="42.89443499408662" lon="-72.1658599935472">
        <ele>370</ele>
      </trkpt>
      <trkpt lat="42.89438663050532" lon="-72.1660500112921">
        <ele>369</ele>
      </trkpt>
      <trkpt lat="42.89433835074306" lon="-72.16624329797924">
        <ele>369</ele>
      </trkpt>
      <trkpt lat="42.89428998716176" lon="-72.16644337400794">
        <ele>368</ele>
      </trkpt>
      <trkpt lat="42.89423667825758" lon="-72.16664831154048">
        <ele>367</ele>
      </trkpt>
      <trkpt lat="42.89417834021151" lon="-72.1668600384146">
        <ele>366</ele>
      </trkpt>
      <trkpt lat="42.89412167854607" lon="-72.16707335785031">
        <ele>366</ele>
      </trkpt>
      <trkpt lat="42.89406669326127" lon="-72.16728164814413">
        <ele>366</ele>
      </trkpt>
      <trkpt lat="42.8940200060606" lon="-72.16748331673443">
        <ele>367</ele>
      </trkpt>
      <trkpt lat="42.89398170076311" lon="-72.16768004000187">
        <ele>368</ele>
      </trkpt>
      <trkpt lat="42.89395169354975" lon="-72.167873326689">
        <ele>368</ele>
      </trkpt>
      <trkpt lat="42.89392000995576" lon="-72.1680633444339">
        <ele>369</ele>
      </trkpt>
      <trkpt lat="42.89389167912304" lon="-72.16825830750167">
        <ele>370</ele>
      </trkpt>
      <trkpt lat="42.89386670105159" lon="-72.16845335438848">
        <ele>371</ele>
      </trkpt>
      <trkpt lat="42.89384163916111" lon="-72.16865669935942">
        <ele>372</ele>
      </trkpt>
      <trkpt lat="42.89382001385093" lon="-72.16885166242719">
        <ele>373</ele>
      </trkpt>
      <trkpt lat="42.89379998110235" lon="-72.16904503293335">
        <ele>373</ele>
      </trkpt>
      <trkpt lat="42.8937800321728" lon="-72.16924502514303">
        <ele>374</ele>
      </trkpt>
      <trkpt lat="42.89376167580485" lon="-72.16945331543684">
        <ele>376</ele>
      </trkpt>
      <trkpt lat="42.89375497028232" lon="-72.16966001316905">
        <ele>377</ele>
      </trkpt>
      <trkpt lat="42.89376335218549" lon="-72.16986000537872">
        <ele>378</ele>
      </trkpt>
      <trkpt lat="42.89378833025694" lon="-72.1700599975884">
        <ele>380</ele>
      </trkpt>
      <trkpt lat="42.89382663555443" lon="-72.17024833895266">
        <ele>381</ele>
      </trkpt>
      <trkpt lat="42.89390500634909" lon="-72.17042829841375">
        <ele>383</ele>
      </trkpt>
      <trkpt lat="42.89396334439516" lon="-72.17062669806182">
        <ele>385</ele>
      </trkpt>
      <trkpt lat="42.89402168244123" lon="-72.17082333751023">
        <ele>387</ele>
      </trkpt>
      <trkpt lat="42.89408337324858" lon="-72.1710167080164">
        <ele>388</ele>
      </trkpt>
      <trkpt lat="42.89414498023689" lon="-72.17120169661939">
        <ele>389</ele>
      </trkpt>
      <trkpt lat="42.8942049946636" lon="-72.17137997969985">
        <ele>390</ele>
      </trkpt>
      <trkpt lat="42.8942599799484" lon="-72.1715516410768">
        <ele>391</ele>
      </trkpt>
      <trkpt lat="42.89431831799448" lon="-72.17172833159566">
        <ele>392</ele>
      </trkpt>
      <trkpt lat="42.89438168518245" lon="-72.17189831659198">
        <ele>393</ele>
      </trkpt>
      <trkpt lat="42.89445829577744" lon="-72.17206662520766">
        <ele>393</ele>
      </trkpt>
      <trkpt lat="42.89453499019146" lon="-72.17223166488111">
        <ele>394</ele>
      </trkpt>
      <trkpt lat="42.89460003376007" lon="-72.1724050026387">
        <ele>394</ele>
      </trkpt>
      <trkpt lat="42.89466834627092" lon="-72.17257666401565">
        <ele>395</ele>
      </trkpt>
      <trkpt lat="42.8947333060205" lon="-72.17275167815387">
        <ele>396</ele>
      </trkpt>
      <trkpt lat="42.89480170235038" lon="-72.17292501591146">
        <ele>396</ele>
      </trkpt>
      <trkpt lat="42.89487001486123" lon="-72.17310497537255">
        <ele>397</ele>
      </trkpt>
      <trkpt lat="42.89493002928793" lon="-72.17328669503331">
        <ele>397</ele>
      </trkpt>
      <trkpt lat="42.89499666541815" lon="-72.1734666544944">
        <ele>398</ele>
      </trkpt>
      <trkpt lat="42.89506003260612" lon="-72.17363496311009">
        <ele>398</ele>
      </trkpt>
      <trkpt lat="42.8951183706522" lon="-72.17380830086768">
        <ele>399</ele>
      </trkpt>
      <trkpt lat="42.89517662487924" lon="-72.17399002052844">
        <ele>399</ele>
      </trkpt>
      <trkpt lat="42.89523337036371" lon="-72.17418003827333">
        <ele>399</ele>
      </trkpt>
      <trkpt lat="42.89529170840979" lon="-72.17438665218651">
        <ele>400</ele>
      </trkpt>
      <trkpt lat="42.89535163901746" lon="-72.17458832077682">
        <ele>401</ele>
      </trkpt>
      <trkpt lat="42.89542003534734" lon="-72.17478663660586">
        <ele>402</ele>
      </trkpt>
      <trkpt lat="42.89549002423882" lon="-72.17498335987329">
        <ele>403</ele>
      </trkpt>
      <trkpt lat="42.89555666036904" lon="-72.17517664656043">
        <ele>402</ele>
      </trkpt>
      <trkpt lat="42.89562329649925" lon="-72.17536331154406">
        <ele>402</ele>
      </trkpt>
      <trkpt lat="42.89569496177137" lon="-72.17555165290833">
        <ele>402</ele>
      </trkpt>
      <trkpt lat="42.89577333256602" lon="-72.17573496513069">
        <ele>402</ele>
      </trkpt>
      <trkpt lat="42.89585664868355" lon="-72.17590662650764">
        <ele>401</ele>
      </trkpt>
      <trkpt lat="42.89594499394298" lon="-72.17607166618109">
        <ele>399</ele>
      </trkpt>
      <trkpt lat="42.89604499004781" lon="-72.176230000332">
        <ele>396</ele>
      </trkpt>
      <trkpt lat="42.89615336805582" lon="-72.17636997811496">
        <ele>394</ele>
      </trkpt>
      <trkpt lat="42.89626333862543" lon="-72.17650501057506">
        <ele>391</ele>
      </trkpt>
      <trkpt lat="42.89638001471758" lon="-72.17661498114467">
        <ele>388</ele>
      </trkpt>
      <trkpt lat="42.89662334136665" lon="-72.17671170830727">
        <ele>385</ele>
      </trkpt>
      <trkpt lat="42.89675837382674" lon="-72.17673500999808">
        <ele>384</ele>
      </trkpt>
      <trkpt lat="42.8968933224678" lon="-72.1767583116889">
        <ele>385</ele>
      </trkpt>
      <trkpt lat="42.89703003130853" lon="-72.17679502442479">
        <ele>385</ele>
      </trkpt>
      <trkpt lat="42.89717336185277" lon="-72.17684003524482">
        <ele>384</ele>
      </trkpt>
      <trkpt lat="42.89730998687446" lon="-72.17691329307854">
        <ele>384</ele>
      </trkpt>
      <trkpt lat="42.89753504097462" lon="-72.1771000418812">
        <ele>383</ele>
      </trkpt>
      <trkpt lat="42.89762162603438" lon="-72.1772416960448">
        <ele>381</ele>
      </trkpt>
      <trkpt lat="42.89774836041033" lon="-72.17756498605013">
        <ele>379</ele>
      </trkpt>
      <trkpt lat="42.89782497100532" lon="-72.1779066324234">
        <ele>378</ele>
      </trkpt>
      <trkpt lat="42.89790669456124" lon="-72.17821667902172">
        <ele>378</ele>
      </trkpt>
      <trkpt lat="42.8979916870594" lon="-72.17849998734891">
        <ele>378</ele>
      </trkpt>
      <trkpt lat="42.89805329404771" lon="-72.17878832481802">
        <ele>377</ele>
      </trkpt>
      <trkpt lat="42.89808003231883" lon="-72.17909501865506">
        <ele>375</ele>
      </trkpt>
      <trkpt lat="42.89806997403502" lon="-72.17942669056356">
        <ele>375</ele>
      </trkpt>
      <trkpt lat="42.89801666513085" lon="-72.17975165694952">
        <ele>375</ele>
      </trkpt>
      <trkpt lat="42.89792664349079" lon="-72.18007167801261">
        <ele>375</ele>
      </trkpt>
      <trkpt lat="42.89783167652786" lon="-72.18038331717253">
        <ele>375</ele>
      </trkpt>
      <trkpt lat="42.89770997129381" lon="-72.18067165464163">
        <ele>375</ele>
      </trkpt>
      <trkpt lat="42.89756496436894" lon="-72.18096166849136">
        <ele>375</ele>
      </trkpt>
      <trkpt lat="42.89736832492054" lon="-72.18121664598584">
        <ele>374</ele>
      </trkpt>
      <trkpt lat="42.89716330356896" lon="-72.18143667094409">
        <ele>372</ele>
      </trkpt>
      <trkpt lat="42.89698166772723" lon="-72.1816333103925">
        <ele>371</ele>
      </trkpt>
      <trkpt lat="42.89681000635028" lon="-72.18185668811202">
        <ele>370</ele>
      </trkpt>
      <trkpt lat="42.89664664305747" lon="-72.18213169835508">
        <ele>368</ele>
      </trkpt>
      <trkpt lat="42.89656835608184" lon="-72.18228500336409">
        <ele>368</ele>
      </trkpt>
      <trkpt lat="42.89649501442909" lon="-72.1824483666569">
        <ele>367</ele>
      </trkpt>
      <trkpt lat="42.89642334915698" lon="-72.18260829336941">
        <ele>367</ele>
      </trkpt>
      <trkpt lat="42.89628337137401" lon="-72.18291498720646">
        <ele>367</ele>
      </trkpt>
      <trkpt lat="42.89616334252059" lon="-72.18321832828224">
        <ele>367</ele>
      </trkpt>
      <trkpt lat="42.89604331366718" lon="-72.18351001851261">
        <ele>367</ele>
      </trkpt>
      <trkpt lat="42.89592831395566" lon="-72.18382333405316">
        <ele>369</ele>
      </trkpt>
      <trkpt lat="42.89581163786352" lon="-72.18414670787752">
        <ele>370</ele>
      </trkpt>
      <trkpt lat="42.89573829621077" lon="-72.18448164872825">
        <ele>372</ele>
      </trkpt>
      <trkpt lat="42.8956900164485" lon="-72.18480829149485">
        <ele>374</ele>
      </trkpt>
      <trkpt lat="42.89564835838974" lon="-72.18513501808047">
        <ele>376</ele>
      </trkpt>
      <trkpt lat="42.89559337310493" lon="-72.18543835915625">
        <ele>378</ele>
      </trkpt>
      <trkpt lat="42.89552497677505" lon="-72.18572996556759">
        <ele>380</ele>
      </trkpt>
      <trkpt lat="42.89546831510961" lon="-72.18601830303669">
        <ele>381</ele>
      </trkpt>
      <trkpt lat="42.89542498067021" lon="-72.18633832409978">
        <ele>382</ele>
      </trkpt>
      <trkpt lat="42.89541165344417" lon="-72.18666337430477">
        <ele>384</ele>
      </trkpt>
      <trkpt lat="42.8954067081213" lon="-72.18700334429741">
        <ele>384</ele>
      </trkpt>
      <trkpt lat="42.8954016789794" lon="-72.1873666997999">
        <ele>385</ele>
      </trkpt>
      <trkpt lat="42.89539329707623" lon="-72.18755504116416">
        <ele>384</ele>
      </trkpt>
      <trkpt lat="42.89538499899209" lon="-72.18787665478885">
        <ele>382</ele>
      </trkpt>
      <trkpt lat="42.89540000259876" lon="-72.18814169056714">
        <ele>380</ele>
      </trkpt>
      <trkpt lat="42.8954067081213" lon="-72.18839163891971">
        <ele>378</ele>
      </trkpt>
      <trkpt lat="42.89534334093332" lon="-72.18869003467262">
        <ele>374</ele>
      </trkpt>
      <trkpt lat="42.89524996653199" lon="-72.18897501938045">
        <ele>370</ele>
      </trkpt>
      <trkpt lat="42.89518500678241" lon="-72.18922496773303">
        <ele>368</ele>
      </trkpt>
      <trkpt lat="42.89513831958175" lon="-72.18946167267859">
        <ele>367</ele>
      </trkpt>
      <trkpt lat="42.89509003981948" lon="-72.18970499932766">
        <ele>366</ele>
      </trkpt>
      <trkpt lat="42.89509498514235" lon="-72.18996835872531">
        <ele>365</ele>
      </trkpt>
      <trkpt lat="42.8951683267951" lon="-72.19024496152997">
        <ele>364</ele>
      </trkpt>
      <trkpt lat="42.89528165012598" lon="-72.19053170643747">
        <ele>363</ele>
      </trkpt>
      <trkpt lat="42.89539832621813" lon="-72.19079498201609">
        <ele>362</ele>
      </trkpt>
      <trkpt lat="42.8955050278455" lon="-72.19108667224646">
        <ele>361</ele>
      </trkpt>
      <trkpt lat="42.89560502395034" lon="-72.19138003885746">
        <ele>360</ele>
      </trkpt>
      <trkpt lat="42.89571331813931" lon="-72.1916817035526">
        <ele>359</ele>
      </trkpt>
      <trkpt lat="42.89582169614732" lon="-72.19198169186711">
        <ele>358</ele>
      </trkpt>
      <trkpt lat="42.89592663757503" lon="-72.19228335656226">
        <ele>358</ele>
      </trkpt>
      <trkpt lat="42.89604499004781" lon="-72.19256163574755">
        <ele>357</ele>
      </trkpt>
      <trkpt lat="42.89615496061742" lon="-72.19288165681064">
        <ele>356</ele>
      </trkpt>
      <trkpt lat="42.89621170610189" lon="-72.19305499456823">
        <ele>355</ele>
      </trkpt>
      <trkpt lat="42.89627498947084" lon="-72.19322833232582">
        <ele>354</ele>
      </trkpt>
      <trkpt lat="42.89633332751691" lon="-72.19340334646404">
        <ele>354</ele>
      </trkpt>
      <trkpt lat="42.89639166556299" lon="-72.1935816295445">
        <ele>353</ele>
      </trkpt>
      <trkpt lat="42.89644832722843" lon="-72.19376670196652">
        <ele>353</ele>
      </trkpt>
      <trkpt lat="42.89649501442909" lon="-72.19395831227303">
        <ele>352</ele>
      </trkpt>
      <trkpt lat="42.89654329419136" lon="-72.19415503554046">
        <ele>352</ele>
      </trkpt>
      <trkpt lat="42.89658830501139" lon="-72.19435167498887">
        <ele>351</ele>
      </trkpt>
      <trkpt lat="42.89663499221206" lon="-72.19454663805664">
        <ele>350</ele>
      </trkpt>
      <trkpt lat="42.89668335579336" lon="-72.1947400085628">
        <ele>349</ele>
      </trkpt>
      <trkpt lat="42.89672669023275" lon="-72.1949300263077">
        <ele>348</ele>
      </trkpt>
      <trkpt lat="42.89678335189819" lon="-72.1951216366142">
        <ele>347</ele>
      </trkpt>
      <trkpt lat="42.89683003909886" lon="-72.1953066252172">
        <ele>346</ele>
      </trkpt>
      <trkpt lat="42.89690664969385" lon="-72.1956483554095">
        <ele>343</ele>
      </trkpt>
      <trkpt lat="42.89698334410787" lon="-72.1959749981761">
        <ele>341</ele>
      </trkpt>
      <trkpt lat="42.89706833660603" lon="-72.19628001563251">
        <ele>339</ele>
      </trkpt>
      <trkpt lat="42.89713664911687" lon="-72.19653834588826">
        <ele>337</ele>
      </trkpt>
      <trkpt lat="42.89718501269817" lon="-72.19674001447856">
        <ele>336</ele>
      </trkpt>
      <trkpt lat="42.8972199652344" lon="-72.19692500308156">
        <ele>335</ele>
      </trkpt>
      <trkpt lat="42.89725332520902" lon="-72.19713002443314">
        <ele>333</ele>
      </trkpt>
      <trkpt lat="42.89735667407513" lon="-72.19727997668087">
        <ele>332</ele>
      </trkpt>
      <trkpt lat="42.8975083027035" lon="-72.19747334718704">
        <ele>330</ele>
      </trkpt>
      <trkpt lat="42.89769664406776" lon="-72.19770167022943">
        <ele>327</ele>
      </trkpt>
      <trkpt lat="42.89789998903871" lon="-72.19792999327183">
        <ele>324</ele>
      </trkpt>
      <trkpt lat="42.89807165041566" lon="-72.19809503294528">
        <ele>322</ele>
      </trkpt>
      <trkpt lat="42.89819830097258" lon="-72.19821833074093">
        <ele>321</ele>
      </trkpt>
      <trkpt lat="42.89833500981331" lon="-72.1983633376658">
        <ele>320</ele>
      </trkpt>
      <trkpt lat="42.89848169311881" lon="-72.19846836291254">
        <ele>320</ele>
      </trkpt>
      <trkpt lat="42.89858998730779" lon="-72.19832830131054">
        <ele>319</ele>
      </trkpt>
      <trkpt lat="42.89863332174718" lon="-72.19810668379068">
        <ele>320</ele>
      </trkpt>
      <trkpt lat="42.89868998341262" lon="-72.19787165522575">
        <ele>320</ele>
      </trkpt>
      <trkpt lat="42.89874169975519" lon="-72.19763335771859">
        <ele>321</ele>
      </trkpt>
      <trkpt lat="42.89880833588541" lon="-72.19737167470157">
        <ele>321</ele>
      </trkpt>
      <trkpt lat="42.89887664839625" lon="-72.19707830809057">
        <ele>323</ele>
      </trkpt>
      <trkpt lat="42.89895669557154" lon="-72.19678167253733">
        <ele>324</ele>
      </trkpt>
      <trkpt lat="42.8990416880697" lon="-72.19647833146155">
        <ele>325</ele>
      </trkpt>
      <trkpt lat="42.89911829866469" lon="-72.19618999399245">
        <ele>326</ele>
      </trkpt>
      <trkpt lat="42.89919834583998" lon="-72.19589000567794">
        <ele>327</ele>
      </trkpt>
      <trkpt lat="42.8992816619575" lon="-72.19557333737612">
        <ele>328</ele>
      </trkpt>
      <trkpt lat="42.89938836358488" lon="-72.19525499269366">
        <ele>330</ele>
      </trkpt>
      <trkpt lat="42.89955834858119" lon="-72.19497000798583">
        <ele>331</ele>
      </trkpt>
      <trkpt lat="42.89973168633878" lon="-72.1946916449815">
        <ele>331</ele>
      </trkpt>
      <trkpt lat="42.89988834410906" lon="-72.19443163834512">
        <ele>331</ele>
      </trkpt>
      <trkpt lat="42.90002329275012" lon="-72.19417003914714">
        <ele>330</ele>
      </trkpt>
      <trkpt lat="42.90015497244895" lon="-72.19391162507236">
        <ele>329</ele>
      </trkpt>
      <trkpt lat="42.90025999769568" lon="-72.19368162564933">
        <ele>328</ele>
      </trkpt>
      <trkpt lat="42.90033836849034" lon="-72.19351499341428">
        <ele>327</ele>
      </trkpt>
      <trkpt lat="42.9004733171314" lon="-72.19340334646404">
        <ele>326</ele>
      </trkpt>
      <trkpt lat="42.90061329491436" lon="-72.19330829568207">
        <ele>325</ele>
      </trkpt>
      <trkpt lat="42.90077833458781" lon="-72.1931566670537">
        <ele>324</ele>
      </trkpt>
      <trkpt lat="42.90092334151268" lon="-72.19300168566406">
        <ele>323</ele>
      </trkpt>
      <trkpt lat="42.90106834843755" lon="-72.19282331876457">
        <ele>321</ele>
      </trkpt>
      <trkpt lat="42.90120497345924" lon="-72.19265501014888">
        <ele>320</ele>
      </trkpt>
      <trkpt lat="42.90134335868061" lon="-72.19249667599797">
        <ele>318</ele>
      </trkpt>
      <trkpt lat="42.90148836560547" lon="-72.19234496355057">
        <ele>316</ele>
      </trkpt>
      <trkpt lat="42.90161996148527" lon="-72.19222334213555">
        <ele>314</ele>
      </trkpt>
      <trkpt lat="42.90176664479077" lon="-72.19208336435258">
        <ele>312</ele>
      </trkpt>
      <trkpt lat="42.90191332809627" lon="-72.19192670658231">
        <ele>310</ele>
      </trkpt>
      <trkpt lat="42.902050036937" lon="-72.19177834689617">
        <ele>308</ele>
      </trkpt>
      <trkpt lat="42.90217501111329" lon="-72.19163996167481">
        <ele>305</ele>
      </trkpt>
      <trkpt lat="42.90230669081211" lon="-72.19151834025979">
        <ele>304</ele>
      </trkpt>
      <trkpt lat="42.90246167220175" lon="-72.1913933660835">
        <ele>302</ele>
      </trkpt>
      <trkpt lat="42.9026216827333" lon="-72.19126830808818">
        <ele>300</ele>
      </trkpt>
      <trkpt lat="42.9027683660388" lon="-72.19118163920939">
        <ele>298</ele>
      </trkpt>
      <trkpt lat="42.90294170379639" lon="-72.19111332669854">
        <ele>297</ele>
      </trkpt>
      <trkpt lat="42.90309500880539" lon="-72.19106663949788">
        <ele>295</ele>
      </trkpt>
      <trkpt lat="42.90329332463443" lon="-72.19098667614162">
        <ele>293</ele>
      </trkpt>
      <trkpt lat="42.90343665517867" lon="-72.19089497812092">
        <ele>291</ele>
      </trkpt>
      <trkpt lat="42.9035799857229" lon="-72.19078836031258">
        <ele>289</ele>
      </trkpt>
      <trkpt lat="42.90371669456363" lon="-72.19070001505315">
        <ele>288</ele>
      </trkpt>
      <trkpt lat="42.9038632940501" lon="-72.19060337170959">
        <ele>286</ele>
      </trkpt>
      <trkpt lat="42.90402162820101" lon="-72.19051335006952">
        <ele>283</ele>
      </trkpt>
      <trkpt lat="42.90417996235192" lon="-72.19042835757136">
        <ele>281</ele>
      </trkpt>
      <trkpt lat="42.90432002395391" lon="-72.19032333232462">
        <ele>279</ele>
      </trkpt>
      <trkpt lat="42.90445664897561" lon="-72.1902349870652">
        <ele>277</ele>
      </trkpt>
      <trkpt lat="42.90459997951984" lon="-72.19016164541245">
        <ele>275</ele>
      </trkpt>
      <trkpt lat="42.90475336834788" lon="-72.1900983620435">
        <ele>272</ele>
      </trkpt>
      <trkpt lat="42.90489829145372" lon="-72.18999995850027">
        <ele>270</ele>
      </trkpt>
      <trkpt lat="42.90506333112717" lon="-72.18989669345319">
        <ele>268</ele>
      </trkpt>
      <trkpt lat="42.90521663613617" lon="-72.18980164267123">
        <ele>266</ele>
      </trkpt>
      <trkpt lat="42.90535996668041" lon="-72.18968496657908">
        <ele>265</ele>
      </trkpt>
      <trkpt lat="42.90555166080594" lon="-72.18964833766222">
        <ele>264</ele>
      </trkpt>
      <trkpt lat="42.90570337325335" lon="-72.18955001793802">
        <ele>263</ele>
      </trkpt>
      <trkpt lat="42.90585500188172" lon="-72.18944666907191">
        <ele>263</ele>
      </trkpt>
      <trkpt lat="42.90601836517453" lon="-72.18930996023118">
        <ele>264</ele>
      </trkpt>
      <trkpt lat="42.90614333935082" lon="-72.18923829495907">
        <ele>265</ele>
      </trkpt>
      <trkpt lat="42.9062183573842" lon="-72.1894233673811">
        <ele>265</ele>
      </trkpt>
      <trkpt lat="42.9062566626817" lon="-72.18973500654101">
        <ele>264</ele>
      </trkpt>
      <trkpt lat="42.90627501904964" lon="-72.18992829322815">
        <ele>264</ele>
      </trkpt>
      <trkpt lat="42.90629496797919" lon="-72.19012996181846">
        <ele>264</ele>
      </trkpt>
      <trkpt lat="42.90631500072777" lon="-72.1903433650732">
        <ele>264</ele>
      </trkpt>
      <trkpt lat="42.90633503347635" lon="-72.19055668450892">
        <ele>263</ele>
      </trkpt>
      <trkpt lat="42.90635833516717" lon="-72.190768327564">
        <ele>263</ele>
      </trkpt>
      <trkpt lat="42.90638498961926" lon="-72.19098332338035">
        <ele>263</ele>
      </trkpt>
      <trkpt lat="42.9064083751291" lon="-72.19119496643543">
        <ele>264</ele>
      </trkpt>
      <trkpt lat="42.90642497129738" lon="-72.19140836969018">
        <ele>264</ele>
      </trkpt>
      <trkpt lat="42.90643670596182" lon="-72.1916216891259">
        <ele>265</ele>
      </trkpt>
      <trkpt lat="42.90644500404596" lon="-72.19183333218098">
        <ele>264</ele>
      </trkpt>
      <trkpt lat="42.9064533021301" lon="-72.19204329885542">
        <ele>264</ele>
      </trkpt>
      <trkpt lat="42.9064533021301" lon="-72.19225670211017">
        <ele>264</ele>
      </trkpt>
      <trkpt lat="42.90645003318787" lon="-72.19247002154589">
        <ele>264</ele>
      </trkpt>
      <trkpt lat="42.90644332766533" lon="-72.19268501736224">
        <ele>263</ele>
      </trkpt>
      <trkpt lat="42.90643502958119" lon="-72.19290495850146">
        <ele>263</ele>
      </trkpt>
      <trkpt lat="42.90642832405865" lon="-72.19312330707908">
        <ele>262</ele>
      </trkpt>
      <trkpt lat="42.90642497129738" lon="-72.19333997927606">
        <ele>262</ele>
      </trkpt>
      <trkpt lat="42.90642170235515" lon="-72.19355329871178">
        <ele>261</ele>
      </trkpt>
      <trkpt lat="42.90642170235515" lon="-72.19376334920526">
        <ele>260</ele>
      </trkpt>
      <trkpt lat="42.90642497129738" lon="-72.19397163949907">
        <ele>259</ele>
      </trkpt>
      <trkpt lat="42.90642664767802" lon="-72.19417498447001">
        <ele>258</ele>
      </trkpt>
      <trkpt lat="42.90643670596182" lon="-72.19437330029905">
        <ele>257</ele>
      </trkpt>
      <trkpt lat="42.90645003318787" lon="-72.19456667080522">
        <ele>255</ele>
      </trkpt>
      <trkpt lat="42.90646168403327" lon="-72.19475836493075">
        <ele>254</ele>
      </trkpt>
      <trkpt lat="42.90647333487868" lon="-72.19494997523725">
        <ele>253</ele>
      </trkpt>
      <trkpt lat="42.90648004040122" lon="-72.19514166936278">
        <ele>252</ele>
      </trkpt>
      <trkpt lat="42.90649169124663" lon="-72.19533663243055">
        <ele>250</ele>
      </trkpt>
      <trkpt lat="42.90649831295013" lon="-72.19553830102086">
        <ele>249</ele>
      </trkpt>
      <trkpt lat="42.90650501847267" lon="-72.19574499875307">
        <ele>248</ele>
      </trkpt>
      <trkpt lat="42.90650837123394" lon="-72.19595337286592">
        <ele>247</ele>
      </trkpt>
      <trkpt lat="42.90650334209204" lon="-72.19615998677909">
        <ele>246</ele>
      </trkpt>
      <trkpt lat="42.90648498572409" lon="-72.1963666845113">
        <ele>246</ele>
      </trkpt>
      <trkpt lat="42.90645162574947" lon="-72.19657002948225">
        <ele>245</ele>
      </trkpt>
      <trkpt lat="42.90641332045197" lon="-72.19676834531128">
        <ele>245</ele>
      </trkpt>
      <trkpt lat="42.90637166239321" lon="-72.19696498475969">
        <ele>245</ele>
      </trkpt>
      <trkpt lat="42.90633000433445" lon="-72.19716170802712">
        <ele>244</ele>
      </trkpt>
      <trkpt lat="42.90629169903696" lon="-72.1973617002368">
        <ele>244</ele>
      </trkpt>
      <trkpt lat="42.90626001544297" lon="-72.19756663776934">
        <ele>243</ele>
      </trkpt>
      <trkpt lat="42.90623000822961" lon="-72.19776998274028">
        <ele>243</ele>
      </trkpt>
      <trkpt lat="42.90620335377753" lon="-72.19796997494996">
        <ele>243</ele>
      </trkpt>
      <trkpt lat="42.90617669932544" lon="-72.19816837459803">
        <ele>242</ele>
      </trkpt>
      <trkpt lat="42.90615331381559" lon="-72.19836501404643">
        <ele>242</ele>
      </trkpt>
      <trkpt lat="42.90612003766" lon="-72.19855670817196">
        <ele>242</ele>
      </trkpt>
      <trkpt lat="42.90607997216284" lon="-72.19874337315559">
        <ele>241</ele>
      </trkpt>
      <trkpt lat="42.90603496134281" lon="-72.19892836175859">
        <ele>241</ele>
      </trkpt>
      <trkpt lat="42.90598835796118" lon="-72.19911670312285">
        <ele>240</ele>
      </trkpt>
      <trkpt lat="42.90593831799924" lon="-72.19930998980999">
        <ele>240</ele>
      </trkpt>
      <trkpt lat="42.90588668547571" lon="-72.19950662925839">
        <ele>239</ele>
      </trkpt>
      <trkpt lat="42.90583002381027" lon="-72.1997067052871">
        <ele>239</ele>
      </trkpt>
      <trkpt lat="42.90577000938356" lon="-72.19990502111614">
        <ele>238</ele>
      </trkpt>
      <trkpt lat="42.90570169687271" lon="-72.20009830780327">
        <ele>239</ele>
      </trkpt>
      <trkpt lat="42.90562667883933" lon="-72.20028170384467">
        <ele>239</ele>
      </trkpt>
      <trkpt lat="42.90554998442531" lon="-72.20045831054449">
        <ele>239</ele>
      </trkpt>
      <trkpt lat="42.90547169744968" lon="-72.20062997192144">
        <ele>238</ele>
      </trkpt>
      <trkpt lat="42.90539500303566" lon="-72.20079668797553">
        <ele>238</ele>
      </trkpt>
      <trkpt lat="42.90531663224101" lon="-72.20096332021058">
        <ele>238</ele>
      </trkpt>
      <trkpt lat="42.90524169802666" lon="-72.20113162882626">
        <ele>238</ele>
      </trkpt>
      <trkpt lat="42.90516500361264" lon="-72.20130169764161">
        <ele>237</ele>
      </trkpt>
      <trkpt lat="42.90508663281798" lon="-72.20147335901856">
        <ele>237</ele>
      </trkpt>
      <trkpt lat="42.90500666946173" lon="-72.20164669677615">
        <ele>235</ele>
      </trkpt>
      <trkpt lat="42.9049233533442" lon="-72.20182003453374">
        <ele>236</ele>
      </trkpt>
      <trkpt lat="42.90484003722668" lon="-72.20199337229133">
        <ele>237</ele>
      </trkpt>
      <trkpt lat="42.90475336834788" lon="-72.20216000452638">
        <ele>238</ele>
      </trkpt>
      <trkpt lat="42.90466334670782" lon="-72.20232001505792">
        <ele>237</ele>
      </trkpt>
      <trkpt lat="42.90456829592586" lon="-72.20247834920883">
        <ele>236</ele>
      </trkpt>
      <trkpt lat="42.90447500534356" lon="-72.20263835974038">
        <ele>236</ele>
      </trkpt>
      <trkpt lat="42.90438003838062" lon="-72.20279837027192">
        <ele>236</ele>
      </trkpt>
      <trkpt lat="42.90428666397929" lon="-72.20295997336507">
        <ele>237</ele>
      </trkpt>
      <trkpt lat="42.90419664233923" lon="-72.20312166027725">
        <ele>237</ele>
      </trkpt>
      <trkpt lat="42.9041082970798" lon="-72.20328502357006">
        <ele>237</ele>
      </trkpt>
      <trkpt lat="42.90402330458164" lon="-72.20345500856638">
        <ele>238</ele>
      </trkpt>
      <trkpt lat="42.90394501760602" lon="-72.2036249935627">
        <ele>238</ele>
      </trkpt>
      <trkpt lat="42.90387167595327" lon="-72.20379665493965">
        <ele>238</ele>
      </trkpt>
      <trkpt lat="42.90380168706179" lon="-72.20396999269724">
        <ele>238</ele>
      </trkpt>
      <trkpt lat="42.9037316981703" lon="-72.20413997769356">
        <ele>238</ele>
      </trkpt>
      <trkpt lat="42.90366162545979" lon="-72.20430669374764">
        <ele>237</ele>
      </trkpt>
      <trkpt lat="42.90359331294894" lon="-72.20447332598269">
        <ele>236</ele>
      </trkpt>
      <trkpt lat="42.90353497490287" lon="-72.20464331097901">
        <ele>236</ele>
      </trkpt>
      <trkpt lat="42.9034816659987" lon="-72.2048166487366">
        <ele>235</ele>
      </trkpt>
      <trkpt lat="42.90343162603676" lon="-72.20499669201672">
        <ele>234</ele>
      </trkpt>
      <trkpt lat="42.903389967978" lon="-72.20518335700035">
        <ele>233</ele>
      </trkpt>
      <trkpt lat="42.90335166268051" lon="-72.20537832006812">
        <ele>232</ele>
      </trkpt>
      <trkpt lat="42.90331830270588" lon="-72.20557831227779">
        <ele>231</ele>
      </trkpt>
      <trkpt lat="42.90328502655029" lon="-72.20577662810683">
        <ele>231</ele>
      </trkpt>
      <trkpt lat="42.90325669571757" lon="-72.20597167499363">
        <ele>230</ele>
      </trkpt>
      <trkpt lat="42.90323331020772" lon="-72.2061666380614">
        <ele>229</ele>
      </trkpt>
      <trkpt lat="42.90322165936232" lon="-72.20636000856757">
        <ele>228</ele>
      </trkpt>
      <trkpt lat="42.90321830660105" lon="-72.20655664801598">
        <ele>227</ele>
      </trkpt>
      <trkpt lat="42.90323004126549" lon="-72.20675169490278">
        <ele>226</ele>
      </trkpt>
      <trkpt lat="42.90325996465981" lon="-72.20694330520928">
        <ele>227</ele>
      </trkpt>
      <trkpt lat="42.90330665186048" lon="-72.20713164657354">
        <ele>227</ele>
      </trkpt>
      <trkpt lat="42.90337831713259" lon="-72.20731168985367">
        <ele>228</ele>
      </trkpt>
      <trkpt lat="42.90345501154661" lon="-72.20748335123062">
        <ele>227</ele>
      </trkpt>
      <trkpt lat="42.90354168042541" lon="-72.2076466307044">
        <ele>228</ele>
      </trkpt>
      <trkpt lat="42.90363329462707" lon="-72.20780999399722">
        <ele>228</ele>
      </trkpt>
      <trkpt lat="42.90373002178967" lon="-72.20796832814813">
        <ele>228</ele>
      </trkpt>
      <trkpt lat="42.90383496321738" lon="-72.20812666229904">
        <ele>227</ele>
      </trkpt>
      <trkpt lat="42.90393998846412" lon="-72.20827837474644">
        <ele>227</ele>
      </trkpt>
      <trkpt lat="42.90404166094959" lon="-72.20841835252941">
        <ele>225</ele>
      </trkpt>
      <trkpt lat="42.90414500981569" lon="-72.20855003222823">
        <ele>224</ele>
      </trkpt>
      <trkpt lat="42.90425162762403" lon="-72.20867500640452">
        <ele>223</ele>
      </trkpt>
      <trkpt lat="42.90436335839331" lon="-72.20879168249667">
        <ele>222</ele>
      </trkpt>
      <trkpt lat="42.90447500534356" lon="-72.20890332944691">
        <ele>222</ele>
      </trkpt>
      <trkpt lat="42.90458832867444" lon="-72.20901170745492">
        <ele>221</ele>
      </trkpt>
      <trkpt lat="42.90469997562468" lon="-72.2091200016439">
        <ele>220</ele>
      </trkpt>
      <trkpt lat="42.90481497533619" lon="-72.20922670327127">
        <ele>219</ele>
      </trkpt>
      <trkpt lat="42.90492997504771" lon="-72.20933499746025">
        <ele>219</ele>
      </trkpt>
      <trkpt lat="42.90515167638659" lon="-72.20953666605055">
        <ele>218</ele>
      </trkpt>
      <trkpt lat="42.90537329390645" lon="-72.20973498187959">
        <ele>218</ele>
      </trkpt>
      <trkpt lat="42.9055933188647" lon="-72.2099416796118">
        <ele>217</ele>
      </trkpt>
      <trkpt lat="42.90570664219558" lon="-72.21004670485854">
        <ele>217</ele>
      </trkpt>
      <trkpt lat="42.90581837296486" lon="-72.21015164628625">
        <ele>217</ele>
      </trkpt>
      <trkpt lat="42.90593169629574" lon="-72.21025331877172">
        <ele>216</ele>
      </trkpt>
      <trkpt lat="42.90604501962662" lon="-72.21035499125719">
        <ele>216</ele>
      </trkpt>
      <trkpt lat="42.90627334266901" lon="-72.21055833622813">
        <ele>216</ele>
      </trkpt>
      <trkpt lat="42.90638834238052" lon="-72.21066830679774">
        <ele>215</ele>
      </trkpt>
      <trkpt lat="42.9065016657114" lon="-72.21078330650926">
        <ele>215</ele>
      </trkpt>
      <trkpt lat="42.90661498904228" lon="-72.21089830622077">
        <ele>215</ele>
      </trkpt>
      <trkpt lat="42.90672663599253" lon="-72.21101330593228">
        <ele>215</ele>
      </trkpt>
      <trkpt lat="42.9068333376199" lon="-72.21113668754697">
        <ele>215</ele>
      </trkpt>
      <trkpt lat="42.90693333372474" lon="-72.21126333810389">
        <ele>215</ele>
      </trkpt>
      <trkpt lat="42.9071166459471" lon="-72.21153331920505">
        <ele>214</ele>
      </trkpt>
      <trkpt lat="42.90719166398048" lon="-72.21168830059469">
        <ele>214</ele>
      </trkpt>
      <trkpt lat="42.90725997649133" lon="-72.21185501664877">
        <ele>214</ele>
      </trkpt>
      <trkpt lat="42.90731999091804" lon="-72.21202667802572">
        <ele>214</ele>
      </trkpt>
      <trkpt lat="42.90737170726061" lon="-72.21220831386745">
        <ele>214</ele>
      </trkpt>
      <trkpt lat="42.90741663426161" lon="-72.21239665523171">
        <ele>214</ele>
      </trkpt>
      <trkpt lat="42.907459968701" lon="-72.21259170211852">
        <ele>214</ele>
      </trkpt>
      <trkpt lat="42.90750162675977" lon="-72.21278834156692">
        <ele>214</ele>
      </trkpt>
      <trkpt lat="42.9075466375798" lon="-72.21298665739596">
        <ele>214</ele>
      </trkpt>
      <trkpt lat="42.90759164839983" lon="-72.21318329684436">
        <ele>215</ele>
      </trkpt>
      <trkpt lat="42.90763163007796" lon="-72.21338169649243">
        <ele>215</ele>
      </trkpt>
      <trkpt lat="42.90767496451735" lon="-72.21357833594084">
        <ele>215</ele>
      </trkpt>
      <trkpt lat="42.90771829895675" lon="-72.21377665176988">
        <ele>215</ele>
      </trkpt>
      <trkpt lat="42.90776004083455" lon="-72.21397169865668">
        <ele>215</ele>
      </trkpt>
      <trkpt lat="42.90780169889331" lon="-72.21416330896318">
        <ele>215</ele>
      </trkpt>
      <trkpt lat="42.90784168057144" lon="-72.21435500308871">
        <ele>215</ele>
      </trkpt>
      <trkpt lat="42.9078833386302" lon="-72.21454166807234">
        <ele>215</ele>
      </trkpt>
      <trkpt lat="42.9079266730696" lon="-72.21473000943661">
        <ele>215</ele>
      </trkpt>
      <trkpt lat="42.90797000750899" lon="-72.21491667442024">
        <ele>215</ele>
      </trkpt>
      <trkpt lat="42.90801334194839" lon="-72.21510669216514">
        <ele>215</ele>
      </trkpt>
      <trkpt lat="42.90805500000715" lon="-72.21529830247164">
        <ele>216</ele>
      </trkpt>
      <trkpt lat="42.90809833444655" lon="-72.21549502573907">
        <ele>215</ele>
      </trkpt>
      <trkpt lat="42.90813999250531" lon="-72.21569501794875">
        <ele>215</ele>
      </trkpt>
      <trkpt lat="42.90818500332534" lon="-72.21589668653905">
        <ele>215</ele>
      </trkpt>
      <trkpt lat="42.90823169052601" lon="-72.21610330045223">
        <ele>215</ele>
      </trkpt>
      <trkpt lat="42.90828667581081" lon="-72.21630832180381">
        <ele>215</ele>
      </trkpt>
      <trkpt lat="42.90834995917976" lon="-72.21650663763285">
        <ele>215</ele>
      </trkpt>
      <trkpt lat="42.90842665359378" lon="-72.21669665537775">
        <ele>215</ele>
      </trkpt>
      <trkpt lat="42.90851499885321" lon="-72.21687502227724">
        <ele>215</ele>
      </trkpt>
      <trkpt lat="42.90861667133868" lon="-72.21703503280878">
        <ele>215</ele>
      </trkpt>
      <trkpt lat="42.90872337296605" lon="-72.21718498505652">
        <ele>214</ele>
      </trkpt>
      <trkpt lat="42.9088350199163" lon="-72.21732496283948">
        <ele>212</ele>
      </trkpt>
      <trkpt lat="42.90894834324718" lon="-72.21746502444148">
        <ele>209</ele>
      </trkpt>
      <trkpt lat="42.90905663743615" lon="-72.21760835498571">
        <ele>207</ele>
      </trkpt>
      <trkpt lat="42.90916333906353" lon="-72.21775830723345">
        <ele>205</ele>
      </trkpt>
      <trkpt lat="42.90926836431026" lon="-72.21791496500373">
        <ele>206</ele>
      </trkpt>
      <trkpt lat="42.90937330573797" lon="-72.21807497553527">
        <ele>206</ele>
      </trkpt>
      <trkpt lat="42.90947833098471" lon="-72.21823330968618">
        <ele>205</ele>
      </trkpt>
      <trkpt lat="42.90957665070891" lon="-72.21839164383709">
        <ele>205</ele>
      </trkpt>
      <trkpt lat="42.90967002511024" lon="-72.218549977988">
        <ele>204</ele>
      </trkpt>
      <trkpt lat="42.90975669398904" lon="-72.21870831213892">
        <ele>203</ele>
      </trkpt>
      <trkpt lat="42.90983330458403" lon="-72.21887167543173">
        <ele>202</ele>
      </trkpt>
      <trkpt lat="42.90990170091391" lon="-72.21904166042805">
        <ele>200</ele>
      </trkpt>
      <trkpt lat="42.90995836257935" lon="-72.21922170370817">
        <ele>199</ele>
      </trkpt>
      <trkpt lat="42.91000831872225" lon="-72.21940669231117">
        <ele>199</ele>
      </trkpt>
      <trkpt lat="42.91005835868418" lon="-72.21959503367543">
        <ele>200</ele>
      </trkpt>
      <trkpt lat="42.91010999120772" lon="-72.21978664398193">
        <ele>202</ele>
      </trkpt>
      <trkpt lat="42.91016665287316" lon="-72.21997833810747">
        <ele>203</ele>
      </trkpt>
      <trkpt lat="42.91022666729987" lon="-72.22016835585237">
        <ele>203</ele>
      </trkpt>
      <trkpt lat="42.91029497981071" lon="-72.22035166807473">
        <ele>203</ele>
      </trkpt>
      <trkpt lat="42.910375026986" lon="-72.22053330391645">
        <ele>202</ele>
      </trkpt>
      <trkpt lat="42.91046999394894" lon="-72.22070496529341">
        <ele>201</ele>
      </trkpt>
      <trkpt lat="42.91057669557631" lon="-72.22086003050208">
        <ele>200</ele>
      </trkpt>
      <trkpt lat="42.91069337166846" lon="-72.22100830636919">
        <ele>199</ele>
      </trkpt>
      <trkpt lat="42.91081164032221" lon="-72.22115331329405">
        <ele>198</ele>
      </trkpt>
      <trkpt lat="42.91092999279499" lon="-72.22130167298019">
        <ele>199</ele>
      </trkpt>
      <trkpt lat="42.91104666888714" lon="-72.22145330160856">
        <ele>199</ele>
      </trkpt>
      <trkpt lat="42.91115999221802" lon="-72.22160995937884">
        <ele>199</ele>
      </trkpt>
      <trkpt lat="42.91126837022603" lon="-72.22177332267165">
        <ele>200</ele>
      </trkpt>
      <trkpt lat="42.91137331165373" lon="-72.22193668596447">
        <ele>200</ele>
      </trkpt>
      <trkpt lat="42.91147330775857" lon="-72.22209837287664">
        <ele>199</ele>
      </trkpt>
      <trkpt lat="42.91156835854053" lon="-72.22225335426629">
        <ele>197</ele>
      </trkpt>
      <trkpt lat="42.9116599727422" lon="-72.22240330651402">
        <ele>195</ele>
      </trkpt>
      <trkpt lat="42.91175334714353" lon="-72.22255501896143">
        <ele>196</ele>
      </trkpt>
      <trkpt lat="42.91184831410646" lon="-72.22270832397044">
        <ele>198</ele>
      </trkpt>
      <trkpt lat="42.9119483102113" lon="-72.22286330536008">
        <ele>199</ele>
      </trkpt>
      <trkpt lat="42.91205165907741" lon="-72.22302163951099">
        <ele>199</ele>
      </trkpt>
      <trkpt lat="42.91215500794351" lon="-72.2231850028038">
        <ele>198</ele>
      </trkpt>
      <trkpt lat="42.91225835680962" lon="-72.22334995865822">
        <ele>196</ele>
      </trkpt>
      <trkpt lat="42.91236329823732" lon="-72.22352002747357">
        <ele>196</ele>
      </trkpt>
      <trkpt lat="42.9124699998647" lon="-72.22369001246989">
        <ele>195</ele>
      </trkpt>
      <trkpt lat="42.91257829405367" lon="-72.22386167384684">
        <ele>196</ele>
      </trkpt>
      <trkpt lat="42.91269170120358" lon="-72.22403333522379">
        <ele>196</ele>
      </trkpt>
      <trkpt lat="42.9128016717732" lon="-72.22420164383948">
        <ele>196</ele>
      </trkpt>
      <trkpt lat="42.91291499510407" lon="-72.22436835989356">
        <ele>198</ele>
      </trkpt>
      <trkpt lat="42.91302831843495" lon="-72.22453666850924">
        <ele>199</ele>
      </trkpt>
      <trkpt lat="42.91314331814647" lon="-72.22470497712493">
        <ele>200</ele>
      </trkpt>
      <trkpt lat="42.91325999423862" lon="-72.22487001679838">
        <ele>200</ele>
      </trkpt>
      <trkpt lat="42.91337667033076" lon="-72.22503170371056">
        <ele>200</ele>
      </trkpt>
      <trkpt lat="42.91349334642291" lon="-72.22519003786147">
        <ele>201</ele>
      </trkpt>
      <trkpt lat="42.9136132914573" lon="-72.22534334287047">
        <ele>202</ele>
      </trkpt>
      <trkpt lat="42.91374002583325" lon="-72.22549002617598">
        <ele>202</ele>
      </trkpt>
      <trkpt lat="42.9138633236289" lon="-72.22563662566245">
        <ele>201</ele>
      </trkpt>
      <trkpt lat="42.91399165056646" lon="-72.22577836364508">
        <ele>200</ele>
      </trkpt>
      <trkpt lat="42.91412333026528" lon="-72.22592169418931">
        <ele>199</ele>
      </trkpt>
      <trkpt lat="42.91425500996411" lon="-72.22606502473354">
        <ele>198</ele>
      </trkpt>
      <trkpt lat="42.91438836604357" lon="-72.22620835527778">
        <ele>197</ele>
      </trkpt>
      <trkpt lat="42.914521638304" lon="-72.22635503858328">
        <ele>197</ele>
      </trkpt>
      <trkpt lat="42.91465667076409" lon="-72.22650499083102">
        <ele>196</ele>
      </trkpt>
      <trkpt lat="42.91479329578578" lon="-72.22665335051715">
        <ele>195</ele>
      </trkpt>
      <trkpt lat="42.91492832824588" lon="-72.22680497914553">
        <ele>194</ele>
      </trkpt>
      <trkpt lat="42.91505665518343" lon="-72.2269550152123">
        <ele>193</ele>
      </trkpt>
      <trkpt lat="42.91518665850163" lon="-72.22710496746004">
        <ele>193</ele>
      </trkpt>
      <trkpt lat="42.91531004011631" lon="-72.22725835628808">
        <ele>193</ele>
      </trkpt>
      <trkpt lat="42.9154350142926" lon="-72.22742331214249">
        <ele>193</ele>
      </trkpt>
      <trkpt lat="42.91554833762348" lon="-72.22760503180325">
        <ele>193</ele>
      </trkpt>
      <trkpt lat="42.91565830819309" lon="-72.22779169678688">
        <ele>192</ele>
      </trkpt>
      <trkpt lat="42.91576165705919" lon="-72.22798330709338">
        <ele>191</ele>
      </trkpt>
      <trkpt lat="42.9158650059253" lon="-72.22817835398018">
        <ele>191</ele>
      </trkpt>
      <trkpt lat="42.91596500203013" lon="-72.22838169895113">
        <ele>190</ele>
      </trkpt>
      <trkpt lat="42.91605996899307" lon="-72.22858998924494">
        <ele>189</ele>
      </trkpt>
      <trkpt lat="42.9161483142525" lon="-72.22880498506129">
        <ele>189</ele>
      </trkpt>
      <trkpt lat="42.91623003780842" lon="-72.22903003916144">
        <ele>188</ele>
      </trkpt>
      <trkpt lat="42.91630170308053" lon="-72.22926330752671">
        <ele>188</ele>
      </trkpt>
      <trkpt lat="42.91636163368821" lon="-72.22950001247227">
        <ele>188</ele>
      </trkpt>
      <trkpt lat="42.91641167365015" lon="-72.22973998636007">
        <ele>189</ele>
      </trkpt>
      <trkpt lat="42.91645500808954" lon="-72.22998331300914">
        <ele>189</ele>
      </trkpt>
      <trkpt lat="42.91649498976767" lon="-72.23022999241948">
        <ele>188</ele>
      </trkpt>
      <trkpt lat="42.91652834974229" lon="-72.23047499544919">
        <ele>187</ele>
      </trkpt>
      <trkpt lat="42.91655835695565" lon="-72.23071496933699">
        <ele>187</ele>
      </trkpt>
      <trkpt lat="42.91658668778837" lon="-72.23095167428255">
        <ele>186</ele>
      </trkpt>
      <trkpt lat="42.91660831309855" lon="-72.23118502646685">
        <ele>185</ele>
      </trkpt>
      <trkpt lat="42.91662499308586" lon="-72.23141670227051">
        <ele>184</ele>
      </trkpt>
      <trkpt lat="42.91663664393127" lon="-72.2316450253129">
        <ele>184</ele>
      </trkpt>
      <trkpt lat="42.9166383203119" lon="-72.23187167197466">
        <ele>183</ele>
      </trkpt>
      <trkpt lat="42.91663337498903" lon="-72.23209169693291">
        <ele>183</ele>
      </trkpt>
      <trkpt lat="42.91661996394396" lon="-72.23231163807213">
        <ele>182</ele>
      </trkpt>
      <trkpt lat="42.91660001501441" lon="-72.23253166303039">
        <ele>182</ele>
      </trkpt>
      <trkpt lat="42.91656833142042" lon="-72.232750011608">
        <ele>182</ele>
      </trkpt>
      <trkpt lat="42.91652499698102" lon="-72.23297003656626">
        <ele>181</ele>
      </trkpt>
      <trkpt lat="42.91647168807685" lon="-72.23318503238261">
        <ele>181</ele>
      </trkpt>
      <trkpt lat="42.91640329174697" lon="-72.23339667543769">
        <ele>181</ele>
      </trkpt>
      <trkpt lat="42.91632668115199" lon="-72.2336049657315">
        <ele>181</ele>
      </trkpt>
      <trkpt lat="42.9162450414151" lon="-72.23381333984435">
        <ele>180</ele>
      </trkpt>
      <trkpt lat="42.9161583725363" lon="-72.23401668481529">
        <ele>180</ele>
      </trkpt>
      <trkpt lat="42.91607170365751" lon="-72.23422329872847">
        <ele>179</ele>
      </trkpt>
      <trkpt lat="42.91598168201745" lon="-72.23442664369941">
        <ele>179</ele>
      </trkpt>
      <trkpt lat="42.91589166037738" lon="-72.23463166505098">
        <ele>179</ele>
      </trkpt>
      <trkpt lat="42.91580163873732" lon="-72.23483333364129">
        <ele>179</ele>
      </trkpt>
      <trkpt lat="42.91571329347789" lon="-72.23503332585096">
        <ele>179</ele>
      </trkpt>
      <trkpt lat="42.91562335565686" lon="-72.23523164168">
        <ele>180</ele>
      </trkpt>
      <trkpt lat="42.91553668677807" lon="-72.23542501218617">
        <ele>181</ele>
      </trkpt>
      <trkpt lat="42.91544834151864" lon="-72.2356116771698">
        <ele>181</ele>
      </trkpt>
      <trkpt lat="42.91536167263985" lon="-72.23578836768866">
        <ele>180</ele>
      </trkpt>
      <trkpt lat="42.91528003290296" lon="-72.23595667630434">
        <ele>180</ele>
      </trkpt>
      <trkpt lat="42.91513502597809" lon="-72.23624333739281">
        <ele>179</ele>
      </trkpt>
      <trkpt lat="42.91502002626657" lon="-72.23647333681583">
        <ele>178</ele>
      </trkpt>
      <trkpt lat="42.91496663354337" lon="-72.23666503094137">
        <ele>178</ele>
      </trkpt>
      <trkpt lat="42.9150116443634" lon="-72.23685496486723">
        <ele>177</ele>
      </trkpt>
      <trkpt lat="42.91517668403685" lon="-72.23696334287524">
        <ele>177</ele>
      </trkpt>
      <trkpt lat="42.91542168706656" lon="-72.23703836090863">
        <ele>177</ele>
      </trkpt>
      <trkpt lat="42.91569334454834" lon="-72.2371400333941">
        <ele>177</ele>
      </trkpt>
      <trkpt lat="42.91584497317672" lon="-72.23720164038241">
        <ele>177</ele>
      </trkpt>
      <trkpt lat="42.91600498370826" lon="-72.23726668395102">
        <ele>177</ele>
      </trkpt>
      <trkpt lat="42.91617002338171" lon="-72.23732837475836">
        <ele>177</ele>
      </trkpt>
      <trkpt lat="42.91633497923613" lon="-72.23739165812731">
        <ele>177</ele>
      </trkpt>
      <trkpt lat="42.91650664061308" lon="-72.23745502531528">
        <ele>177</ele>
      </trkpt>
      <trkpt lat="42.91668333113194" lon="-72.2375216614455">
        <ele>178</ele>
      </trkpt>
      <trkpt lat="42.91686496697366" lon="-72.23758670501411">
        <ele>179</ele>
      </trkpt>
      <trkpt lat="42.91704333387315" lon="-72.23765501752496">
        <ele>180</ele>
      </trkpt>
      <trkpt lat="42.91721499525011" lon="-72.23771997727454">
        <ele>180</ele>
      </trkpt>
      <trkpt lat="42.91738162748516" lon="-72.23778166808188">
        <ele>181</ele>
      </trkpt>
      <trkpt lat="42.91754331439734" lon="-72.23784168250859">
        <ele>181</ele>
      </trkpt>
      <trkpt lat="42.91769997216761" lon="-72.23790496587753">
        <ele>182</ele>
      </trkpt>
      <trkpt lat="42.91785503737628" lon="-72.23796833306551">
        <ele>182</ele>
      </trkpt>
      <trkpt lat="42.91800498962402" lon="-72.23804167471826">
        <ele>183</ele>
      </trkpt>
      <trkpt lat="42.91815334931016" lon="-72.23810831084847">
        <ele>183</ele>
      </trkpt>
      <trkpt lat="42.91830665431917" lon="-72.23817000165582">
        <ele>183</ele>
      </trkpt>
      <trkpt lat="42.91845836676657" lon="-72.23822666332126">
        <ele>184</ele>
      </trkpt>
      <trkpt lat="42.91860664263368" lon="-72.23828500136733">
        <ele>185</ele>
      </trkpt>
      <trkpt lat="42.91875667870045" lon="-72.23834669217467">
        <ele>186</ele>
      </trkpt>
      <trkpt lat="42.91891166009009" lon="-72.23840167745948">
        <ele>187</ele>
      </trkpt>
      <trkpt lat="42.91907167062163" lon="-72.23845833912492">
        <ele>188</ele>
      </trkpt>
      <trkpt lat="42.91923335753381" lon="-72.23850167356431">
        <ele>189</ele>
      </trkpt>
      <trkpt lat="42.91939663700759" lon="-72.23855162970722">
        <ele>190</ele>
      </trkpt>
      <trkpt lat="42.91956167668104" lon="-72.23860502243042">
        <ele>191</ele>
      </trkpt>
      <trkpt lat="42.91972168721259" lon="-72.23865162581205">
        <ele>191</ele>
      </trkpt>
      <trkpt lat="42.9198800213635" lon="-72.23869496025145">
        <ele>192</ele>
      </trkpt>
      <trkpt lat="42.9200333263725" lon="-72.23872999660671">
        <ele>192</ele>
      </trkpt>
      <trkpt lat="42.92018663138151" lon="-72.23875832743943">
        <ele>192</ele>
      </trkpt>
      <trkpt lat="42.92034169659019" lon="-72.23878003656864">
        <ele>193</ele>
      </trkpt>
      <trkpt lat="42.92049500159919" lon="-72.23879998549819">
        <ele>193</ele>
      </trkpt>
      <trkpt lat="42.92064998298883" lon="-72.23882337100804">
        <ele>194</ele>
      </trkpt>
      <trkpt lat="42.92080831713974" lon="-72.23884834907949">
        <ele>194</ele>
      </trkpt>
      <trkpt lat="42.92096665129066" lon="-72.23888330161572">
        <ele>194</ele>
      </trkpt>
      <trkpt lat="42.9211266618222" lon="-72.23892998881638">
        <ele>194</ele>
      </trkpt>
      <trkpt lat="42.92129170149565" lon="-72.23898170515895">
        <ele>194</ele>
      </trkpt>
      <trkpt lat="42.92145498096943" lon="-72.23903836682439">
        <ele>194</ele>
      </trkpt>
      <trkpt lat="42.92161834426224" lon="-72.23909502848983">
        <ele>193</ele>
      </trkpt>
      <trkpt lat="42.92178665287793" lon="-72.2391549590975">
        <ele>193</ele>
      </trkpt>
      <trkpt lat="42.92195663787425" lon="-72.23921170458198">
        <ele>193</ele>
      </trkpt>
      <trkpt lat="42.92212335392833" lon="-72.23926995880902">
        <ele>193</ele>
      </trkpt>
      <trkpt lat="42.92228336445987" lon="-72.23933164961636">
        <ele>192</ele>
      </trkpt>
      <trkpt lat="42.92243331670761" lon="-72.2393933404237">
        <ele>191</ele>
      </trkpt>
      <trkpt lat="42.92257664725184" lon="-72.23945670761168">
        <ele>191</ele>
      </trkpt>
      <trkpt lat="42.92271830141544" lon="-72.23951663821936">
        <ele>190</ele>
      </trkpt>
      <trkpt lat="42.92285501025617" lon="-72.23955829627812">
        <ele>190</ele>
      </trkpt>
      <trkpt lat="42.92299163527787" lon="-72.23957170732319">
        <ele>190</ele>
      </trkpt>
      <trkpt lat="42.9231283441186" lon="-72.23955997265875">
        <ele>191</ele>
      </trkpt>
      <trkpt lat="42.92326329275966" lon="-72.23952502012253">
        <ele>192</ele>
      </trkpt>
      <trkpt lat="42.92339664883912" lon="-72.23946165293455">
        <ele>193</ele>
      </trkpt>
      <trkpt lat="42.92352665215731" lon="-72.23937498405576">
        <ele>194</ele>
      </trkpt>
      <trkpt lat="42.9236616846174" lon="-72.23928831517696">
        <ele>195</ele>
      </trkpt>
      <trkpt lat="42.92380501516163" lon="-72.23921329714358">
        <ele>195</ele>
      </trkpt>
      <trkpt lat="42.92395496740937" lon="-72.2391549590975">
        <ele>195</ele>
      </trkpt>
      <trkpt lat="42.92411330156028" lon="-72.23910835571587">
        <ele>196</ele>
      </trkpt>
      <trkpt lat="42.92427163571119" lon="-72.23906166851521">
        <ele>197</ele>
      </trkpt>
      <trkpt lat="42.92442829348147" lon="-72.23901003599167">
        <ele>198</ele>
      </trkpt>
      <trkpt lat="42.92458830401301" lon="-72.23895664326847">
        <ele>199</ele>
      </trkpt>
      <trkpt lat="42.92474999092519" lon="-72.23891163244843">
        <ele>201</ele>
      </trkpt>
      <trkpt lat="42.92491670697927" lon="-72.23888003267348">
        <ele>202</ele>
      </trkpt>
      <trkpt lat="42.92508333921432" lon="-72.23886335268617">
        <ele>202</ele>
      </trkpt>
      <trkpt lat="42.9252450261265" lon="-72.23888833075762">
        <ele>202</ele>
      </trkpt>
      <trkpt lat="42.92540830560029" lon="-72.23893501795828">
        <ele>201</ele>
      </trkpt>
      <trkpt lat="42.92556999251246" lon="-72.23899335600436">
        <ele>200</ele>
      </trkpt>
      <trkpt lat="42.92572497390211" lon="-72.23907331936061">
        <ele>199</ele>
      </trkpt>
      <trkpt lat="42.92586998082697" lon="-72.23916166462004">
        <ele>197</ele>
      </trkpt>
      <trkpt lat="42.92600995860994" lon="-72.2392516862601">
        <ele>196</ele>
      </trkpt>
      <trkpt lat="42.9261483438313" lon="-72.23935168236494">
        <ele>195</ele>
      </trkpt>
      <trkpt lat="42.92628664523363" lon="-72.23944832570851">
        <ele>194</ele>
      </trkpt>
      <trkpt lat="42.92642997577786" lon="-72.2395299654454">
        <ele>194</ele>
      </trkpt>
      <trkpt lat="42.92657665908337" lon="-72.23958830349147">
        <ele>193</ele>
      </trkpt>
      <trkpt lat="42.92673164047301" lon="-72.23963499069214">
        <ele>193</ele>
      </trkpt>
      <trkpt lat="42.92688997462392" lon="-72.23966667428613">
        <ele>193</ele>
      </trkpt>
      <trkpt lat="42.9270516615361" lon="-72.23968000151217">
        <ele>193</ele>
      </trkpt>
      <trkpt lat="42.92721334844828" lon="-72.23968335427344">
        <ele>194</ele>
      </trkpt>
      <trkpt lat="42.92737335897982" lon="-72.23968503065407">
        <ele>194</ele>
      </trkpt>
      <trkpt lat="42.92752666398883" lon="-72.23968503065407">
        <ele>194</ele>
      </trkpt>
      <trkpt lat="42.92767502367496" lon="-72.23968503065407">
        <ele>194</ele>
      </trkpt>
      <trkpt lat="42.92781667783856" lon="-72.23969332873821">
        <ele>195</ele>
      </trkpt>
      <trkpt lat="42.92795665562153" lon="-72.23970665596426">
        <ele>195</ele>
      </trkpt>
      <trkpt lat="42.92809998616576" lon="-72.23971830680966">
        <ele>195</ele>
      </trkpt>
      <trkpt lat="42.92824331671" lon="-72.2397300414741">
        <ele>195</ele>
      </trkpt>
      <trkpt lat="42.9283900000155" lon="-72.23974169231951">
        <ele>195</ele>
      </trkpt>
      <trkpt lat="42.92853500694036" lon="-72.23974831402302">
        <ele>194</ele>
      </trkpt>
      <trkpt lat="42.92868169024587" lon="-72.23974336870015">
        <ele>194</ele>
      </trkpt>
      <trkpt lat="42.92882669717073" lon="-72.23973666317761">
        <ele>194</ele>
      </trkpt>
      <trkpt lat="42.92897497303784" lon="-72.23973163403571">
        <ele>194</ele>
      </trkpt>
      <trkpt lat="42.92911997996271" lon="-72.23972668871284">
        <ele>194</ele>
      </trkpt>
      <trkpt lat="42.92926498688757" lon="-72.23971830680966">
        <ele>194</ele>
      </trkpt>
      <trkpt lat="42.92940831743181" lon="-72.23971000872552">
        <ele>194</ele>
      </trkpt>
      <trkpt lat="42.92955500073731" lon="-72.23970003426075">
        <ele>194</ele>
      </trkpt>
      <trkpt lat="42.92970336042345" lon="-72.23969500511885">
        <ele>193</ele>
      </trkpt>
      <trkpt lat="42.92985331267118" lon="-72.23969332873821">
        <ele>193</ele>
      </trkpt>
      <trkpt lat="42.93000502511859" lon="-72.23970003426075">
        <ele>193</ele>
      </trkpt>
      <trkpt lat="42.93016168288887" lon="-72.23971503786743">
        <ele>193</ele>
      </trkpt>
      <trkpt lat="42.93031666427851" lon="-72.23974831402302">
        <ele>192</ele>
      </trkpt>
      <trkpt lat="42.93047164566815" lon="-72.23979667760432">
        <ele>192</ele>
      </trkpt>
      <trkpt lat="42.93062503449619" lon="-72.23985166288912">
        <ele>191</ele>
      </trkpt>
      <trkpt lat="42.93077498674393" lon="-72.23991167731583">
        <ele>191</ele>
      </trkpt>
      <trkpt lat="42.93091999366879" lon="-72.23997169174254">
        <ele>191</ele>
      </trkpt>
      <trkpt lat="42.93106164783239" lon="-72.24003002978861">
        <ele>191</ele>
      </trkpt>
      <trkpt lat="42.93120162561536" lon="-72.24008333869278">
        <ele>191</ele>
      </trkpt>
      <trkpt lat="42.93134001083672" lon="-72.24013497121632">
        <ele>191</ele>
      </trkpt>
      <trkpt lat="42.93147663585842" lon="-72.24019004032016">
        <ele>191</ele>
      </trkpt>
      <trkpt lat="42.93161502107978" lon="-72.24024502560496">
        <ele>191</ele>
      </trkpt>
      <trkpt lat="42.93175667524338" lon="-72.24030336365104">
        <ele>191</ele>
      </trkpt>
      <trkpt lat="42.93190000578761" lon="-72.24036002531648">
        <ele>191</ele>
      </trkpt>
      <trkpt lat="42.93204836547375" lon="-72.24041668698192">
        <ele>191</ele>
      </trkpt>
      <trkpt lat="42.93219664134085" lon="-72.24047334864736">
        <ele>191</ele>
      </trkpt>
      <trkpt lat="42.93233167380095" lon="-72.24052330479026">
        <ele>191</ele>
      </trkpt>
      <trkpt lat="42.93256997130811" lon="-72.24062170833349">
        <ele>191</ele>
      </trkpt>
      <trkpt lat="42.9327967017889" lon="-72.24071499891579">
        <ele>191</ele>
      </trkpt>
      <trkpt lat="42.93304329738021" lon="-72.24080837331712">
        <ele>191</ele>
      </trkpt>
      <trkpt lat="42.93317665345967" lon="-72.24085832946002">
        <ele>192</ele>
      </trkpt>
      <trkpt lat="42.93331503868103" lon="-72.24091331474483">
        <ele>192</ele>
      </trkpt>
      <trkpt lat="42.93345669284463" lon="-72.24096830002964">
        <ele>193</ele>
      </trkpt>
      <trkpt lat="42.9336032923311" lon="-72.24102336913347">
        <ele>193</ele>
      </trkpt>
      <trkpt lat="42.93375165201724" lon="-72.24107164889574">
        <ele>194</ele>
      </trkpt>
      <trkpt lat="42.9338966589421" lon="-72.2411133069545">
        <ele>194</ele>
      </trkpt>
      <trkpt lat="42.93403998948634" lon="-72.24114666692913">
        <ele>195</ele>
      </trkpt>
      <trkpt lat="42.93418164364994" lon="-72.24117499776185">
        <ele>196</ele>
      </trkpt>
      <trkpt lat="42.9343266505748" lon="-72.24120332859457">
        <ele>196</ele>
      </trkpt>
      <trkpt lat="42.93447333388031" lon="-72.24122503772378">
        <ele>197</ele>
      </trkpt>
      <trkpt lat="42.93462336994708" lon="-72.2412483394146">
        <ele>197</ele>
      </trkpt>
      <trkpt lat="42.93477667495608" lon="-72.24126996472478">
        <ele>197</ele>
      </trkpt>
      <trkpt lat="42.93493333272636" lon="-72.24128832109272">
        <ele>197</ele>
      </trkpt>
      <trkpt lat="42.935088314116" lon="-72.2412982955575">
        <ele>198</ele>
      </trkpt>
      <trkpt lat="42.93524002656341" lon="-72.2412967029959">
        <ele>199</ele>
      </trkpt>
      <trkpt lat="42.93539333157241" lon="-72.24128329195082">
        <ele>199</ele>
      </trkpt>
      <trkpt lat="42.93554336763918" lon="-72.24126334302127">
        <ele>200</ele>
      </trkpt>
      <trkpt lat="42.93569331988692" lon="-72.24123333580792">
        <ele>201</ele>
      </trkpt>
      <trkpt lat="42.93584503233433" lon="-72.24120165221393">
        <ele>203</ele>
      </trkpt>
      <trkpt lat="42.93599498458207" lon="-72.24117332138121">
        <ele>203</ele>
      </trkpt>
      <trkpt lat="42.93614669702947" lon="-72.24114331416786">
        <ele>204</ele>
      </trkpt>
      <trkpt lat="42.93629832565784" lon="-72.2411133069545">
        <ele>206</ele>
      </trkpt>
      <trkpt lat="42.93644333258271" lon="-72.24108003079891">
        <ele>207</ele>
      </trkpt>
      <trkpt lat="42.93658163398504" lon="-72.24105002358556">
        <ele>208</ele>
      </trkpt>
      <trkpt lat="42.93671834282577" lon="-72.2410200163722">
        <ele>209</ele>
      </trkpt>
      <trkpt lat="42.9368566442281" lon="-72.24099830724299">
        <ele>210</ele>
      </trkpt>
      <trkpt lat="42.93699997477233" lon="-72.24099000915885">
        <ele>210</ele>
      </trkpt>
      <trkpt lat="42.93714833445847" lon="-72.24099998362362">
        <ele>211</ele>
      </trkpt>
      <trkpt lat="42.93729669414461" lon="-72.24102831445634">
        <ele>211</ele>
      </trkpt>
      <trkpt lat="42.93744999915361" lon="-72.24106502719223">
        <ele>210</ele>
      </trkpt>
      <trkpt lat="42.93760665692389" lon="-72.24111163057387">
        <ele>210</ele>
      </trkpt>
      <trkpt lat="42.9377649910748" lon="-72.24115999415517">
        <ele>209</ele>
      </trkpt>
      <trkpt lat="42.93792332522571" lon="-72.24119829945266">
        <ele>209</ele>
      </trkpt>
      <trkpt lat="42.93808165937662" lon="-72.24122000858188">
        <ele>209</ele>
      </trkpt>
      <trkpt lat="42.93823999352753" lon="-72.24122503772378">
        <ele>209</ele>
      </trkpt>
      <trkpt lat="42.93839329853654" lon="-72.24121833220124">
        <ele>210</ele>
      </trkpt>
      <trkpt lat="42.93854501098394" lon="-72.24120332859457">
        <ele>211</ele>
      </trkpt>
      <trkpt lat="42.93869001790881" lon="-72.24119000136852">
        <ele>211</ele>
      </trkpt>
      <trkpt lat="42.93884164653718" lon="-72.24117667414248">
        <ele>212</ele>
      </trkpt>
      <trkpt lat="42.93899335898459" lon="-72.24115831777453">
        <ele>213</ele>
      </trkpt>
      <trkpt lat="42.93914498761296" lon="-72.24114834330976">
        <ele>213</ele>
      </trkpt>
      <trkpt lat="42.93929670006037" lon="-72.24113836884499">
        <ele>214</ele>
      </trkpt>
      <trkpt lat="42.93944329954684" lon="-72.24112663418055">
        <ele>214</ele>
      </trkpt>
      <trkpt lat="42.93958998285234" lon="-72.2411133069545">
        <ele>214</ele>
      </trkpt>
      <trkpt lat="42.93973834253848" lon="-72.24109662696719">
        <ele>214</ele>
      </trkpt>
      <trkpt lat="42.93988334946334" lon="-72.24108170717955">
        <ele>214</ele>
      </trkpt>
      <trkpt lat="42.94003330171108" lon="-72.24107164889574">
        <ele>214</ele>
      </trkpt>
      <trkpt lat="42.94018669053912" lon="-72.24106502719223">
        <ele>215</ele>
      </trkpt>
      <trkpt lat="42.94034167192876" lon="-72.24106167443097">
        <ele>215</ele>
      </trkpt>
      <trkpt lat="42.94049665331841" lon="-72.24105329252779">
        <ele>216</ele>
      </trkpt>
      <trkpt lat="42.94065163470805" lon="-72.24104667082429">
        <ele>216</ele>
      </trkpt>
      <trkpt lat="42.94080829247832" lon="-72.24103996530175">
        <ele>217</ele>
      </trkpt>
      <trkpt lat="42.94096503406763" lon="-72.24103334359825">
        <ele>217</ele>
      </trkpt>
      <trkpt lat="42.94112169183791" lon="-72.24102999083698">
        <ele>218</ele>
      </trkpt>
      <trkpt lat="42.94128002598882" lon="-72.24102831445634">
        <ele>218</ele>
      </trkpt>
      <trkpt lat="42.94144003652036" lon="-72.24102999083698">
        <ele>218</ele>
      </trkpt>
      <trkpt lat="42.94159669429064" lon="-72.24102999083698">
        <ele>218</ele>
      </trkpt>
      <trkpt lat="42.94175502844155" lon="-72.24101666361094">
        <ele>217</ele>
      </trkpt>
      <trkpt lat="42.94191830791533" lon="-72.24099503830075">
        <ele>215</ele>
      </trkpt>
      <trkpt lat="42.94208334758878" lon="-72.24096335470676">
        <ele>213</ele>
      </trkpt>
      <trkpt lat="42.94224662706256" lon="-72.2409166675061">
        <ele>211</ele>
      </trkpt>
      <trkpt lat="42.94240169227123" lon="-72.24084500223398">
        <ele>208</ele>
      </trkpt>
      <trkpt lat="42.9425416700542" lon="-72.24074332974851">
        <ele>208</ele>
      </trkpt>
      <trkpt lat="42.94267502613366" lon="-72.24061667919159">
        <ele>210</ele>
      </trkpt>
      <trkpt lat="42.94280167669058" lon="-72.24047670140862">
        <ele>212</ele>
      </trkpt>
      <trkpt lat="42.9429232981056" lon="-72.24032498896122">
        <ele>213</ele>
      </trkpt>
      <trkpt lat="42.94303335249424" lon="-72.24015835672617">
        <ele>213</ele>
      </trkpt>
      <trkpt lat="42.94313829392195" lon="-72.23998501896858">
        <ele>213</ele>
      </trkpt>
      <trkpt lat="42.94323996640742" lon="-72.23981168121099">
        <ele>214</ele>
      </trkpt>
      <trkpt lat="42.94333166442811" lon="-72.23964001983404">
        <ele>216</ele>
      </trkpt>
      <trkpt lat="42.94341498054564" lon="-72.23947833292186">
        <ele>217</ele>
      </trkpt>
      <trkpt lat="42.94348832219839" lon="-72.23931832239032">
        <ele>219</ele>
      </trkpt>
      <trkpt lat="42.9435549583286" lon="-72.2391549590975">
        <ele>220</ele>
      </trkpt>
      <trkpt lat="42.94361832551658" lon="-72.23897667601705">
        <ele>221</ele>
      </trkpt>
      <trkpt lat="42.94367331080139" lon="-72.23878162913024">
        <ele>223</ele>
      </trkpt>
      <trkpt lat="42.94372335076332" lon="-72.2385716624558">
        <ele>224</ele>
      </trkpt>
      <trkpt lat="42.94376668520272" lon="-72.23835834302008">
        <ele>226</ele>
      </trkpt>
      <trkpt lat="42.94380499050021" lon="-72.23813831806183">
        <ele>227</ele>
      </trkpt>
      <trkpt lat="42.94384329579771" lon="-72.23791502416134">
        <ele>229</ele>
      </trkpt>
      <trkpt lat="42.94388336129487" lon="-72.23769667558372">
        <ele>231</ele>
      </trkpt>
      <trkpt lat="42.94393331743777" lon="-72.237483356148">
        <ele>233</ele>
      </trkpt>
      <trkpt lat="42.94398662634194" lon="-72.23728336393833">
        <ele>234</ele>
      </trkpt>
      <trkpt lat="42.94404664076865" lon="-72.23709334619343">
        <ele>235</ele>
      </trkpt>
      <trkpt lat="42.94410833157599" lon="-72.23691162653267">
        <ele>237</ele>
      </trkpt>
      <trkpt lat="42.9441749677062" lon="-72.23673996515572">
        <ele>237</ele>
      </trkpt>
      <trkpt lat="42.94424998573959" lon="-72.23657668568194">
        <ele>238</ele>
      </trkpt>
      <trkpt lat="42.94433497823775" lon="-72.2364232968539">
        <ele>239</ele>
      </trkpt>
      <trkpt lat="42.94442332349718" lon="-72.2362750209868">
        <ele>240</ele>
      </trkpt>
      <trkpt lat="42.94452331960201" lon="-72.23613001406193">
        <ele>241</ele>
      </trkpt>
      <trkpt lat="42.94462331570685" lon="-72.23598668351769">
        <ele>241</ele>
      </trkpt>
      <trkpt lat="42.94473001733422" lon="-72.23584829829633">
        <ele>242</ele>
      </trkpt>
      <trkpt lat="42.94483495876193" lon="-72.23570832051337">
        <ele>242</ele>
      </trkpt>
      <trkpt lat="42.9449416603893" lon="-72.23557169549167">
        <ele>241</ele>
      </trkpt>
      <trkpt lat="42.94505330733955" lon="-72.23544001579285">
        <ele>241</ele>
      </trkpt>
      <trkpt lat="42.94516663067043" lon="-72.23530833609402">
        <ele>243</ele>
      </trkpt>
      <trkpt lat="42.94527500867844" lon="-72.23517162725329">
        <ele>244</ele>
      </trkpt>
      <trkpt lat="42.94538497924805" lon="-72.23504170775414">
        <ele>245</ele>
      </trkpt>
      <trkpt lat="42.94549662619829" lon="-72.23490835167468">
        <ele>246</ele>
      </trkpt>
      <trkpt lat="42.94561162590981" lon="-72.23478497005999">
        <ele>247</ele>
      </trkpt>
      <trkpt lat="42.94572503305972" lon="-72.23466670140624">
        <ele>247</ele>
      </trkpt>
      <trkpt lat="42.94582997448742" lon="-72.23455002531409">
        <ele>248</ele>
      </trkpt>
      <trkpt lat="42.9462369158864" lon="-72.23414073698223">
        <ele>251</ele>
      </trkpt>
      <trkpt lat="42.94652299024165" lon="-72.23400151357055">
        <ele>251</ele>
      </trkpt>
      <trkpt lat="42.9467467032373" lon="-72.23390663042665">
        <ele>251</ele>
      </trkpt>
      <trkpt lat="42.94700503349304" lon="-72.23382834345102">
        <ele>251</ele>
      </trkpt>
      <trkpt lat="42.94713662937284" lon="-72.23378668539226">
        <ele>251</ele>
      </trkpt>
      <trkpt lat="42.9473733343184" lon="-72.23371334373951">
        <ele>252</ele>
      </trkpt>
      <trkpt lat="42.94754499569535" lon="-72.23366162739694">
        <ele>252</ele>
      </trkpt>
      <trkpt lat="42.94769503176212" lon="-72.23361167125404">
        <ele>253</ele>
      </trkpt>
      <trkpt lat="42.94786996208131" lon="-72.2335616312921">
        <ele>253</ele>
      </trkpt>
      <trkpt lat="42.94803500175476" lon="-72.23350002430379">
        <ele>254</ele>
      </trkpt>
      <trkpt lat="42.94826500117779" lon="-72.23342332988977">
        <ele>255</ele>
      </trkpt>
      <trkpt lat="42.94852333143353" lon="-72.23334998823702">
        <ele>256</ele>
      </trkpt>
      <trkpt lat="42.94866004027426" lon="-72.23331830464303">
        <ele>256</ele>
      </trkpt>
      <trkpt lat="42.9488049633801" lon="-72.23328997381032">
        <ele>257</ele>
      </trkpt>
      <trkpt lat="42.9489566758275" lon="-72.2332717012614">
        <ele>257</ele>
      </trkpt>
      <trkpt lat="42.94911668635905" lon="-72.23324999213219">
        <ele>258</ele>
      </trkpt>
      <trkpt lat="42.94927334412932" lon="-72.233228366822">
        <ele>258</ele>
      </trkpt>
      <trkpt lat="42.94943167828023" lon="-72.23321168683469">
        <ele>258</ele>
      </trkpt>
      <trkpt lat="42.94958330690861" lon="-72.23319835960865">
        <ele>258</ele>
      </trkpt>
      <trkpt lat="42.94973334297538" lon="-72.23318830132484">
        <ele>258</ele>
      </trkpt>
      <trkpt lat="42.94987164437771" lon="-72.23317665047944">
        <ele>257</ele>
      </trkpt>
      <trkpt lat="42.95001329854131" lon="-72.23315829411149">
        <ele>258</ele>
      </trkpt>
      <trkpt lat="42.9501533601433" lon="-72.23312996327877">
        <ele>258</ele>
      </trkpt>
      <trkpt lat="42.9502950143069" lon="-72.2330766543746">
        <ele>259</ele>
      </trkpt>
      <trkpt lat="42.9504316393286" lon="-72.23299836739898">
        <ele>261</ele>
      </trkpt>
      <trkpt lat="42.95056164264679" lon="-72.23290666937828">
        <ele>263</ele>
      </trkpt>
      <trkpt lat="42.95069499872625" lon="-72.23281497135758">
        <ele>265</ele>
      </trkpt>
      <trkpt lat="42.95082332566381" lon="-72.23272830247879">
        <ele>266</ele>
      </trkpt>
      <trkpt lat="42.95095500536263" lon="-72.23265663720667">
        <ele>268</ele>
      </trkpt>
      <trkpt lat="42.95109003782272" lon="-72.23259503021836">
        <ele>269</ele>
      </trkpt>
      <trkpt lat="42.95123001560569" lon="-72.23253669217229">
        <ele>271</ele>
      </trkpt>
      <trkpt lat="42.95137166976929" lon="-72.23247500136495">
        <ele>272</ele>
      </trkpt>
      <trkpt lat="42.95151164755225" lon="-72.23240333609283">
        <ele>274</ele>
      </trkpt>
      <trkpt lat="42.95164332725108" lon="-72.23231666721404">
        <ele>276</ele>
      </trkpt>
      <trkpt lat="42.95177333056927" lon="-72.23221331834793">
        <ele>278</ele>
      </trkpt>
      <trkpt lat="42.95190333388746" lon="-72.23210829310119">
        <ele>280</ele>
      </trkpt>
      <trkpt lat="42.95203166082501" lon="-72.23200502805412">
        <ele>282</ele>
      </trkpt>
      <trkpt lat="42.95215998776257" lon="-72.23190503194928">
        <ele>283</ele>
      </trkpt>
      <trkpt lat="42.95228831470013" lon="-72.23180998116732">
        <ele>285</ele>
      </trkpt>
      <trkpt lat="42.95241664163768" lon="-72.23171836696565">
        <ele>287</ele>
      </trkpt>
      <trkpt lat="42.95254496857524" lon="-72.23163664340973">
        <ele>288</ele>
      </trkpt>
      <trkpt lat="42.95267497189343" lon="-72.2315533272922">
        <ele>290</ele>
      </trkpt>
      <trkpt lat="42.95280002988875" lon="-72.23146330565214">
        <ele>291</ele>
      </trkpt>
      <trkpt lat="42.95292668044567" lon="-72.23138166591525">
        <ele>293</ele>
      </trkpt>
      <trkpt lat="42.95317168347538" lon="-72.23123162984848">
        <ele>295</ele>
      </trkpt>
      <trkpt lat="42.95329498127103" lon="-72.23115501925349">
        <ele>296</ele>
      </trkpt>
      <trkpt lat="42.95342003926635" lon="-72.2310749720782">
        <ele>297</ele>
      </trkpt>
      <trkpt lat="42.95355163514614" lon="-72.23099165596068">
        <ele>298</ele>
      </trkpt>
      <trkpt lat="42.9536849912256" lon="-72.23090498708189">
        <ele>299</ele>
      </trkpt>
      <trkpt lat="42.95381667092443" lon="-72.23081831820309">
        <ele>300</ele>
      </trkpt>
      <trkpt lat="42.95393829233944" lon="-72.23072997294366">
        <ele>301</ele>
      </trkpt>
      <trkpt lat="42.95417164452374" lon="-72.23055001348257">
        <ele>303</ele>
      </trkpt>
      <trkpt lat="42.95428169891238" lon="-72.23044163547456">
        <ele>304</ele>
      </trkpt>
      <trkpt lat="42.95438664034009" lon="-72.23032169044018">
        <ele>305</ele>
      </trkpt>
      <trkpt lat="42.95449166558683" lon="-72.23019503988326">
        <ele>307</ele>
      </trkpt>
      <trkpt lat="42.95458168722689" lon="-72.23005665466189">
        <ele>309</ele>
      </trkpt>
      <trkpt lat="42.95466667972505" lon="-72.22991164773703">
        <ele>310</ele>
      </trkpt>
      <trkpt lat="42.95474664308131" lon="-72.22976169548929">
        <ele>312</ele>
      </trkpt>
      <trkpt lat="42.95491830445826" lon="-72.22948165610433">
        <ele>314</ele>
      </trkpt>
      <trkpt lat="42.95511335134506" lon="-72.22924000583589">
        <ele>316</ele>
      </trkpt>
      <trkpt lat="42.9553066380322" lon="-72.229018304497">
        <ele>316</ele>
      </trkpt>
      <trkpt lat="42.95548332855105" lon="-72.2287783306092">
        <ele>316</ele>
      </trkpt>
      <trkpt lat="42.95568332076073" lon="-72.22855830565095">
        <ele>316</ele>
      </trkpt>
      <trkpt lat="42.95590996742249" lon="-72.22836166620255">
        <ele>316</ele>
      </trkpt>
      <trkpt lat="42.9560350254178" lon="-72.22828329540789">
        <ele>316</ele>
      </trkpt>
      <trkpt lat="42.95626829378307" lon="-72.22814834676683">
        <ele>316</ele>
      </trkpt>
      <trkpt lat="42.95648999512196" lon="-72.22802169620991">
        <ele>316</ele>
      </trkpt>
      <trkpt lat="42.95673667453229" lon="-72.22788331098855">
        <ele>316</ele>
      </trkpt>
      <trkpt lat="42.95686500146985" lon="-72.22780670039356">
        <ele>317</ele>
      </trkpt>
      <trkpt lat="42.95700162649155" lon="-72.22773000597954">
        <ele>318</ele>
      </trkpt>
      <trkpt lat="42.95714001171291" lon="-72.22765498794615">
        <ele>319</ele>
      </trkpt>
      <trkpt lat="42.95727831311524" lon="-72.22757829353213">
        <ele>320</ele>
      </trkpt>
      <trkpt lat="42.95741502195597" lon="-72.22749665379524">
        <ele>321</ele>
      </trkpt>
      <trkpt lat="42.95755164697766" lon="-72.22741333767772">
        <ele>322</ele>
      </trkpt>
      <trkpt lat="42.95768835581839" lon="-72.22732666879892">
        <ele>323</ele>
      </trkpt>
      <trkpt lat="42.95782162807882" lon="-72.2272383235395">
        <ele>324</ele>
      </trkpt>
      <trkpt lat="42.95795330777764" lon="-72.22715333104134">
        <ele>325</ele>
      </trkpt>
      <trkpt lat="42.95807836577296" lon="-72.22707336768508">
        <ele>326</ele>
      </trkpt>
      <trkpt lat="42.95832999050617" lon="-72.22692836076021">
        <ele>327</ele>
      </trkpt>
      <trkpt lat="42.95858002267778" lon="-72.22682333551347">
        <ele>330</ele>
      </trkpt>
      <trkpt lat="42.95882997103035" lon="-72.22675167024136">
        <ele>331</ele>
      </trkpt>
      <trkpt lat="42.959093330428" lon="-72.22671168856323">
        <ele>333</ele>
      </trkpt>
      <trkpt lat="42.95923003926873" lon="-72.22669500857592">
        <ele>334</ele>
      </trkpt>
      <trkpt lat="42.95936666429043" lon="-72.2266732994467">
        <ele>336</ele>
      </trkpt>
      <trkpt lat="42.95950831845403" lon="-72.22664169967175">
        <ele>338</ele>
      </trkpt>
      <trkpt lat="42.95964670367539" lon="-72.22661169245839">
        <ele>340</ele>
      </trkpt>
      <trkpt lat="42.95990997925401" lon="-72.22650331445038">
        <ele>343</ele>
      </trkpt>
      <trkpt lat="42.96003168448806" lon="-72.22641832195222">
        <ele>345</ele>
      </trkpt>
      <trkpt lat="42.96013997867703" lon="-72.22629829309881">
        <ele>346</ele>
      </trkpt>
      <trkpt lat="42.96030996367335" lon="-72.22601666115224">
        <ele>348</ele>
      </trkpt>
      <trkpt lat="42.96049998141825" lon="-72.22574835643172">
        <ele>351</ele>
      </trkpt>
      <trkpt lat="42.9606116283685" lon="-72.2256217058748">
        <ele>352</ele>
      </trkpt>
      <trkpt lat="42.9607200063765" lon="-72.22550502978265">
        <ele>352</ele>
      </trkpt>
      <trkpt lat="42.96082997694612" lon="-72.22538667730987">
        <ele>353</ele>
      </trkpt>
      <trkpt lat="42.96094003133476" lon="-72.22527167759836">
        <ele>354</ele>
      </trkpt>
      <trkpt lat="42.9610466491431" lon="-72.22515332512558">
        <ele>355</ele>
      </trkpt>
      <trkpt lat="42.96124664135277" lon="-72.22494168207049">
        <ele>357</ele>
      </trkpt>
      <trkpt lat="42.96144504100084" lon="-72.22477831877768">
        <ele>359</ele>
      </trkpt>
      <trkpt lat="42.96166833490133" lon="-72.22464496269822">
        <ele>361</ele>
      </trkpt>
      <trkpt lat="42.96189330518246" lon="-72.22452837042511">
        <ele>362</ele>
      </trkpt>
      <trkpt lat="42.96205666847527" lon="-72.22441169433296">
        <ele>362</ele>
      </trkpt>
      <trkpt lat="42.96213336288929" lon="-72.2242299746722">
        <ele>363</ele>
      </trkpt>
      <trkpt lat="42.9621399845928" lon="-72.22397834993899">
        <ele>365</ele>
      </trkpt>
      <trkpt lat="42.96217334456742" lon="-72.22368330694735">
        <ele>366</ele>
      </trkpt>
      <trkpt lat="42.962238304317" lon="-72.22340167500079">
        <ele>368</ele>
      </trkpt>
      <trkpt lat="42.96231164596975" lon="-72.22312666475773">
        <ele>371</ele>
      </trkpt>
      <trkpt lat="42.96238666400313" lon="-72.22284997813404">
        <ele>374</ele>
      </trkpt>
      <trkpt lat="42.96245330013335" lon="-72.2225583717227">
        <ele>377</ele>
      </trkpt>
      <trkpt lat="42.96252337284386" lon="-72.22226332873106">
        <ele>382</ele>
      </trkpt>
      <trkpt lat="42.96260165981948" lon="-72.22197834402323">
        <ele>386</ele>
      </trkpt>
      <trkpt lat="42.96266670338809" lon="-72.22171003930271">
        <ele>390</ele>
      </trkpt>
      <trkpt lat="42.9627216886729" lon="-72.22144165076315">
        <ele>393</ele>
      </trkpt>
      <trkpt lat="42.96277835033834" lon="-72.22116831690073">
        <ele>396</ele>
      </trkpt>
      <trkpt lat="42.96284004114568" lon="-72.2208883613348">
        <ele>399</ele>
      </trkpt>
      <trkpt lat="42.96289997175336" lon="-72.22060496918857">
        <ele>402</ele>
      </trkpt>
      <trkpt lat="42.9629550408572" lon="-72.22031998448074">
        <ele>405</ele>
      </trkpt>
      <trkpt lat="42.9629999678582" lon="-72.22003499977291">
        <ele>408</ele>
      </trkpt>
      <trkpt lat="42.96303165145218" lon="-72.21974833868444">
        <ele>408</ele>
      </trkpt>
      <trkpt lat="42.96305168420076" lon="-72.21944164484739">
        <ele>409</ele>
      </trkpt>
      <trkpt lat="42.96307666227221" lon="-72.21913168206811">
        <ele>409</ele>
      </trkpt>
      <trkpt lat="42.9631033167243" lon="-72.21881836652756">
        <ele>411</ele>
      </trkpt>
      <trkpt lat="42.96312334947288" lon="-72.21851670183241">
        <ele>412</ele>
      </trkpt>
      <trkpt lat="42.96313164755702" lon="-72.21825166605413">
        <ele>413</ele>
      </trkpt>
      <trkpt lat="42.96312502585351" lon="-72.21798000857234">
        <ele>414</ele>
      </trkpt>
      <trkpt lat="42.96312334947288" lon="-72.21770835109055">
        <ele>414</ele>
      </trkpt>
      <trkpt lat="42.96312502585351" lon="-72.21742169000208">
        <ele>415</ele>
      </trkpt>
      <trkpt lat="42.96312502585351" lon="-72.21712832339108">
        <ele>415</ele>
      </trkpt>
      <trkpt lat="42.96311999671161" lon="-72.21682833507657">
        <ele>415</ele>
      </trkpt>
      <trkpt lat="42.96312829479575" lon="-72.2165366448462">
        <ele>415</ele>
      </trkpt>
      <trkpt lat="42.96314497478306" lon="-72.21626834012568">
        <ele>415</ele>
      </trkpt>
      <trkpt lat="42.96317665837705" lon="-72.21599668264389">
        <ele>414</ele>
      </trkpt>
      <trkpt lat="42.96323164366186" lon="-72.21568998880684">
        <ele>415</ele>
      </trkpt>
      <trkpt lat="42.96330163255334" lon="-72.21540165133774">
        <ele>418</ele>
      </trkpt>
      <trkpt lat="42.96335502527654" lon="-72.21512664109468">
        <ele>422</ele>
      </trkpt>
      <trkpt lat="42.96340003609657" lon="-72.21483662724495">
        <ele>424</ele>
      </trkpt>
      <trkpt lat="42.96345669776201" lon="-72.21453999169171">
        <ele>426</ele>
      </trkpt>
      <trkpt lat="42.963533308357" lon="-72.21425333060324">
        <ele>427</ele>
      </trkpt>
      <trkpt lat="42.96362165361643" lon="-72.21395334228873">
        <ele>429</ele>
      </trkpt>
      <trkpt lat="42.96372667886317" lon="-72.21367665566504">
        <ele>430</ele>
      </trkpt>
      <trkpt lat="42.96382332220674" lon="-72.21344003453851">
        <ele>431</ele>
      </trkpt>
      <trkpt lat="42.96385668218136" lon="-72.21322663128376">
        <ele>431</ele>
      </trkpt>
      <trkpt lat="42.96386003494263" lon="-72.2129933629185">
        <ele>432</ele>
      </trkpt>
      <trkpt lat="42.96387168578804" lon="-72.21270334906876">
        <ele>433</ele>
      </trkpt>
      <trkpt lat="42.96387998387218" lon="-72.21242163330317">
        <ele>434</ele>
      </trkpt>
      <trkpt lat="42.96389834024012" lon="-72.21217336133122">
        <ele>435</ele>
      </trkpt>
      <trkpt lat="42.96389834024012" lon="-72.21194830723107">
        <ele>436</ele>
      </trkpt>
      <trkpt lat="42.96390336938202" lon="-72.21170162782073">
        <ele>437</ele>
      </trkpt>
      <trkpt lat="42.96383664943278" lon="-72.21152502112091">
        <ele>437</ele>
      </trkpt>
      <trkpt lat="42.96370170079172" lon="-72.21129996702075">
        <ele>435</ele>
      </trkpt>
      <trkpt lat="42.96360665000975" lon="-72.21111833117902">
        <ele>433</ele>
      </trkpt>
      <trkpt lat="42.96353003941476" lon="-72.21093334257603">
        <ele>432</ele>
      </trkpt>
      <trkpt lat="42.96350497752428" lon="-72.21072169952095">
        <ele>430</ele>
      </trkpt>
      <trkpt lat="42.96350665390491" lon="-72.21047166734934">
        <ele>427</ele>
      </trkpt>
      <trkpt lat="42.96351830475032" lon="-72.21023999154568">
        <ele>425</ele>
      </trkpt>
      <trkpt lat="42.96350833028555" lon="-72.21003329381347">
        <ele>423</ele>
      </trkpt>
      <trkpt lat="42.9634783230722" lon="-72.20982165075839">
        <ele>420</ele>
      </trkpt>
      <trkpt lat="42.96344337053597" lon="-72.20959668047726">
        <ele>418</ele>
      </trkpt>
      <trkpt lat="42.96342669054866" lon="-72.20937162637711">
        <ele>416</ele>
      </trkpt>
      <trkpt lat="42.96340833418071" lon="-72.20914162695408">
        <ele>414</ele>
      </trkpt>
      <trkpt lat="42.9633916541934" lon="-72.20888832584023">
        <ele>413</ele>
      </trkpt>
      <trkpt lat="42.96341830864549" lon="-72.20863334834576">
        <ele>412</ele>
      </trkpt>
      <trkpt lat="42.96344169415534" lon="-72.20837501809001">
        <ele>411</ele>
      </trkpt>
      <trkpt lat="42.96341830864549" lon="-72.20813496038318">
        <ele>411</ele>
      </trkpt>
      <trkpt lat="42.96336332336068" lon="-72.20789833925664">
        <ele>411</ele>
      </trkpt>
      <trkpt lat="42.9632883053273" lon="-72.20767831429839">
        <ele>412</ele>
      </trkpt>
      <trkpt lat="42.96319996006787" lon="-72.20745669677854">
        <ele>412</ele>
      </trkpt>
      <trkpt lat="42.96311496756971" lon="-72.20721496269107">
        <ele>411</ele>
      </trkpt>
      <trkpt lat="42.96304330229759" lon="-72.20696995966136">
        <ele>410</ele>
      </trkpt>
      <trkpt lat="42.96297834254801" lon="-72.2067800257355">
        <ele>409</ele>
      </trkpt>
      <trkpt lat="42.96289335004985" lon="-72.20661666244268">
        <ele>408</ele>
      </trkpt>
      <trkpt lat="42.96281162649393" lon="-72.20646662637591">
        <ele>406</ele>
      </trkpt>
      <trkpt lat="42.96272336505353" lon="-72.20630502328277">
        <ele>405</ele>
      </trkpt>
      <trkpt lat="42.9626233689487" lon="-72.20614501275122">
        <ele>404</ele>
      </trkpt>
      <trkpt lat="42.96252337284386" lon="-72.20595834776759">
        <ele>403</ele>
      </trkpt>
      <trkpt lat="42.96239336952567" lon="-72.20574335195124">
        <ele>401</ele>
      </trkpt>
      <trkpt lat="42.96229337342083" lon="-72.2055349778384">
        <ele>399</ele>
      </trkpt>
      <trkpt lat="42.96222330071032" lon="-72.20536164008081">
        <ele>397</ele>
      </trkpt>
      <trkpt lat="42.96214166097343" lon="-72.20521336421371">
        <ele>396</ele>
      </trkpt>
      <trkpt lat="42.96201333403587" lon="-72.20506332814693">
        <ele>395</ele>
      </trkpt>
      <trkpt lat="42.96187997795641" lon="-72.20495168119669">
        <ele>394</ele>
      </trkpt>
      <trkpt lat="42.96174335293472" lon="-72.20486333593726">
        <ele>395</ele>
      </trkpt>
      <trkpt lat="42.96160664409399" lon="-72.20479669980705">
        <ele>395</ele>
      </trkpt>
      <trkpt lat="42.96146498993039" lon="-72.20474665984511">
        <ele>396</ele>
      </trkpt>
      <trkpt lat="42.96132333576679" lon="-72.20466669648886">
        <ele>397</ele>
      </trkpt>
      <trkpt lat="42.96116835437715" lon="-72.20458497293293">
        <ele>398</ele>
      </trkpt>
      <trkpt lat="42.96101496554911" lon="-72.20446670427918">
        <ele>400</ele>
      </trkpt>
      <trkpt lat="42.96086501330137" lon="-72.2043433226645">
        <ele>401</ele>
      </trkpt>
      <trkpt lat="42.96073165722191" lon="-72.20423502847552">
        <ele>403</ele>
      </trkpt>
      <trkpt lat="42.96061003580689" lon="-72.2040983196348">
        <ele>405</ele>
      </trkpt>
      <trkpt lat="42.96047835610807" lon="-72.20396999269724">
        <ele>407</ele>
      </trkpt>
      <trkpt lat="42.96032664366066" lon="-72.20386002212763">
        <ele>410</ele>
      </trkpt>
      <trkpt lat="42.96013997867703" lon="-72.20375834964216">
        <ele>413</ele>
      </trkpt>
      <trkpt lat="42.95996001921594" lon="-72.20365332439542">
        <ele>416</ele>
      </trkpt>
      <trkpt lat="42.95978165231645" lon="-72.20356330275536">
        <ele>418</ele>
      </trkpt>
      <trkpt lat="42.9596150200814" lon="-72.203488368541">
        <ele>420</ele>
      </trkpt>
      <trkpt lat="42.95945668593049" lon="-72.20344335772097">
        <ele>422</ele>
      </trkpt>
      <trkpt lat="42.95929835177958" lon="-72.2033916413784">
        <ele>424</ele>
      </trkpt>
      <trkpt lat="42.95913331210613" lon="-72.20332835800946">
        <ele>425</ele>
      </trkpt>
      <trkpt lat="42.95896835625172" lon="-72.20331335440278">
        <ele>428</ele>
      </trkpt>
      <trkpt lat="42.958799963817" lon="-72.20332835800946">
        <ele>430</ele>
      </trkpt>
      <trkpt lat="42.95865001156926" lon="-72.20338996499777">
        <ele>432</ele>
      </trkpt>
      <trkpt lat="42.95849997550249" lon="-72.20342164859176">
        <ele>435</ele>
      </trkpt>
      <trkpt lat="42.95833837240934" lon="-72.20342835411429">
        <ele>437</ele>
      </trkpt>
      <trkpt lat="42.95817165635526" lon="-72.20344168134034">
        <ele>438</ele>
      </trkpt>
      <trkpt lat="42.95801835134625" lon="-72.20345165580511">
        <ele>440</ele>
      </trkpt>
      <trkpt lat="42.95786999166012" lon="-72.20346833579242">
        <ele>441</ele>
      </trkpt>
      <trkpt lat="42.95771501027048" lon="-72.20347168855369">
        <ele>442</ele>
      </trkpt>
      <trkpt lat="42.95757662504911" lon="-72.203488368541">
        <ele>444</ele>
      </trkpt>
      <trkpt lat="42.95744000002742" lon="-72.20348501577973">
        <ele>444</ele>
      </trkpt>
      <trkpt lat="42.95729331672192" lon="-72.20346665941179">
        <ele>444</ele>
      </trkpt>
      <trkpt lat="42.95710665173829" lon="-72.20347504131496">
        <ele>445</ele>
      </trkpt>
      <trkpt lat="42.95694664120674" lon="-72.20331000164151">
        <ele>445</ele>
      </trkpt>
      <trkpt lat="42.95690163038671" lon="-72.20309165306389">
        <ele>444</ele>
      </trkpt>
      <trkpt lat="42.95706499367952" lon="-72.20295997336507">
        <ele>443</ele>
      </trkpt>
      <trkpt lat="42.95721000060439" lon="-72.2028683591634">
        <ele>441</ele>
      </trkpt>
      <trkpt lat="42.95733497478068" lon="-72.2027716320008">
        <ele>440</ele>
      </trkpt>
      <trkpt lat="42.95746330171824" lon="-72.20256837084889">
        <ele>436</ele>
      </trkpt>
      <trkpt lat="42.95753169804811" lon="-72.20232001505792">
        <ele>435</ele>
      </trkpt>
      <trkpt lat="42.95763663947582" lon="-72.20209336839616">
        <ele>434</ele>
      </trkpt>
      <trkpt lat="42.95772498473525" lon="-72.20192170701921">
        <ele>433</ele>
      </trkpt>
      <trkpt lat="42.95776664279401" lon="-72.20164669677615">
        <ele>433</ele>
      </trkpt>
      <trkpt lat="42.9577499628067" lon="-72.20143002457917">
        <ele>432</ele>
      </trkpt>
      <trkpt lat="42.95776496641338" lon="-72.20122500322759">
        <ele>430</ele>
      </trkpt>
      <trkpt lat="42.95783830806613" lon="-72.20103666186333">
        <ele>428</ele>
      </trkpt>
      <trkpt lat="42.95794668607414" lon="-72.20082501880825">
        <ele>426</ele>
      </trkpt>
      <trkpt lat="42.95806000940502" lon="-72.2006216738373">
        <ele>425</ele>
      </trkpt>
      <trkpt lat="42.95814667828381" lon="-72.20044003799558">
        <ele>423</ele>
      </trkpt>
      <trkpt lat="42.95822496525943" lon="-72.20028832554817">
        <ele>423</ele>
      </trkpt>
      <trkpt lat="42.95831833966076" lon="-72.20007165335119">
        <ele>422</ele>
      </trkpt>
      <trkpt lat="42.95836335048079" lon="-72.19987333752215">
        <ele>421</ele>
      </trkpt>
      <trkpt lat="42.95842663384974" lon="-72.19965163618326">
        <ele>420</ele>
      </trkpt>
      <trkpt lat="42.9585166554898" lon="-72.19949833117425">
        <ele>419</ele>
      </trkpt>
      <trkpt lat="42.95861665159464" lon="-72.19928836449981">
        <ele>419</ele>
      </trkpt>
      <trkpt lat="42.95870332047343" lon="-72.19906004145741">
        <ele>419</ele>
      </trkpt>
      <trkpt lat="42.95879501849413" lon="-72.19882501289248">
        <ele>420</ele>
      </trkpt>
      <trkpt lat="42.95887162908912" lon="-72.19862502068281">
        <ele>420</ele>
      </trkpt>
      <trkpt lat="42.95896165072918" lon="-72.19843835569918">
        <ele>420</ele>
      </trkpt>
      <trkpt lat="42.95906332321465" lon="-72.19825998879969">
        <ele>421</ele>
      </trkpt>
      <trkpt lat="42.95915502123535" lon="-72.19808832742274">
        <ele>421</ele>
      </trkpt>
      <trkpt lat="42.95923666097224" lon="-72.19793669879436">
        <ele>422</ele>
      </trkpt>
      <trkpt lat="42.95933330431581" lon="-72.19779496081173">
        <ele>423</ele>
      </trkpt>
      <trkpt lat="42.95945500954986" lon="-72.19764836132526">
        <ele>424</ele>
      </trkpt>
      <trkpt lat="42.95958333648741" lon="-72.19750167801976">
        <ele>424</ele>
      </trkpt>
      <trkpt lat="42.95970663428307" lon="-72.19739170745015">
        <ele>424</ele>
      </trkpt>
      <trkpt lat="42.95981836505234" lon="-72.19724996946752">
        <ele>424</ele>
      </trkpt>
      <trkpt lat="42.95992498286068" lon="-72.19707663170993">
        <ele>423</ele>
      </trkpt>
      <trkpt lat="42.9600399825722" lon="-72.19690002501011">
        <ele>423</ele>
      </trkpt>
      <trkpt lat="42.96015162952244" lon="-72.19671830534935">
        <ele>423</ele>
      </trkpt>
      <trkpt lat="42.9602300003171" lon="-72.19652837142348">
        <ele>422</ele>
      </trkpt>
      <trkpt lat="42.96026998199522" lon="-72.19634832814336">
        <ele>421</ele>
      </trkpt>
      <trkpt lat="42.96028833836317" lon="-72.19611497595906">
        <ele>421</ele>
      </trkpt>
      <trkpt lat="42.96034667640924" lon="-72.19589000567794">
        <ele>420</ele>
      </trkpt>
      <trkpt lat="42.96039001084864" lon="-72.19566000625491">
        <ele>418</ele>
      </trkpt>
      <trkpt lat="42.96042831614614" lon="-72.19540670514107">
        <ele>416</ele>
      </trkpt>
      <trkpt lat="42.96043669804931" lon="-72.19521501101553">
        <ele>414</ele>
      </trkpt>
      <trkpt lat="42.96045664697886" lon="-72.1949799824506">
        <ele>413</ele>
      </trkpt>
      <trkpt lat="42.96048833057284" lon="-72.19478166662157">
        <ele>412</ele>
      </trkpt>
      <trkpt lat="42.96051330864429" lon="-72.1945433691144">
        <ele>412</ele>
      </trkpt>
      <trkpt lat="42.96055664308369" lon="-72.19427003525198">
        <ele>411</ele>
      </trkpt>
      <trkpt lat="42.96059335581958" lon="-72.19407834112644">
        <ele>411</ele>
      </trkpt>
      <trkpt lat="42.96063132584095" lon="-72.19347987323999">
        <ele>417</ele>
      </trkpt>
      <trkpt lat="42.96072931028903" lon="-72.19314116053283">
        <ele>419</ele>
      </trkpt>
      <trkpt lat="42.96078169718385" lon="-72.19290831126273">
        <ele>420</ele>
      </trkpt>
      <trkpt lat="42.96084665693343" lon="-72.19270496629179">
        <ele>421</ele>
      </trkpt>
      <trkpt lat="42.96091999858618" lon="-72.19253833405674">
        <ele>421</ele>
      </trkpt>
      <trkpt lat="42.96099501661956" lon="-72.19237832352519">
        <ele>421</ele>
      </trkpt>
      <trkpt lat="42.96105670742691" lon="-72.19218662939966">
        <ele>420</ele>
      </trkpt>
      <trkpt lat="42.96110163442791" lon="-72.19199669547379">
        <ele>421</ele>
      </trkpt>
      <trkpt lat="42.96112501993775" lon="-72.19175336882472">
        <ele>421</ele>
      </trkpt>
      <trkpt lat="42.96113164164126" lon="-72.19153996556997">
        <ele>423</ele>
      </trkpt>
      <trkpt lat="42.96115829609334" lon="-72.19130502082407">
        <ele>426</ele>
      </trkpt>
      <trkpt lat="42.96120665967464" lon="-72.19112330116332">
        <ele>428</ele>
      </trkpt>
      <trkpt lat="42.96125996857882" lon="-72.19094334170222">
        <ele>430</ele>
      </trkpt>
      <trkpt lat="42.96131336130202" lon="-72.1907632984221">
        <ele>432</ele>
      </trkpt>
      <trkpt lat="42.96138670295477" lon="-72.19060337170959">
        <ele>433</ele>
      </trkpt>
      <trkpt lat="42.96148996800184" lon="-72.1904366556555">
        <ele>434</ele>
      </trkpt>
      <trkpt lat="42.96159834600985" lon="-72.19028997235">
        <ele>435</ele>
      </trkpt>
      <trkpt lat="42.96171669848263" lon="-72.19009165652096">
        <ele>436</ele>
      </trkpt>
      <trkpt lat="42.96179666183889" lon="-72.1898599807173">
        <ele>437</ele>
      </trkpt>
      <trkpt lat="42.96184829436243" lon="-72.1896149776876">
        <ele>439</ele>
      </trkpt>
      <trkpt lat="42.96188165433705" lon="-72.18943334184587">
        <ele>441</ele>
      </trkpt>
      <trkpt lat="42.96192163601518" lon="-72.18924835324287">
        <ele>442</ele>
      </trkpt>
      <trkpt lat="42.96196999959648" lon="-72.18905330635607">
        <ele>443</ele>
      </trkpt>
      <trkpt lat="42.96201668679714" lon="-72.18881668522954">
        <ele>445</ele>
      </trkpt>
      <trkpt lat="42.96206169761717" lon="-72.18857830390334">
        <ele>448</ele>
      </trkpt>
      <trkpt lat="42.96210830099881" lon="-72.18836498446763">
        <ele>449</ele>
      </trkpt>
      <trkpt lat="42.96211835928261" lon="-72.18817496672273">
        <ele>451</ele>
      </trkpt>
      <trkpt lat="42.96212498098612" lon="-72.18796164728701">
        <ele>452</ele>
      </trkpt>
      <trkpt lat="42.96213503926992" lon="-72.18773500062525">
        <ele>453</ele>
      </trkpt>
      <trkpt lat="42.96215834096074" lon="-72.18751170672476">
        <ele>455</ele>
      </trkpt>
      <trkpt lat="42.96218164265156" lon="-72.18729997985065">
        <ele>454</ele>
      </trkpt>
      <trkpt lat="42.96221835538745" lon="-72.18711163848639">
        <ele>454</ele>
      </trkpt>
      <trkpt lat="42.96226495876908" lon="-72.18688666820526">
        <ele>454</ele>
      </trkpt>
      <trkpt lat="42.96229664236307" lon="-72.18667167238891">
        <ele>454</ele>
      </trkpt>
      <trkpt lat="42.96233830042183" lon="-72.18644167296588">
        <ele>453</ele>
      </trkpt>
      <trkpt lat="42.96239831484854" lon="-72.18621334992349">
        <ele>452</ele>
      </trkpt>
      <trkpt lat="42.96247333288193" lon="-72.18597329221666">
        <ele>452</ele>
      </trkpt>
      <trkpt lat="42.9625367000699" lon="-72.18572669662535">
        <ele>452</ele>
      </trkpt>
      <trkpt lat="42.96257668174803" lon="-72.18550834804773">
        <ele>453</ele>
      </trkpt>
      <trkpt lat="42.96264164149761" lon="-72.18524163588881">
        <ele>453</ele>
      </trkpt>
      <trkpt lat="42.96270165592432" lon="-72.18502999283373">
        <ele>454</ele>
      </trkpt>
      <trkpt lat="42.96276167035103" lon="-72.18479664064944">
        <ele>455</ele>
      </trkpt>
      <trkpt lat="42.96280332840979" lon="-72.18459170311689">
        <ele>456</ele>
      </trkpt>
      <trkpt lat="42.96281833201647" lon="-72.18439330346882">
        <ele>457</ele>
      </trkpt>
      <trkpt lat="42.96285663731396" lon="-72.18411502428353">
        <ele>458</ele>
      </trkpt>
      <trkpt lat="42.96289335004985" lon="-72.18390329740942">
        <ele>459</ele>
      </trkpt>
      <trkpt lat="42.96293668448925" lon="-72.18366667628288">
        <ele>460</ele>
      </trkpt>
      <trkpt lat="42.96298664063215" lon="-72.18344665132463">
        <ele>462</ele>
      </trkpt>
      <trkpt lat="42.96309334225953" lon="-72.18322662636638">
        <ele>462</ele>
      </trkpt>
      <trkpt lat="42.96321001835167" lon="-72.1830149833113">
        <ele>461</ele>
      </trkpt>
      <trkpt lat="42.96328000724316" lon="-72.18284499831498">
        <ele>460</ele>
      </trkpt>
      <trkpt lat="42.96336164698005" lon="-72.18266998417675">
        <ele>459</ele>
      </trkpt>
      <trkpt lat="42.96347002498806" lon="-72.18249497003853">
        <ele>459</ele>
      </trkpt>
      <trkpt lat="42.96362668275833" lon="-72.18233336694539">
        <ele>458</ele>
      </trkpt>
      <trkpt lat="42.96379666775465" lon="-72.18220830895007">
        <ele>458</ele>
      </trkpt>
      <trkpt lat="42.96391669660807" lon="-72.1820633020252">
        <ele>457</ele>
      </trkpt>
      <trkpt lat="42.96400998719037" lon="-72.18191829510033">
        <ele>456</ele>
      </trkpt>
      <trkpt lat="42.96413663774729" lon="-72.18178996816278">
        <ele>455</ele>
      </trkpt>
      <trkpt lat="42.96424836851656" lon="-72.18166499398649">
        <ele>454</ele>
      </trkpt>
      <trkpt lat="42.96433998271823" lon="-72.18145167455077">
        <ele>453</ele>
      </trkpt>
      <trkpt lat="42.96445162966847" lon="-72.18122167512774">
        <ele>453</ele>
      </trkpt>
      <trkpt lat="42.96456503681839" lon="-72.18102830462158">
        <ele>452</ele>
      </trkpt>
      <trkpt lat="42.96467836014926" lon="-72.18085169792175">
        <ele>450</ele>
      </trkpt>
      <trkpt lat="42.96478665433824" lon="-72.18070836737752">
        <ele>449</ele>
      </trkpt>
      <trkpt lat="42.96491665765643" lon="-72.18050166964531">
        <ele>447</ele>
      </trkpt>
      <trkpt lat="42.96502662822604" lon="-72.1803433354944">
        <ele>445</ele>
      </trkpt>
      <trkpt lat="42.96513668261468" lon="-72.18020503409207">
        <ele>443</ele>
      </trkpt>
      <trkpt lat="42.96526333317161" lon="-72.18004502356052">
        <ele>442</ele>
      </trkpt>
      <trkpt lat="42.96539668925107" lon="-72.17989498749375">
        <ele>441</ele>
      </trkpt>
      <trkpt lat="42.96547329984605" lon="-72.17974000610411">
        <ele>440</ele>
      </trkpt>
      <trkpt lat="42.96550498344004" lon="-72.17954495921731">
        <ele>439</ele>
      </trkpt>
      <trkpt lat="42.96550498344004" lon="-72.17934831976891">
        <ele>437</ele>
      </trkpt>
      <trkpt lat="42.96552333980799" lon="-72.17910164035857">
        <ele>436</ele>
      </trkpt>
      <trkpt lat="42.96551998704672" lon="-72.17884004116058">
        <ele>435</ele>
      </trkpt>
      <trkpt lat="42.96555996872485" lon="-72.17856335453689">
        <ele>435</ele>
      </trkpt>
      <trkpt lat="42.96563004143536" lon="-72.17836663126945">
        <ele>436</ele>
      </trkpt>
      <trkpt lat="42.96574663370848" lon="-72.17816496267915">
        <ele>436</ele>
      </trkpt>
      <trkpt lat="42.96588166616857" lon="-72.17796999961138">
        <ele>437</ele>
      </trkpt>
      <trkpt lat="42.96599834226072" lon="-72.17780663631856">
        <ele>438</ele>
      </trkpt>
      <trkpt lat="42.96610831283033" lon="-72.17764830216765">
        <ele>439</ele>
      </trkpt>
      <trkpt lat="42.96620503999293" lon="-72.17746163718402">
        <ele>439</ele>
      </trkpt>
      <trkpt lat="42.96629003249109" lon="-72.17726667411625">
        <ele>438</ele>
      </trkpt>
      <trkpt lat="42.96637502498925" lon="-72.17711001634598">
        <ele>438</ele>
      </trkpt>
      <trkpt lat="42.96650997363031" lon="-72.1769100241363">
        <ele>437</ele>
      </trkpt>
      <trkpt lat="42.9665900208056" lon="-72.17673333361745">
        <ele>436</ele>
      </trkpt>
      <trkpt lat="42.96665498055518" lon="-72.17653501778841">
        <ele>435</ele>
      </trkpt>
      <trkpt lat="42.96674164943397" lon="-72.17630669474602">
        <ele>434</ele>
      </trkpt>
      <trkpt lat="42.96680996194482" lon="-72.17614668421447">
        <ele>433</ele>
      </trkpt>
      <trkpt lat="42.96688003465533" lon="-72.17595499008894">
        <ele>432</ele>
      </trkpt>
      <trkpt lat="42.96692496165633" lon="-72.17576832510531">
        <ele>432</ele>
      </trkpt>
      <trkpt lat="42.96695999801159" lon="-72.17557168565691">
        <ele>432</ele>
      </trkpt>
      <trkpt lat="42.9669817071408" lon="-72.17537336982787">
        <ele>432</ele>
      </trkpt>
      <trkpt lat="42.96695664525032" lon="-72.17518670484424">
        <ele>431</ele>
      </trkpt>
      <trkpt lat="42.96690836548805" lon="-72.17487665824592">
        <ele>431</ele>
      </trkpt>
      <trkpt lat="42.96693669632077" lon="-72.17461665160954">
        <ele>432</ele>
      </trkpt>
      <trkpt lat="42.9669766779989" lon="-72.17435169965029">
        <ele>434</ele>
      </trkpt>
      <trkpt lat="42.96699503436685" lon="-72.17409663833678">
        <ele>435</ele>
      </trkpt>
      <trkpt lat="42.9670250415802" lon="-72.17385834082961">
        <ele>436</ele>
      </trkpt>
      <trkpt lat="42.96699830330908" lon="-72.17359003610909">
        <ele>437</ele>
      </trkpt>
      <trkpt lat="42.96698329970241" lon="-72.17335836030543">
        <ele>438</ele>
      </trkpt>
      <trkpt lat="42.96696670353413" lon="-72.17309667728841">
        <ele>437</ele>
      </trkpt>
      <trkpt lat="42.96696502715349" lon="-72.17286835424602">
        <ele>437</ele>
      </trkpt>
      <trkpt lat="42.96696167439222" lon="-72.17261496931314">
        <ele>437</ele>
      </trkpt>
      <trkpt lat="42.96697835437953" lon="-72.17237667180598">
        <ele>438</ele>
      </trkpt>
      <trkpt lat="42.96699335798621" lon="-72.17215002514422">
        <ele>438</ele>
      </trkpt>
      <trkpt lat="42.96701003797352" lon="-72.17191834934056">
        <ele>439</ele>
      </trkpt>
      <trkpt lat="42.96703836880624" lon="-72.17168164439499">
        <ele>440</ele>
      </trkpt>
      <trkpt lat="42.96705001965165" lon="-72.17143999412656">
        <ele>440</ele>
      </trkpt>
      <trkpt lat="42.96708497218788" lon="-72.17119834385812">
        <ele>440</ele>
      </trkpt>
      <trkpt lat="42.96712000854313" lon="-72.17098829336464">
        <ele>440</ele>
      </trkpt>
      <trkpt lat="42.96714833937585" lon="-72.17079668305814">
        <ele>440</ele>
      </trkpt>
      <trkpt lat="42.96718999743462" lon="-72.1705933380872">
        <ele>439</ele>
      </trkpt>
      <trkpt lat="42.96724498271942" lon="-72.17041664756835">
        <ele>439</ele>
      </trkpt>
      <trkpt lat="42.96729334630072" lon="-72.17022000811994">
        <ele>439</ele>
      </trkpt>
      <trkpt lat="42.96732502989471" lon="-72.16997500509024">
        <ele>439</ele>
      </trkpt>
      <trkpt lat="42.96735998243093" lon="-72.16975330375135">
        <ele>438</ele>
      </trkpt>
      <trkpt lat="42.96741664409637" lon="-72.16949170455337">
        <ele>438</ele>
      </trkpt>
      <trkpt lat="42.96745335683227" lon="-72.1692983340472">
        <ele>438</ele>
      </trkpt>
      <trkpt lat="42.96750834211707" lon="-72.16911166906357">
        <ele>438</ele>
      </trkpt>
      <trkpt lat="42.96756835654378" lon="-72.16893330216408">
        <ele>438</ele>
      </trkpt>
      <trkpt lat="42.96765997074544" lon="-72.16875669546425">
        <ele>439</ele>
      </trkpt>
      <trkpt lat="42.96775837428868" lon="-72.16859333217144">
        <ele>440</ele>
      </trkpt>
      <trkpt lat="42.96785996295512" lon="-72.16845503076911">
        <ele>440</ele>
      </trkpt>
      <trkpt lat="42.96799834817648" lon="-72.16833667829633">
        <ele>441</ele>
      </trkpt>
      <trkpt lat="42.96810002066195" lon="-72.16821002773941">
        <ele>442</ele>
      </trkpt>
      <trkpt lat="42.96822164207697" lon="-72.16805496253073">
        <ele>443</ele>
      </trkpt>
      <trkpt lat="42.96835332177579" lon="-72.1679100394249">
        <ele>443</ele>
      </trkpt>
      <trkpt lat="42.96847167424858" lon="-72.16774499975145">
        <ele>444</ele>
      </trkpt>
      <trkpt lat="42.96857167035341" lon="-72.16757501475513">
        <ele>444</ele>
      </trkpt>
      <trkpt lat="42.96865666285157" lon="-72.16738667339087">
        <ele>444</ele>
      </trkpt>
      <trkpt lat="42.96872329898179" lon="-72.16722331009805">
        <ele>445</ele>
      </trkpt>
      <trkpt lat="42.96876998618245" lon="-72.16704670339823">
        <ele>446</ele>
      </trkpt>
      <trkpt lat="42.96882497146726" lon="-72.16680496931076">
        <ele>446</ele>
      </trkpt>
      <trkpt lat="42.96886662952602" lon="-72.16661168262362">
        <ele>446</ele>
      </trkpt>
      <trkpt lat="42.96889663673937" lon="-72.16636332683265">
        <ele>446</ele>
      </trkpt>
      <trkpt lat="42.96892664395273" lon="-72.16607834212482">
        <ele>446</ele>
      </trkpt>
      <trkpt lat="42.96895329840481" lon="-72.1658549644053">
        <ele>446</ele>
      </trkpt>
      <trkpt lat="42.96896168030798" lon="-72.16563502326608">
        <ele>446</ele>
      </trkpt>
      <trkpt lat="42.96898003667593" lon="-72.16540167108178">
        <ele>447</ele>
      </trkpt>
      <trkpt lat="42.96899168752134" lon="-72.16520167887211">
        <ele>447</ele>
      </trkpt>
      <trkpt lat="42.96900501474738" lon="-72.16494997031987">
        <ele>448</ele>
      </trkpt>
      <trkpt lat="42.96902496367693" lon="-72.16474997811019">
        <ele>449</ele>
      </trkpt>
      <trkpt lat="42.96902337111533" lon="-72.16455333866179">
        <ele>450</ele>
      </trkpt>
      <trkpt lat="42.9690283164382" lon="-72.16434169560671">
        <ele>451</ele>
      </trkpt>
      <trkpt lat="42.96904499642551" lon="-72.16414170339704">
        <ele>452</ele>
      </trkpt>
      <trkpt lat="42.96905497089028" lon="-72.16386501677334">
        <ele>453</ele>
      </trkpt>
      <trkpt lat="42.9690766800195" lon="-72.1636667009443">
        <ele>454</ele>
      </trkpt>
      <trkpt lat="42.96910668723285" lon="-72.16346997767687">
        <ele>455</ele>
      </trkpt>
      <trkpt lat="42.96911498531699" lon="-72.16326663270593">
        <ele>456</ele>
      </trkpt>
      <trkpt lat="42.96911498531699" lon="-72.16307334601879">
        <ele>458</ele>
      </trkpt>
      <trkpt lat="42.96903669834137" lon="-72.16281501576304">
        <ele>460</ele>
      </trkpt>
      <trkpt lat="42.96894500032067" lon="-72.16265668161213">
        <ele>462</ele>
      </trkpt>
      <trkpt lat="42.9687933716923" lon="-72.16250002384186">
        <ele>464</ele>
      </trkpt>
      <trkpt lat="42.96862497925758" lon="-72.16247496195138">
        <ele>465</ele>
      </trkpt>
      <trkpt lat="42.96846002340317" lon="-72.16251670382917">
        <ele>465</ele>
      </trkpt>
      <trkpt lat="42.96832499094307" lon="-72.16258996166289">
        <ele>465</ele>
      </trkpt>
      <trkpt lat="42.96816162765026" lon="-72.16258836910129">
        <ele>466</ele>
      </trkpt>
      <trkpt lat="42.96798502095044" lon="-72.16264000162482">
        <ele>466</ele>
      </trkpt>
      <trkpt lat="42.96781000681221" lon="-72.1627099905163">
        <ele>467</ele>
      </trkpt>
      <trkpt lat="42.96762334182858" lon="-72.16276003047824">
        <ele>468</ele>
      </trkpt>
      <trkpt lat="42.96745168045163" lon="-72.16283001936972">
        <ele>469</ele>
      </trkpt>
      <trkpt lat="42.96727498993278" lon="-72.16292666271329">
        <ele>470</ele>
      </trkpt>
      <trkpt lat="42.96714331023395" lon="-72.16298332437873">
        <ele>470</ele>
      </trkpt>
      <trkpt lat="42.96699168160558" lon="-72.16303001157939">
        <ele>471</ele>
      </trkpt>
      <trkpt lat="42.9668350238353" lon="-72.16306169517338">
        <ele>472</ele>
      </trkpt>
      <trkpt lat="42.96667836606503" lon="-72.16310829855502">
        <ele>472</ele>
      </trkpt>
      <trkpt lat="42.96653000637889" lon="-72.16316169127822">
        <ele>472</ele>
      </trkpt>
      <trkpt lat="42.96636831946671" lon="-72.16321500018239">
        <ele>471</ele>
      </trkpt>
      <trkpt lat="42.96619498170912" lon="-72.16323830187321">
        <ele>471</ele>
      </trkpt>
      <trkpt lat="42.96601502224803" lon="-72.16326168738306">
        <ele>470</ele>
      </trkpt>
      <trkpt lat="42.96587336808443" lon="-72.16327995993197">
        <ele>469</ele>
      </trkpt>
      <trkpt lat="42.96573330648243" lon="-72.16330669820309">
        <ele>469</ele>
      </trkpt>
      <trkpt lat="42.96552166342735" lon="-72.16330166906118">
        <ele>468</ele>
      </trkpt>
      <trkpt lat="42.9653449729085" lon="-72.16325833462179">
        <ele>467</ele>
      </trkpt>
      <trkpt lat="42.96516668982804" lon="-72.1631766948849">
        <ele>466</ele>
      </trkpt>
      <trkpt lat="42.96500332653522" lon="-72.16306664049625">
        <ele>466</ele>
      </trkpt>
      <trkpt lat="42.96485999599099" lon="-72.16296329163015">
        <ele>465</ele>
      </trkpt>
      <trkpt lat="42.96471666544676" lon="-72.16284334659576">
        <ele>465</ele>
      </trkpt>
      <trkpt lat="42.96456662937999" lon="-72.16272164136171">
        <ele>465</ele>
      </trkpt>
      <trkpt lat="42.96439002268016" lon="-72.16258166357875">
        <ele>464</ele>
      </trkpt>
      <trkpt lat="42.96425331383944" lon="-72.16247336938977">
        <ele>464</ele>
      </trkpt>
      <trkpt lat="42.96413663774729" lon="-72.16237496584654">
        <ele>464</ele>
      </trkpt>
      <trkpt lat="42.96396497637033" lon="-72.16224831528962">
        <ele>463</ele>
      </trkpt>
      <trkpt lat="42.96379834413528" lon="-72.1621266938746">
        <ele>462</ele>
      </trkpt>
      <trkpt lat="42.96364336274564" lon="-72.1619866322726">
        <ele>462</ele>
      </trkpt>
      <trkpt lat="42.96352333389223" lon="-72.16185998171568">
        <ele>462</ele>
      </trkpt>
      <trkpt lat="42.96341168694198" lon="-72.16172997839749">
        <ele>462</ele>
      </trkpt>
      <trkpt lat="42.96329501084983" lon="-72.16155831702054">
        <ele>461</ele>
      </trkpt>
      <trkpt lat="42.96318336389959" lon="-72.16142663732171">
        <ele>460</ele>
      </trkpt>
      <trkpt lat="42.96306333504617" lon="-72.16129998676479">
        <ele>459</ele>
      </trkpt>
      <trkpt lat="42.96295168809593" lon="-72.16113335452974">
        <ele>458</ele>
      </trkpt>
      <trkpt lat="42.96286669559777" lon="-72.16094501316547">
        <ele>457</ele>
      </trkpt>
      <trkpt lat="42.96278002671897" lon="-72.16073337011039">
        <ele>457</ele>
      </trkpt>
      <trkpt lat="42.96268170699477" lon="-72.16050337068737">
        <ele>456</ele>
      </trkpt>
      <trkpt lat="42.96258665621281" lon="-72.16030170209706">
        <ele>456</ele>
      </trkpt>
      <trkpt lat="42.96249663457274" lon="-72.16012333519757">
        <ele>456</ele>
      </trkpt>
      <trkpt lat="42.96239831484854" lon="-72.15990666300058">
        <ele>455</ele>
      </trkpt>
      <trkpt lat="42.96227836981416" lon="-72.1596950199455">
        <ele>455</ele>
      </trkpt>
      <trkpt lat="42.96214836649597" lon="-72.15958169661462">
        <ele>454</ele>
      </trkpt>
      <trkpt lat="42.96197997406125" lon="-72.15947499498725">
        <ele>453</ele>
      </trkpt>
      <trkpt lat="42.96183496713638" lon="-72.15938002802432">
        <ele>452</ele>
      </trkpt>
      <trkpt lat="42.96168501488864" lon="-72.1592650283128">
        <ele>451</ele>
      </trkpt>
      <trkpt lat="42.96151829883456" lon="-72.15914499945939">
        <ele>452</ele>
      </trkpt>
      <trkpt lat="42.96134496107697" lon="-72.15905833058059">
        <ele>453</ele>
      </trkpt>
      <trkpt lat="42.96118662692606" lon="-72.1589766908437">
        <ele>454</ele>
      </trkpt>
      <trkpt lat="42.96105503104627" lon="-72.15891667641699">
        <ele>455</ele>
      </trkpt>
      <trkpt lat="42.96087331138551" lon="-72.15880502946675">
        <ele>456</ele>
      </trkpt>
      <trkpt lat="42.96071330085397" lon="-72.15870997868478">
        <ele>458</ele>
      </trkpt>
      <trkpt lat="42.96054499223828" lon="-72.15860662981868">
        <ele>461</ele>
      </trkpt>
      <trkpt lat="42.96036168001592" lon="-72.15852499008179">
        <ele>463</ele>
      </trkpt>
      <trkpt lat="42.96013997867703" lon="-72.15843664482236">
        <ele>466</ele>
      </trkpt>
      <trkpt lat="42.95992833562195" lon="-72.15834829956293">
        <ele>469</ele>
      </trkpt>
      <trkpt lat="42.95971166342497" lon="-72.15828669257462">
        <ele>470</ele>
      </trkpt>
      <trkpt lat="42.95950831845403" lon="-72.15828996151686">
        <ele>470</ele>
      </trkpt>
      <trkpt lat="42.95931670814753" lon="-72.15829666703939">
        <ele>471</ele>
      </trkpt>
      <trkpt lat="42.95914663933218" lon="-72.15822332538664">
        <ele>472</ele>
      </trkpt>
      <trkpt lat="42.95897665433586" lon="-72.1581167075783">
        <ele>471</ele>
      </trkpt>
      <trkpt lat="42.95882502570748" lon="-72.15796164236963">
        <ele>470</ele>
      </trkpt>
      <trkpt lat="42.9587016440928" lon="-72.1577366720885">
        <ele>472</ele>
      </trkpt>
      <trkpt lat="42.95859502628446" lon="-72.15753835625947">
        <ele>473</ele>
      </trkpt>
      <trkpt lat="42.95849829912186" lon="-72.15738496743143">
        <ele>473</ele>
      </trkpt>
      <trkpt lat="42.95839830301702" lon="-72.15723996050656">
        <ele>472</ele>
      </trkpt>
      <trkpt lat="42.95826503075659" lon="-72.15703669935465">
        <ele>471</ele>
      </trkpt>
      <trkpt lat="42.95816168189049" lon="-72.15688331052661">
        <ele>471</ele>
      </trkpt>
      <trkpt lat="42.95804500579834" lon="-72.15672665275633">
        <ele>470</ele>
      </trkpt>
      <trkpt lat="42.95795498415828" lon="-72.1565833222121">
        <ele>469</ele>
      </trkpt>
      <trkpt lat="42.95782665722072" lon="-72.15639665722847">
        <ele>469</ele>
      </trkpt>
      <trkpt lat="42.95771836303174" lon="-72.15620001778007">
        <ele>469</ele>
      </trkpt>
      <trkpt lat="42.95781332999468" lon="-72.15633337385952">
        <ele>469</ele>
      </trkpt>
      <trkpt lat="42.95792330056429" lon="-72.15648835524917">
        <ele>469</ele>
      </trkpt>
      <trkpt lat="42.95806663110852" lon="-72.15668834745884">
        <ele>470</ele>
      </trkpt>
      <trkpt lat="42.95820836909115" lon="-72.15690334327519">
        <ele>471</ele>
      </trkpt>
      <trkpt lat="42.95833837240934" lon="-72.15708162635565">
        <ele>472</ele>
      </trkpt>
      <trkpt lat="42.95844834297895" lon="-72.15722663328052">
        <ele>473</ele>
      </trkpt>
      <trkpt lat="42.9585549607873" lon="-72.15736334212124">
        <ele>474</ele>
      </trkpt>
      <trkpt lat="42.95867498964071" lon="-72.15754665434361">
        <ele>474</ele>
      </trkpt>
      <trkpt lat="42.95879166573286" lon="-72.15775502845645">
        <ele>473</ele>
      </trkpt>
      <trkpt lat="42.95889995992184" lon="-72.15793163515627">
        <ele>472</ele>
      </trkpt>
      <trkpt lat="42.95900833792984" lon="-72.15804663486779">
        <ele>472</ele>
      </trkpt>
      <trkpt lat="42.95915669761598" lon="-72.15812668204308">
        <ele>473</ele>
      </trkpt>
      <trkpt lat="42.95931167900562" lon="-72.15817001648247">
        <ele>472</ele>
      </trkpt>
      <trkpt lat="42.95950664207339" lon="-72.15817831456661">
        <ele>472</ele>
      </trkpt>
      <trkpt lat="42.95964335091412" lon="-72.15815668925643">
        <ele>471</ele>
      </trkpt>
      <trkpt lat="42.95979003421962" lon="-72.15817663818598">
        <ele>471</ele>
      </trkpt>
      <trkpt lat="42.959941662848" lon="-72.15824503451586">
        <ele>470</ele>
      </trkpt>
      <trkpt lat="42.96012002974749" lon="-72.15831829234958">
        <ele>468</ele>
      </trkpt>
      <trkpt lat="42.96026000753045" lon="-72.15837336145341">
        <ele>466</ele>
      </trkpt>
      <trkpt lat="42.96039998531342" lon="-72.15846329927444">
        <ele>463</ele>
      </trkpt>
      <trkpt lat="42.96053334139287" lon="-72.15854334644973">
        <ele>461</ele>
      </trkpt>
      <trkpt lat="42.96069997362792" lon="-72.15865164063871">
        <ele>459</ele>
      </trkpt>
      <trkpt lat="42.96085168607533" lon="-72.15873663313687">
        <ele>457</ele>
      </trkpt>
      <trkpt lat="42.96101831831038" lon="-72.15882162563503">
        <ele>456</ele>
      </trkpt>
      <trkpt lat="42.96118662692606" lon="-72.15889999642968">
        <ele>455</ele>
      </trkpt>
      <trkpt lat="42.96131503768265" lon="-72.15895833447576">
        <ele>454</ele>
      </trkpt>
      <trkpt lat="42.96147999353707" lon="-72.15902999974787">
        <ele>453</ele>
      </trkpt>
      <trkpt lat="42.96131830662489" lon="-72.1589766908437">
        <ele>454</ele>
      </trkpt>
      <trkpt lat="42.96118335798383" lon="-72.15891164727509">
        <ele>455</ele>
      </trkpt>
      <trkpt lat="42.96102167107165" lon="-72.1588350366801">
        <ele>456</ele>
      </trkpt>
      <trkpt lat="42.96089166775346" lon="-72.15878332033753">
        <ele>457</ele>
      </trkpt>
      <trkpt lat="42.96074163168669" lon="-72.15869497507811">
        <ele>458</ele>
      </trkpt>
      <trkpt lat="42.96058170497417" lon="-72.15860336087644">
        <ele>460</ele>
      </trkpt>
      <trkpt lat="42.96040995977819" lon="-72.15852834284306">
        <ele>463</ele>
      </trkpt>
      <trkpt lat="42.96026336029172" lon="-72.15846832841635">
        <ele>465</ele>
      </trkpt>
      <trkpt lat="42.96013168059289" lon="-72.15840999037027">
        <ele>466</ele>
      </trkpt>
      <trkpt lat="42.95997996814549" lon="-72.15836162678897">
        <ele>468</ele>
      </trkpt>
      <trkpt lat="42.95981836505234" lon="-72.15827168896794">
        <ele>470</ele>
      </trkpt>
      <trkpt lat="42.95965667814016" lon="-72.15825668536127">
        <ele>470</ele>
      </trkpt>
      <trkpt lat="42.95949163846672" lon="-72.15828501619399">
        <ele>471</ele>
      </trkpt>
      <trkpt lat="42.95935166068375" lon="-72.15828333981335">
        <ele>471</ele>
      </trkpt>
      <trkpt lat="42.95916164293885" lon="-72.15821997262537">
        <ele>472</ele>
      </trkpt>
      <trkpt lat="42.95898830518126" lon="-72.15810329653323">
        <ele>471</ele>
      </trkpt>
      <trkpt lat="42.95883332379162" lon="-72.15791000984609">
        <ele>471</ele>
      </trkpt>
      <trkpt lat="42.95868496410549" lon="-72.15765503235161">
        <ele>473</ele>
      </trkpt>
      <trkpt lat="42.95854004099965" lon="-72.15742662549019">
        <ele>473</ele>
      </trkpt>
      <trkpt lat="42.95840836130083" lon="-72.15723996050656">
        <ele>472</ele>
      </trkpt>
      <trkpt lat="42.95828003436327" lon="-72.15702337212861">
        <ele>472</ele>
      </trkpt>
      <trkpt lat="42.9581350274384" lon="-72.15680669993162">
        <ele>471</ele>
      </trkpt>
      <trkpt lat="42.95800829306245" lon="-72.15663000941277">
        <ele>470</ele>
      </trkpt>
      <trkpt lat="42.95789496973157" lon="-72.15647335164249">
        <ele>469</ele>
      </trkpt>
      <trkpt lat="42.95779497362673" lon="-72.1563383191824">
        <ele>469</ele>
      </trkpt>
      <trkpt lat="42.95768165029585" lon="-72.15616003610194">
        <ele>469</ele>
      </trkpt>
      <trkpt lat="42.95754829421639" lon="-72.15597831644118">
        <ele>470</ele>
      </trkpt>
      <trkpt lat="42.95744502916932" lon="-72.15584001503885">
        <ele>470</ele>
      </trkpt>
      <trkpt lat="42.95729834586382" lon="-72.15565829537809">
        <ele>469</ele>
      </trkpt>
      <trkpt lat="42.95712668448687" lon="-72.15545997954905">
        <ele>468</ele>
      </trkpt>
      <trkpt lat="42.95695334672928" lon="-72.15523668564856">
        <ele>467</ele>
      </trkpt>
      <trkpt lat="42.9567866306752" lon="-72.15501330792904">
        <ele>467</ele>
      </trkpt>
      <trkpt lat="42.95661002397537" lon="-72.15477501042187">
        <ele>465</ele>
      </trkpt>
      <trkpt lat="42.95643165707588" lon="-72.15454165823758">
        <ele>463</ele>
      </trkpt>
      <trkpt lat="42.95625999569893" lon="-72.15431501157582">
        <ele>461</ele>
      </trkpt>
      <trkpt lat="42.95609830878675" lon="-72.15407503768802">
        <ele>461</ele>
      </trkpt>
      <trkpt lat="42.95594668015838" lon="-72.15382500551641">
        <ele>460</ele>
      </trkpt>
      <trkpt lat="42.95576831325889" lon="-72.15355167165399">
        <ele>459</ele>
      </trkpt>
      <trkpt lat="42.95558164827526" lon="-72.15328336693347">
        <ele>457</ele>
      </trkpt>
      <trkpt lat="42.95540831051767" lon="-72.15301665477455">
        <ele>455</ele>
      </trkpt>
      <trkpt lat="42.95524997636676" lon="-72.15277165174484">
        <ele>453</ele>
      </trkpt>
      <trkpt lat="42.95510664582253" lon="-72.15253335423768">
        <ele>452</ele>
      </trkpt>
      <trkpt lat="42.95497169718146" lon="-72.15227502398193">
        <ele>451</ele>
      </trkpt>
      <trkpt lat="42.95484337024391" lon="-72.15202666819096">
        <ele>450</ele>
      </trkpt>
      <trkpt lat="42.95472334139049" lon="-72.15176003985107">
        <ele>448</ele>
      </trkpt>
      <trkpt lat="42.95459166169167" lon="-72.15148670598865">
        <ele>447</ele>
      </trkpt>
      <trkpt lat="42.95443165116012" lon="-72.1512349974364">
        <ele>445</ele>
      </trkpt>
      <trkpt lat="42.95428169891238" lon="-72.1509899944067">
        <ele>443</ele>
      </trkpt>
      <trkpt lat="42.95414163731039" lon="-72.15074666775763">
        <ele>442</ele>
      </trkpt>
      <trkpt lat="42.95399663038552" lon="-72.15054164640605">
        <ele>442</ele>
      </trkpt>
      <trkpt lat="42.95381499454379" lon="-72.15037166140974">
        <ele>441</ele>
      </trkpt>
      <trkpt lat="42.95361500233412" lon="-72.15020000003278">
        <ele>441</ele>
      </trkpt>
      <trkpt lat="42.95342163182795" lon="-72.15001165866852">
        <ele>440</ele>
      </trkpt>
      <trkpt lat="42.953249970451" lon="-72.14979666285217">
        <ele>441</ele>
      </trkpt>
      <trkpt lat="42.95306003652513" lon="-72.14963497593999">
        <ele>442</ele>
      </trkpt>
      <trkpt lat="42.95284663327038" lon="-72.14949164539576">
        <ele>443</ele>
      </trkpt>
      <trkpt lat="42.95263834297657" lon="-72.14932995848358">
        <ele>445</ele>
      </trkpt>
      <trkpt lat="42.95242996886373" lon="-72.14918000623584">
        <ele>447</ele>
      </trkpt>
      <trkpt lat="42.95218999497592" lon="-72.14906668290496">
        <ele>448</ele>
      </trkpt>
      <trkpt lat="42.95205999165773" lon="-72.14900499209762">
        <ele>449</ele>
      </trkpt>
      <trkpt lat="42.95182001776993" lon="-72.1488833706826">
        <ele>450</ele>
      </trkpt>
      <trkpt lat="42.95158834196627" lon="-72.14877331629395">
        <ele>451</ele>
      </trkpt>
      <trkpt lat="42.95136169530451" lon="-72.14867834933102">
        <ele>451</ele>
      </trkpt>
      <trkpt lat="42.95114167034626" lon="-72.14857332408428">
        <ele>451</ele>
      </trkpt>
      <trkpt lat="42.95091670006514" lon="-72.14846670627594">
        <ele>451</ele>
      </trkpt>
      <trkpt lat="42.95067496597767" lon="-72.14837836101651">
        <ele>450</ele>
      </trkpt>
      <trkpt lat="42.95044002123177" lon="-72.14826000854373">
        <ele>449</ele>
      </trkpt>
      <trkpt lat="42.95023667626083" lon="-72.14810167439282">
        <ele>447</ele>
      </trkpt>
      <trkpt lat="42.95003500767052" lon="-72.14790998026729">
        <ele>445</ele>
      </trkpt>
      <trkpt lat="42.94984331354499" lon="-72.14770998805761">
        <ele>442</ele>
      </trkpt>
      <trkpt lat="42.94966503046453" lon="-72.14753497391939">
        <ele>440</ele>
      </trkpt>
      <trkpt lat="42.94949999079108" lon="-72.14737999252975">
        <ele>437</ele>
      </trkpt>
      <trkpt lat="42.94936495833099" lon="-72.14724998921156">
        <ele>436</ele>
      </trkpt>
      <trkpt lat="42.94919" lon="-72.147156">
        <ele>434</ele>
      </trkpt>
      <trkpt lat="42.949001" lon="-72.14708400000001">
        <ele>433</ele>
      </trkpt>
      <trkpt lat="42.948826" lon="-72.146981">
        <ele>431</ele>
      </trkpt>
      <trkpt lat="42.948616" lon="-72.146873">
        <ele>430</ele>
      </trkpt>
      <trkpt lat="42.948377" lon="-72.146817">
        <ele>428</ele>
      </trkpt>
      <trkpt lat="42.948054" lon="-72.146793">
        <ele>426</ele>
      </trkpt>
      <trkpt lat="42.947711" lon="-72.146719">
        <ele>424</ele>
      </trkpt>
      <trkpt lat="42.947357" lon="-72.146734">
        <ele>422</ele>
      </trkpt>
      <trkpt lat="42.94695" lon="-72.146714">
        <ele>418</ele>
      </trkpt>
      <trkpt lat="42.946567" lon="-72.146643">
        <ele>416</ele>
      </trkpt>
      <trkpt lat="42.946241" lon="-72.146734">
        <ele>415</ele>
      </trkpt>
      <trkpt lat="42.945864" lon="-72.146956">
        <ele>414</ele>
      </trkpt>
      <trkpt lat="42.945391" lon="-72.147232">
        <ele>414</ele>
      </trkpt>
      <trkpt lat="42.944993" lon="-72.14745600000001">
        <ele>412</ele>
      </trkpt>
      <trkpt lat="42.94467" lon="-72.147811">
        <ele>410</ele>
      </trkpt>
      <trkpt lat="42.944678" lon="-72.14700000000001">
        <ele>412</ele>
      </trkpt>
      <trkpt lat="42.944812" lon="-72.146418">
        <ele>415</ele>
      </trkpt>
      <trkpt lat="42.944975" lon="-72.145687">
        <ele>420</ele>
      </trkpt>
      <trkpt lat="42.945231" lon="-72.144961">
        <ele>426</ele>
      </trkpt>
      <trkpt lat="42.945439" lon="-72.14424699999999">
        <ele>430</ele>
      </trkpt>
      <trkpt lat="42.945566" lon="-72.14352700000001">
        <ele>432</ele>
      </trkpt>
      <trkpt lat="42.94567499309778" lon="-72.14319499209523">
        <ele>433</ele>
      </trkpt>
      <trkpt lat="42.945696702227" lon="-72.14299164712429">
        <ele>433</ele>
      </trkpt>
      <trkpt lat="42.94574330560863" lon="-72.14273331686854">
        <ele>433</ele>
      </trkpt>
      <trkpt lat="42.94580499641597" lon="-72.14247331023216">
        <ele>433</ele>
      </trkpt>
      <trkpt lat="42.94587498530746" lon="-72.14220165275037">
        <ele>433</ele>
      </trkpt>
      <trkpt lat="42.94593499973416" lon="-72.14191331528127">
        <ele>433</ele>
      </trkpt>
      <trkpt lat="42.94599501416087" lon="-72.14165666140616">
        <ele>434</ele>
      </trkpt>
      <trkpt lat="42.94603331945837" lon="-72.14143998920918">
        <ele>434</ele>
      </trkpt>
      <trkpt lat="42.94606165029109" lon="-72.14121669530869">
        <ele>435</ele>
      </trkpt>
      <trkpt lat="42.94611831195652" lon="-72.14101997204125">
        <ele>435</ele>
      </trkpt>
      <trkpt lat="42.94618335552514" lon="-72.14076667092741">
        <ele>436</ele>
      </trkpt>
      <trkpt lat="42.94622166082263" lon="-72.14054002426565">
        <ele>436</ele>
      </trkpt>
      <trkpt lat="42.94624496251345" lon="-72.14029837399721">
        <ele>436</ele>
      </trkpt>
      <trkpt lat="42.94623834080994" lon="-72.14005496352911">
        <ele>436</ele>
      </trkpt>
      <trkpt lat="42.9462316352874" lon="-72.1398033387959">
        <ele>435</ele>
      </trkpt>
      <trkpt lat="42.94621830806136" lon="-72.13955163024366">
        <ele>434</ele>
      </trkpt>
      <trkpt lat="42.94620665721595" lon="-72.13930503465235">
        <ele>433</ele>
      </trkpt>
      <trkpt lat="42.94620330445468" lon="-72.13907662779093">
        <ele>432</ele>
      </trkpt>
      <trkpt lat="42.94621336273849" lon="-72.13883665390313">
        <ele>431</ele>
      </trkpt>
      <trkpt lat="42.94621503911912" lon="-72.1386016253382">
        <ele>430</ele>
      </trkpt>
      <trkpt lat="42.94621503911912" lon="-72.13835502974689">
        <ele>429</ele>
      </trkpt>
      <trkpt lat="42.94620498083532" lon="-72.13808999396861">
        <ele>427</ele>
      </trkpt>
      <trkpt lat="42.94617170467973" lon="-72.13783166371286">
        <ele>424</ele>
      </trkpt>
      <trkpt lat="42.94612837024033" lon="-72.13757836259902">
        <ele>422</ele>
      </trkpt>
      <trkpt lat="42.94608168303967" lon="-72.13735163211823">
        <ele>419</ele>
      </trkpt>
      <trkpt lat="42.9460299666971" lon="-72.13713831268251">
        <ele>417</ele>
      </trkpt>
      <trkpt lat="42.94598336331546" lon="-72.13694829493761">
        <ele>414</ele>
      </trkpt>
      <trkpt lat="42.9459366761148" lon="-72.13677168823779">
        <ele>412</ele>
      </trkpt>
      <trkpt lat="42.94585335999727" lon="-72.13654831051826">
        <ele>409</ele>
      </trkpt>
      <trkpt lat="42.94579669833183" lon="-72.13635167106986">
        <ele>408</ele>
      </trkpt>
      <trkpt lat="42.94573165476322" lon="-72.1361683588475">
        <ele>406</ele>
      </trkpt>
      <trkpt lat="42.94561833143234" lon="-72.13595001026988">
        <ele>404</ele>
      </trkpt>
      <trkpt lat="42.94549503363669" lon="-72.13572503998876">
        <ele>402</ele>
      </trkpt>
      <trkpt lat="42.94542496092618" lon="-72.1355483494699">
        <ele>401</ele>
      </trkpt>
      <trkpt lat="42.94532001949847" lon="-72.13538163341582">
        <ele>399</ele>
      </trkpt>
      <trkpt lat="42.94516000896692" lon="-72.13526831008494">
        <ele>398</ele>
      </trkpt>
      <trkpt lat="42.94500167481601" lon="-72.13515163399279">
        <ele>396</ele>
      </trkpt>
      <trkpt lat="42.94485499151051" lon="-72.13503663428128">
        <ele>395</ele>
      </trkpt>
      <trkpt lat="42.94473663903773" lon="-72.13490168564022">
        <ele>394</ele>
      </trkpt>
      <trkpt lat="42.9446482937783" lon="-72.13467830792069">
        <ele>393</ele>
      </trkpt>
      <trkpt lat="42.9446033667773" lon="-72.13445166125894">
        <ele>393</ele>
      </trkpt>
      <trkpt lat="42.94456833042204" lon="-72.13423498906195">
        <ele>393</ele>
      </trkpt>
      <trkpt lat="42.94452164322138" lon="-72.1340149641037">
        <ele>393</ele>
      </trkpt>
      <trkpt lat="42.9444633051753" lon="-72.13379996828735">
        <ele>393</ele>
      </trkpt>
      <trkpt lat="42.9444083198905" lon="-72.13357835076749">
        <ele>394</ele>
      </trkpt>
      <trkpt lat="42.94437495991588" lon="-72.13332337327302">
        <ele>394</ele>
      </trkpt>
      <trkpt lat="42.94432835653424" lon="-72.13307501748204">
        <ele>394</ele>
      </trkpt>
      <trkpt lat="42.94424830935895" lon="-72.13282498531044">
        <ele>393</ele>
      </trkpt>
      <trkpt lat="42.9441683460027" lon="-72.13256162591279">
        <ele>393</ele>
      </trkpt>
      <trkpt lat="42.94409500434995" lon="-72.13231167756021">
        <ele>392</ele>
      </trkpt>
      <trkpt lat="42.94404496438801" lon="-72.13211830705404">
        <ele>391</ele>
      </trkpt>
      <trkpt lat="42.94401001185179" lon="-72.13192837312818">
        <ele>390</ele>
      </trkpt>
      <trkpt lat="42.94416164048016" lon="-72.13184002786875">
        <ele>390</ele>
      </trkpt>
      <trkpt lat="42.94430497102439" lon="-72.13190666399896">
        <ele>391</ele>
      </trkpt>
      <trkpt lat="42.94450999237597" lon="-72.13196164928377">
        <ele>392</ele>
      </trkpt>
      <trkpt lat="42.94471836648881" lon="-72.1319582965225">
        <ele>392</ele>
      </trkpt>
      <trkpt lat="42.9449300095439" lon="-72.131919991225">
        <ele>393</ele>
      </trkpt>
      <trkpt lat="42.94516336172819" lon="-72.13190498761833">
        <ele>393</ele>
      </trkpt>
      <trkpt lat="42.94541004113853" lon="-72.13192837312818">
        <ele>394</ele>
      </trkpt>
      <trkpt lat="42.94566334225237" lon="-72.13200003840029">
        <ele>395</ele>
      </trkpt>
      <trkpt lat="42.94591002166271" lon="-72.13206332176924">
        <ele>396</ele>
      </trkpt>
      <trkpt lat="42.94617170467973" lon="-72.13204337283969">
        <ele>396</ele>
      </trkpt>
      <trkpt lat="42.94643498025835" lon="-72.13199165649712">
        <ele>396</ele>
      </trkpt>
      <trkpt lat="42.94667998328805" lon="-72.13193499483168">
        <ele>396</ele>
      </trkpt>
      <trkpt lat="42.94690662994981" lon="-72.13188168592751">
        <ele>397</ele>
      </trkpt>
      <trkpt lat="42.9471399821341" lon="-72.13187498040497">
        <ele>398</ele>
      </trkpt>
      <trkpt lat="42.94737501069903" lon="-72.13192996568978">
        <ele>399</ele>
      </trkpt>
      <trkpt lat="42.94760165736079" lon="-72.13199668563902">
        <ele>400</ele>
      </trkpt>
      <trkpt lat="42.94782335869968" lon="-72.13208503089845">
        <ele>402</ele>
      </trkpt>
      <trkpt lat="42.94806500896811" lon="-72.13217002339661">
        <ele>403</ele>
      </trkpt>
      <trkpt lat="42.94831336475909" lon="-72.13222836144269">
        <ele>404</ele>
      </trkpt>
      <trkpt lat="42.94853665865958" lon="-72.1322566922754">
        <ele>405</ele>
      </trkpt>
      <trkpt lat="42.94872500002384" lon="-72.13225501589477">
        <ele>405</ele>
      </trkpt>
      <trkpt lat="42.9489083122462" lon="-72.13221830315888">
        <ele>406</ele>
      </trkpt>
      <trkpt lat="42.94907670468092" lon="-72.13214663788676">
        <ele>407</ele>
      </trkpt>
      <trkpt lat="42.94923503883183" lon="-72.13204337283969">
        <ele>407</ele>
      </trkpt>
      <trkpt lat="42.94936336576939" lon="-72.13191169314086">
        <ele>408</ele>
      </trkpt>
      <trkpt lat="42.94940996915102" lon="-72.13172167539597">
        <ele>409</ele>
      </trkpt>
      <trkpt lat="42.94929496943951" lon="-72.13155663572252">
        <ele>410</ele>
      </trkpt>
      <trkpt lat="42.94915666803718" lon="-72.13133996352553">
        <ele>409</ele>
      </trkpt>
      <trkpt lat="42.94904166832566" lon="-72.13113829493523">
        <ele>409</ele>
      </trkpt>
      <trkpt lat="42.94897830113769" lon="-72.13094836100936">
        <ele>409</ele>
      </trkpt>
      <trkpt lat="42.94891501776874" lon="-72.1307166852057">
        <ele>408</ele>
      </trkpt>
      <trkpt lat="42.94884670525789" lon="-72.13044335134327">
        <ele>407</ele>
      </trkpt>
      <trkpt lat="42.94878501445055" lon="-72.1301883738488">
        <ele>407</ele>
      </trkpt>
      <trkpt lat="42.94876833446324" lon="-72.12998167611659">
        <ele>406</ele>
      </trkpt>
      <trkpt lat="42.94878836721182" lon="-72.12976332753897">
        <ele>406</ele>
      </trkpt>
      <trkpt lat="42.94884167611599" lon="-72.12950667366385">
        <ele>406</ele>
      </trkpt>
      <trkpt lat="42.94894167222083" lon="-72.12925664149225">
        <ele>407</ele>
      </trkpt>
      <trkpt lat="42.94908667914569" lon="-72.12901666760445">
        <ele>409</ele>
      </trkpt>
      <trkpt lat="42.94927502050996" lon="-72.12876169010997">
        <ele>410</ele>
      </trkpt>
      <trkpt lat="42.94946168549359" lon="-72.12850335985422">
        <ele>412</ele>
      </trkpt>
      <trkpt lat="42.94964835047722" lon="-72.12824502959847">
        <ele>414</ele>
      </trkpt>
      <trkpt lat="42.94981498271227" lon="-72.12797337211668">
        <ele>416</ele>
      </trkpt>
      <trkpt lat="42.94997499324381" lon="-72.12770665995777">
        <ele>418</ele>
      </trkpt>
      <trkpt lat="42.95012167654932" lon="-72.12748001329601">
        <ele>419</ele>
      </trkpt>
      <trkpt lat="42.95022670179605" lon="-72.12725495919585">
        <ele>420</ele>
      </trkpt>
      <trkpt lat="42.95032837428153" lon="-72.127033341676">
        <ele>420</ele>
      </trkpt>
      <trkpt lat="42.95047002844512" lon="-72.12680669501424">
        <ele>421</ele>
      </trkpt>
      <trkpt lat="42.95063163153827" lon="-72.12656169198453">
        <ele>422</ele>
      </trkpt>
      <trkpt lat="42.95077831484377" lon="-72.1263200417161">
        <ele>423</ele>
      </trkpt>
      <trkpt lat="42.95089666731656" lon="-72.12607998400927">
        <ele>424</ele>
      </trkpt>
      <trkpt lat="42.95101996511221" lon="-72.12586331181228">
        <ele>425</ele>
      </trkpt>
      <trkpt lat="42.95117335394025" lon="-72.12566834874451">
        <ele>427</ele>
      </trkpt>
      <trkpt lat="42.95134333893657" lon="-72.12549668736756">
        <ele>429</ele>
      </trkpt>
      <trkpt lat="42.9514816403389" lon="-72.12530834600329">
        <ele>430</ele>
      </trkpt>
      <trkpt lat="42.95157166197896" lon="-72.12506669573486">
        <ele>430</ele>
      </trkpt>
      <trkpt lat="42.95160502195358" lon="-72.12480165995657">
        <ele>429</ele>
      </trkpt>
      <trkpt lat="42.95163997448981" lon="-72.12452170439065">
        <ele>430</ele>
      </trkpt>
      <trkpt lat="42.95166998170316" lon="-72.12427670136094">
        <ele>430</ele>
      </trkpt>
      <trkpt lat="42.95170501805842" lon="-72.12408500723541">
        <ele>430</ele>
      </trkpt>
      <trkpt lat="42.9517316725105" lon="-72.12390001863241">
        <ele>430</ele>
      </trkpt>
      <trkpt lat="42.95173997059464" lon="-72.1236866991967">
        <ele>429</ele>
      </trkpt>
      <trkpt lat="42.95175002887845" lon="-72.1234533470124">
        <ele>429</ele>
      </trkpt>
      <trkpt lat="42.95179001055658" lon="-72.1232199948281">
        <ele>430</ele>
      </trkpt>
      <trkpt lat="42.95185832306743" lon="-72.12299829348922">
        <ele>434</ele>
      </trkpt>
      <trkpt lat="42.95195169746876" lon="-72.12281665764749">
        <ele>438</ele>
      </trkpt>
      <trkpt lat="42.9521016497165" lon="-72.12265832349658">
        <ele>441</ele>
      </trkpt>
      <trkpt lat="42.95228496193886" lon="-72.12256830185652">
        <ele>444</ele>
      </trkpt>
      <trkpt lat="42.95241001993418" lon="-72.12249831296504">
        <ele>446</ele>
      </trkpt>
      <trkpt lat="42.95256667770445" lon="-72.12238498963416">
        <ele>448</ele>
      </trkpt>
      <trkpt lat="42.95266667380929" lon="-72.12221500463784">
        <ele>451</ele>
      </trkpt>
      <trkpt lat="42.95277169905603" lon="-72.12200503796339">
        <ele>453</ele>
      </trkpt>
      <trkpt lat="42.95285996049643" lon="-72.12181837297976">
        <ele>455</ele>
      </trkpt>
      <trkpt lat="42.95296004042029" lon="-72.12160496972501">
        <ele>455</ele>
      </trkpt>
      <trkpt lat="42.95305165462196" lon="-72.12140497751534">
        <ele>454</ele>
      </trkpt>
      <trkpt lat="42.95314997434616" lon="-72.12119668722153">
        <ele>453</ele>
      </trkpt>
      <trkpt lat="42.95324670150876" lon="-72.12097666226327">
        <ele>452</ele>
      </trkpt>
      <trkpt lat="42.95334166847169" lon="-72.12076166644692">
        <ele>450</ele>
      </trkpt>
      <trkpt lat="42.9534450173378" lon="-72.1205366961658">
        <ele>448</ele>
      </trkpt>
      <trkpt lat="42.95355666428804" lon="-72.12030669674277">
        <ele>446</ele>
      </trkpt>
      <trkpt lat="42.95366663485765" lon="-72.1201082970947">
        <ele>444</ele>
      </trkpt>
      <trkpt lat="42.95377333648503" lon="-72.11993336677551">
        <ele>443</ele>
      </trkpt>
      <trkpt lat="42.95389504171908" lon="-72.1197750326246">
        <ele>443</ele>
      </trkpt>
      <trkpt lat="42.95404164120555" lon="-72.11960664018989">
        <ele>443</ele>
      </trkpt>
      <trkpt lat="42.95417667366564" lon="-72.11943162605166">
        <ele>442</ele>
      </trkpt>
      <trkpt lat="42.95430667698383" lon="-72.11926499381661">
        <ele>442</ele>
      </trkpt>
      <trkpt lat="42.95442997477949" lon="-72.11908168159425">
        <ele>442</ele>
      </trkpt>
      <trkpt lat="42.95454329811037" lon="-72.1188566274941">
        <ele>443</ele>
      </trkpt>
      <trkpt lat="42.95463164336979" lon="-72.11863333359361">
        <ele>446</ele>
      </trkpt>
      <trkpt lat="42.95472334139049" lon="-72.11841833777726">
        <ele>448</ele>
      </trkpt>
      <trkpt lat="42.95484337024391" lon="-72.11821499280632">
        <ele>450</ele>
      </trkpt>
      <trkpt lat="42.95499164611101" lon="-72.11803168058395">
        <ele>451</ele>
      </trkpt>
      <trkpt lat="42.95515500940382" lon="-72.11788164451718">
        <ele>450</ele>
      </trkpt>
      <trkpt lat="42.955316696316" lon="-72.11774166673422">
        <ele>449</ele>
      </trkpt>
      <trkpt lat="42.95549003407359" lon="-72.11756832897663">
        <ele>449</ele>
      </trkpt>
      <trkpt lat="42.95564669184387" lon="-72.11736498400569">
        <ele>448</ele>
      </trkpt>
      <trkpt lat="42.95576831325889" lon="-72.11715669371188">
        <ele>447</ele>
      </trkpt>
      <trkpt lat="42.95588498935103" lon="-72.11694169789553">
        <ele>445</ele>
      </trkpt>
      <trkpt lat="42.95601331628859" lon="-72.11669996380806">
        <ele>444</ele>
      </trkpt>
      <trkpt lat="42.95615497045219" lon="-72.11645663715899">
        <ele>443</ele>
      </trkpt>
      <trkpt lat="42.95630333013833" lon="-72.11621004156768">
        <ele>443</ele>
      </trkpt>
      <trkpt lat="42.95644003897905" lon="-72.11597836576402">
        <ele>442</ele>
      </trkpt>
      <trkpt lat="42.95656501315534" lon="-72.11578331887722">
        <ele>442</ele>
      </trkpt>
      <trkpt lat="42.95671337284148" lon="-72.11558835580945">
        <ele>441</ele>
      </trkpt>
      <trkpt lat="42.95687497593462" lon="-72.11539003998041">
        <ele>442</ele>
      </trkpt>
      <trkpt lat="42.95703331008554" lon="-72.11516330949962">
        <ele>443</ele>
      </trkpt>
      <trkpt lat="42.95719164423645" lon="-72.11492501199245">
        <ele>444</ele>
      </trkpt>
      <trkpt lat="42.95734168030322" lon="-72.11470004171133">
        <ele>444</ele>
      </trkpt>
      <trkpt lat="42.95747830532491" lon="-72.11448169313371">
        <ele>444</ele>
      </trkpt>
      <trkpt lat="42.95763169415295" lon="-72.11426669731736">
        <ele>445</ele>
      </trkpt>
      <trkpt lat="42.95777997002006" lon="-72.11403166875243">
        <ele>446</ele>
      </trkpt>
      <trkpt lat="42.9578966461122" lon="-72.11379169486463">
        <ele>447</ele>
      </trkpt>
      <trkpt lat="42.95794333331287" lon="-72.11359832435846">
        <ele>449</ele>
      </trkpt>
      <trkpt lat="42.95795330777764" lon="-72.11340830661356">
        <ele>450</ele>
      </trkpt>
      <trkpt lat="42.95793168246746" lon="-72.11316003464162">
        <ele>450</ele>
      </trkpt>
      <trkpt lat="42.95787502080202" lon="-72.11297831498086">
        <ele>451</ele>
      </trkpt>
      <trkpt lat="42.9578900244087" lon="-72.11272166110575">
        <ele>452</ele>
      </trkpt>
      <trkpt lat="42.95793168246746" lon="-72.11251831613481">
        <ele>453</ele>
      </trkpt>
      <trkpt lat="42.95798499137163" lon="-72.11229996755719">
        <ele>455</ele>
      </trkpt>
      <trkpt lat="42.95801499858499" lon="-72.11209829896688">
        <ele>456</ele>
      </trkpt>
      <trkpt lat="42.95804165303707" lon="-72.11183996871114">
        <ele>458</ele>
      </trkpt>
      <trkpt lat="42.95806168578565" lon="-72.11156168952584">
        <ele>460</ele>
      </trkpt>
      <trkpt lat="42.95807995833457" lon="-72.111353315413">
        <ele>460</ele>
      </trkpt>
      <trkpt lat="42.95810334384441" lon="-72.11114334873855">
        <ele>461</ele>
      </trkpt>
      <trkpt lat="42.95812329277396" lon="-72.11091167293489">
        <ele>462</ele>
      </trkpt>
      <trkpt lat="42.9581350274384" lon="-72.11068167351186">
        <ele>462</ele>
      </trkpt>
      <trkpt lat="42.95815170742571" lon="-72.11046164855361">
        <ele>462</ele>
      </trkpt>
      <trkpt lat="42.95817500911653" lon="-72.11024665273726">
        <ele>461</ele>
      </trkpt>
      <trkpt lat="42.95820166356862" lon="-72.11004833690822">
        <ele>461</ele>
      </trkpt>
      <trkpt lat="42.9582333471626" lon="-72.10982831194997">
        <ele>461</ele>
      </trkpt>
      <trkpt lat="42.95826670713723" lon="-72.10958833806217">
        <ele>461</ele>
      </trkpt>
      <trkpt lat="42.95830165967345" lon="-72.10934668779373">
        <ele>460</ele>
      </trkpt>
      <trkpt lat="42.95833334326744" lon="-72.10910000838339">
        <ele>460</ele>
      </trkpt>
      <trkpt lat="42.95836670324206" lon="-72.10881502367556">
        <ele>459</ele>
      </trkpt>
      <trkpt lat="42.95839168131351" lon="-72.10853003896773">
        <ele>457</ele>
      </trkpt>
      <trkpt lat="42.95845496468246" lon="-72.10824497044086">
        <ele>456</ele>
      </trkpt>
      <trkpt lat="42.95852336101234" lon="-72.10797331295907">
        <ele>455</ele>
      </trkpt>
      <trkpt lat="42.95857499353588" lon="-72.10775001905859">
        <ele>454</ele>
      </trkpt>
      <trkpt lat="42.9586083535105" lon="-72.10756997577846">
        <ele>453</ele>
      </trkpt>
      <trkpt lat="42.95862168073654" lon="-72.10733167827129">
        <ele>452</ele>
      </trkpt>
      <trkpt lat="42.95861832797527" lon="-72.10713663138449">
        <ele>450</ele>
      </trkpt>
      <trkpt lat="42.95882334932685" lon="-72.10711835883558">
        <ele>450</ele>
      </trkpt>
      <trkpt lat="42.95908503234386" lon="-72.10714501328766">
        <ele>449</ele>
      </trkpt>
      <trkpt lat="42.95923666097224" lon="-72.10714836604893">
        <ele>449</ele>
      </trkpt>
      <trkpt lat="42.95938502065837" lon="-72.10713168606162">
        <ele>450</ele>
      </trkpt>
      <trkpt lat="42.95953002758324" lon="-72.1071033552289">
        <ele>450</ele>
      </trkpt>
      <trkpt lat="42.95967168174684" lon="-72.10706496611238">
        <ele>449</ele>
      </trkpt>
      <trkpt lat="42.95980998314917" lon="-72.10701333358884">
        <ele>449</ele>
      </trkpt>
      <trkpt lat="42.95995163731277" lon="-72.1069516427815">
        <ele>449</ele>
      </trkpt>
      <trkpt lat="42.96007996425033" lon="-72.10688165389001">
        <ele>448</ele>
      </trkpt>
      <trkpt lat="42.96021834947169" lon="-72.10681334137917">
        <ele>448</ele>
      </trkpt>
      <trkpt lat="42.96036000363529" lon="-72.10675332695246">
        <ele>448</ele>
      </trkpt>
      <trkpt lat="42.96049998141825" lon="-72.10670169442892">
        <ele>448</ele>
      </trkpt>
      <trkpt lat="42.96063995920122" lon="-72.10665835998952">
        <ele>448</ele>
      </trkpt>
      <trkpt lat="42.96078664250672" lon="-72.10664662532508">
        <ele>448</ele>
      </trkpt>
      <trkpt lat="42.96094003133476" lon="-72.10665835998952">
        <ele>448</ele>
      </trkpt>
      <trkpt lat="42.9611000418663" lon="-72.10669331252575">
        <ele>447</ele>
      </trkpt>
      <trkpt lat="42.96125669963658" lon="-72.10674335248768">
        <ele>447</ele>
      </trkpt>
      <trkpt lat="42.96141000464559" lon="-72.10679330863059">
        <ele>447</ele>
      </trkpt>
      <trkpt lat="42.96155501157045" lon="-72.10684167221189">
        <ele>447</ele>
      </trkpt>
      <trkpt lat="42.96169666573405" lon="-72.10688333027065">
        <ele>447</ele>
      </trkpt>
      <trkpt lat="42.96183496713638" lon="-72.10691501386464">
        <ele>446</ele>
      </trkpt>
      <trkpt lat="42.96207997016609" lon="-72.10695331916213">
        <ele>444</ele>
      </trkpt>
      <trkpt lat="42.96228834427893" lon="-72.10697997361422">
        <ele>442</ele>
      </trkpt>
      <trkpt lat="42.96247165650129" lon="-72.10700168274343">
        <ele>440</ele>
      </trkpt>
      <trkpt lat="42.96263996511698" lon="-72.1070050355047">
        <ele>441</ele>
      </trkpt>
      <trkpt lat="42.96284004114568" lon="-72.10699330084026">
        <ele>442</ele>
      </trkpt>
      <trkpt lat="42.96306501142681" lon="-72.10695331916213">
        <ele>444</ele>
      </trkpt>
      <trkpt lat="42.96333163976669" lon="-72.10691995918751">
        <ele>446</ele>
      </trkpt>
      <trkpt lat="42.96347170136869" lon="-72.10690663196146">
        <ele>446</ele>
      </trkpt>
      <trkpt lat="42.96361335553229" lon="-72.10689330473542">
        <ele>446</ele>
      </trkpt>
      <trkpt lat="42.96374998055398" lon="-72.10687997750938">
        <ele>447</ele>
      </trkpt>
      <trkpt lat="42.96388501301408" lon="-72.1068649739027">
        <ele>447</ele>
      </trkpt>
      <trkpt lat="42.96413999050856" lon="-72.10682499222457">
        <ele>447</ele>
      </trkpt>
      <trkpt lat="42.9643932916224" lon="-72.1067666541785">
        <ele>447</ele>
      </trkpt>
      <trkpt lat="42.96465665102005" lon="-72.10670999251306">
        <ele>447</ele>
      </trkpt>
      <trkpt lat="42.9649149812758" lon="-72.106619970873">
        <ele>447</ele>
      </trkpt>
      <trkpt lat="42.96504330821335" lon="-72.10655836388469">
        <ele>446</ele>
      </trkpt>
      <trkpt lat="42.96517163515091" lon="-72.1064783167094">
        <ele>446</ele>
      </trkpt>
      <trkpt lat="42.96529166400433" lon="-72.10637329146266">
        <ele>446</ele>
      </trkpt>
      <trkpt lat="42.96540163457394" lon="-72.1062433719635">
        <ele>445</ele>
      </trkpt>
      <trkpt lat="42.96550330705941" lon="-72.10609836503863">
        <ele>445</ele>
      </trkpt>
      <trkpt lat="42.96559835784137" lon="-72.10594665259123">
        <ele>444</ele>
      </trkpt>
      <trkpt lat="42.96568502672017" lon="-72.10578831844032">
        <ele>443</ele>
      </trkpt>
      <trkpt lat="42.96576834283769" lon="-72.10562168620527">
        <ele>442</ele>
      </trkpt>
      <trkpt lat="42.96584998257458" lon="-72.10545329377055">
        <ele>441</ele>
      </trkpt>
      <trkpt lat="42.96593002974987" lon="-72.1052866615355">
        <ele>440</ele>
      </trkpt>
      <trkpt lat="42.9660183750093" lon="-72.10512002930045">
        <ele>439</ele>
      </trkpt>
      <trkpt lat="42.96611334197223" lon="-72.104954989627">
        <ele>438</ele>
      </trkpt>
      <trkpt lat="42.96620663255453" lon="-72.10479003377259">
        <ele>438</ele>
      </trkpt>
      <trkpt lat="42.96629497781396" lon="-72.10462331771851">
        <ele>437</ele>
      </trkpt>
      <trkpt lat="42.96638499945402" lon="-72.10445836186409">
        <ele>437</ele>
      </trkpt>
      <trkpt lat="42.96646496281028" lon="-72.10429499857128">
        <ele>436</ele>
      </trkpt>
      <trkpt lat="42.9665416572243" lon="-72.10413666442037">
        <ele>434</ele>
      </trkpt>
      <trkpt lat="42.96661499887705" lon="-72.10398000665009">
        <ele>434</ele>
      </trkpt>
      <trkpt lat="42.9667816311121" lon="-72.10368664003909">
        <ele>432</ele>
      </trkpt>
      <trkpt lat="42.96689000912011" lon="-72.10355001501739">
        <ele>431</ele>
      </trkpt>
      <trkpt lat="42.96700836159289" lon="-72.10342336446047">
        <ele>430</ele>
      </trkpt>
      <trkpt lat="42.96712168492377" lon="-72.10330333560705">
        <ele>428</ele>
      </trkpt>
      <trkpt lat="42.96725663356483" lon="-72.10319831036031">
        <ele>427</ele>
      </trkpt>
      <trkpt lat="42.96739996410906" lon="-72.10310669615865">
        <ele>426</ele>
      </trkpt>
      <trkpt lat="42.9675533529371" lon="-72.10301835089922">
        <ele>426</ele>
      </trkpt>
      <trkpt lat="42.96769835986197" lon="-72.1029366273433">
        <ele>426</ele>
      </trkpt>
      <trkpt lat="42.96784663572907" lon="-72.10285498760641">
        <ele>427</ele>
      </trkpt>
      <trkpt lat="42.96798502095044" lon="-72.10277829319239">
        <ele>427</ele>
      </trkpt>
      <trkpt lat="42.9681199695915" lon="-72.10270503535867">
        <ele>428</ele>
      </trkpt>
      <trkpt lat="42.96824829652905" lon="-72.10262331180274">
        <ele>429</ele>
      </trkpt>
      <trkpt lat="42.96837829984725" lon="-72.10253496654332">
        <ele>430</ele>
      </trkpt>
      <trkpt lat="42.9685066267848" lon="-72.10243832319975">
        <ele>431</ele>
      </trkpt>
      <trkpt lat="42.96863663010299" lon="-72.10234000347555">
        <ele>432</ele>
      </trkpt>
      <trkpt lat="42.96876168809831" lon="-72.10222668014467">
        <ele>434</ele>
      </trkpt>
      <trkpt lat="42.96887836419046" lon="-72.10210002958775">
        <ele>435</ele>
      </trkpt>
      <trkpt lat="42.96899168752134" lon="-72.10197329521179">
        <ele>436</ele>
      </trkpt>
      <trkpt lat="42.96909830532968" lon="-72.1018432918936">
        <ele>438</ele>
      </trkpt>
      <trkpt lat="42.96920165419579" lon="-72.10170331411064">
        <ele>439</ele>
      </trkpt>
      <trkpt lat="42.96930165030062" lon="-72.10157004185021">
        <ele>440</ele>
      </trkpt>
      <trkpt lat="42.96939997002482" lon="-72.10143668577075">
        <ele>440</ele>
      </trkpt>
      <trkpt lat="42.96949837356806" lon="-72.10129997693002">
        <ele>441</ele>
      </trkpt>
      <trkpt lat="42.9695999622345" lon="-72.10116997361183">
        <ele>442</ele>
      </trkpt>
      <trkpt lat="42.96970666386187" lon="-72.10104332305491">
        <ele>442</ele>
      </trkpt>
      <trkpt lat="42.96981001272798" lon="-72.10091834887862">
        <ele>443</ele>
      </trkpt>
      <trkpt lat="42.96991830691695" lon="-72.10079496726394">
        <ele>443</ele>
      </trkpt>
      <trkpt lat="42.9700349830091" lon="-72.10067166946828">
        <ele>443</ele>
      </trkpt>
      <trkpt lat="42.97015668824315" lon="-72.100546695292">
        <ele>443</ele>
      </trkpt>
      <trkpt lat="42.97027830965817" lon="-72.10042834281921">
        <ele>443</ele>
      </trkpt>
      <trkpt lat="42.97040336765349" lon="-72.1003133431077">
        <ele>443</ele>
      </trkpt>
      <trkpt lat="42.97052331268787" lon="-72.10019666701555">
        <ele>443</ele>
      </trkpt>
      <trkpt lat="42.97064669430256" lon="-72.10009331814945">
        <ele>443</ele>
      </trkpt>
      <trkpt lat="42.97077334485948" lon="-72.09999835118651">
        <ele>443</ele>
      </trkpt>
      <trkpt lat="42.97090829350054" lon="-72.09991830401123">
        <ele>443</ele>
      </trkpt>
      <trkpt lat="42.97104835510254" lon="-72.09984336979687">
        <ele>444</ele>
      </trkpt>
      <trkpt lat="42.97118665650487" lon="-72.09976667538285">
        <ele>444</ele>
      </trkpt>
      <trkpt lat="42.97132504172623" lon="-72.09969165734947">
        <ele>444</ele>
      </trkpt>
      <trkpt lat="42.97145999036729" lon="-72.09961169399321">
        <ele>444</ele>
      </trkpt>
      <trkpt lat="42.97159669920802" lon="-72.09952997043729">
        <ele>444</ele>
      </trkpt>
      <trkpt lat="42.97173667699099" lon="-72.09944497793913">
        <ele>444</ele>
      </trkpt>
      <trkpt lat="42.97187833115458" lon="-72.09935830906034">
        <ele>444</ele>
      </trkpt>
      <trkpt lat="42.97201503999531" lon="-72.09927834570408">
        <ele>445</ele>
      </trkpt>
      <trkpt lat="42.97214998863637" lon="-72.09919167682528">
        <ele>445</ele>
      </trkpt>
      <trkpt lat="42.97228334471583" lon="-72.09910836070776">
        <ele>446</ele>
      </trkpt>
      <trkpt lat="42.97241334803402" lon="-72.09902831353247">
        <ele>447</ele>
      </trkpt>
      <trkpt lat="42.97254670411348" lon="-72.09895002655685">
        <ele>447</ele>
      </trkpt>
      <trkpt lat="42.97267997637391" lon="-72.0988716557622">
        <ele>448</ele>
      </trkpt>
      <trkpt lat="42.972815008834" lon="-72.09879336878657">
        <ele>448</ele>
      </trkpt>
      <trkpt lat="42.97294836491346" lon="-72.09871332161129">
        <ele>448</ele>
      </trkpt>
      <trkpt lat="42.97308331355453" lon="-72.09863168187439">
        <ele>448</ele>
      </trkpt>
      <trkpt lat="42.97321834601462" lon="-72.09854836575687">
        <ele>448</ele>
      </trkpt>
      <trkpt lat="42.97336167655885" lon="-72.09847670048475">
        <ele>448</ele>
      </trkpt>
      <trkpt lat="42.97350500710309" lon="-72.09841165691614">
        <ele>448</ele>
      </trkpt>
      <trkpt lat="42.97364833764732" lon="-72.09833999164402">
        <ele>448</ele>
      </trkpt>
      <trkpt lat="42.97378169372678" lon="-72.09827503189445">
        <ele>448</ele>
      </trkpt>
      <trkpt lat="42.97400498762727" lon="-72.09815500304103">
        <ele>449</ele>
      </trkpt>
      <trkpt lat="42.97414496541023" lon="-72.09802499972284">
        <ele>449</ele>
      </trkpt>
      <trkpt lat="42.97424496151507" lon="-72.09785669110715">
        <ele>449</ele>
      </trkpt>
      <trkpt lat="42.97423833981156" lon="-72.09758503362536">
        <ele>448</ele>
      </trkpt>
      <trkpt lat="42.97421000897884" lon="-72.0972566306591">
        <ele>448</ele>
      </trkpt>
      <trkpt lat="42.97420003451407" lon="-72.09689168259501">
        <ele>448</ele>
      </trkpt>
      <trkpt lat="42.97419500537217" lon="-72.09670166485012">
        <ele>448</ele>
      </trkpt>
      <trkpt lat="42.97418829984963" lon="-72.09650997072458">
        <ele>447</ele>
      </trkpt>
      <trkpt lat="42.97418000176549" lon="-72.09631836041808">
        <ele>447</ele>
      </trkpt>
      <trkpt lat="42.97417002730072" lon="-72.09612331353128">
        <ele>446</ele>
      </trkpt>
      <trkpt lat="42.97416667453945" lon="-72.09593497216702">
        <ele>446</ele>
      </trkpt>
      <trkpt lat="42.97417002730072" lon="-72.09574336186051">
        <ele>446</ele>
      </trkpt>
      <trkpt lat="42.97418167814612" lon="-72.09555837325752">
        <ele>445</ele>
      </trkpt>
      <trkpt lat="42.97420330345631" lon="-72.09537330083549">
        <ele>445</ele>
      </trkpt>
      <trkpt lat="42.97427832148969" lon="-72.0950466580689">
        <ele>445</ele>
      </trkpt>
      <trkpt lat="42.97441335394979" lon="-72.09473166614771">
        <ele>444</ele>
      </trkpt>
      <trkpt lat="42.97458166256547" lon="-72.09445497952402">
        <ele>443</ele>
      </trkpt>
      <trkpt lat="42.97473664395511" lon="-72.09416337311268">
        <ele>443</ele>
      </trkpt>
      <trkpt lat="42.97489003278315" lon="-72.0939033664763">
        <ele>441</ele>
      </trkpt>
      <trkpt lat="42.97508164308965" lon="-72.09368501789868">
        <ele>440</ele>
      </trkpt>
      <trkpt lat="42.97530837357044" lon="-72.09348829463124">
        <ele>439</ele>
      </trkpt>
      <trkpt lat="42.97553669661283" lon="-72.09330665878952">
        <ele>438</ele>
      </trkpt>
      <trkpt lat="42.97565664164722" lon="-72.09322166629136">
        <ele>438</ele>
      </trkpt>
      <trkpt lat="42.97590164467692" lon="-72.09304665215313">
        <ele>438</ele>
      </trkpt>
      <trkpt lat="42.97602670267224" lon="-72.09295336157084">
        <ele>438</ele>
      </trkpt>
      <trkpt lat="42.97614664770663" lon="-72.09284163080156">
        <ele>438</ele>
      </trkpt>
      <trkpt lat="42.97625670209527" lon="-72.09271003492177">
        <ele>438</ele>
      </trkpt>
      <trkpt lat="42.9763466399163" lon="-72.09255496971309">
        <ele>438</ele>
      </trkpt>
      <trkpt lat="42.97641662880778" lon="-72.09238666109741">
        <ele>438</ele>
      </trkpt>
      <trkpt lat="42.97647002153099" lon="-72.09221332333982">
        <ele>439</ele>
      </trkpt>
      <trkpt lat="42.97651335597038" lon="-72.09203168749809">
        <ele>439</ele>
      </trkpt>
      <trkpt lat="42.97653330489993" lon="-72.09183664061129">
        <ele>439</ele>
      </trkpt>
      <trkpt lat="42.9765366576612" lon="-72.09164167754352">
        <ele>440</ele>
      </trkpt>
      <trkpt lat="42.97652165405452" lon="-72.09145333617926">
        <ele>439</ele>
      </trkpt>
      <trkpt lat="42.97649164684117" lon="-72.09127170033753">
        <ele>439</ele>
      </trkpt>
      <trkpt lat="42.97639835625887" lon="-72.09091999568045">
        <ele>439</ele>
      </trkpt>
      <trkpt lat="42.97633498907089" lon="-72.09074498154223">
        <ele>438</ele>
      </trkpt>
      <trkpt lat="42.97625829465687" lon="-72.09057164378464">
        <ele>438</ele>
      </trkpt>
      <trkpt lat="42.97617330215871" lon="-72.09040501154959">
        <ele>438</ele>
      </trkpt>
      <trkpt lat="42.97608336433768" lon="-72.09023997187614">
        <ele>437</ele>
      </trkpt>
      <trkpt lat="42.97599334269762" lon="-72.09006998687983">
        <ele>437</ele>
      </trkpt>
      <trkpt lat="42.9759100265801" lon="-72.0898949727416">
        <ele>436</ele>
      </trkpt>
      <trkpt lat="42.97583500854671" lon="-72.08971333689988">
        <ele>436</ele>
      </trkpt>
      <trkpt lat="42.97576501965523" lon="-72.08953170105815">
        <ele>436</ele>
      </trkpt>
      <trkpt lat="42.97569997608662" lon="-72.0893600396812">
        <ele>436</ele>
      </trkpt>
      <trkpt lat="42.97563836909831" lon="-72.08918829448521">
        <ele>436</ele>
      </trkpt>
      <trkpt lat="42.97556997276843" lon="-72.08901830948889">
        <ele>436</ele>
      </trkpt>
      <trkpt lat="42.97549998387694" lon="-72.08885997533798">
        <ele>436</ele>
      </trkpt>
      <trkpt lat="42.9753399733454" lon="-72.08856166340411">
        <ele>436</ele>
      </trkpt>
      <trkpt lat="42.97525498084724" lon="-72.08841498009861">
        <ele>436</ele>
      </trkpt>
      <trkpt lat="42.97508667223155" lon="-72.08813670091331">
        <ele>435</ele>
      </trkpt>
      <trkpt lat="42.97499665059149" lon="-72.08799663931131">
        <ele>434</ele>
      </trkpt>
      <trkpt lat="42.97490503638983" lon="-72.08785330876708">
        <ele>433</ele>
      </trkpt>
      <trkpt lat="42.97481501474977" lon="-72.08770335651934">
        <ele>432</ele>
      </trkpt>
      <trkpt lat="42.97472834587097" lon="-72.08755667321384">
        <ele>431</ele>
      </trkpt>
      <trkpt lat="42.97458166256547" lon="-72.08729331381619">
        <ele>430</ele>
      </trkpt>
      <trkpt lat="42.97447831369936" lon="-72.08705501630902">
        <ele>429</ele>
      </trkpt>
      <trkpt lat="42.97437496483326" lon="-72.086825016886">
        <ele>428</ele>
      </trkpt>
      <trkpt lat="42.97424831427634" lon="-72.08655503578484">
        <ele>426</ele>
      </trkpt>
      <trkpt lat="42.97410163097084" lon="-72.08627332001925">
        <ele>425</ele>
      </trkpt>
      <trkpt lat="42.97394664958119" lon="-72.0860099606216">
        <ele>425</ele>
      </trkpt>
      <trkpt lat="42.97379996627569" lon="-72.08576831035316">
        <ele>425</ele>
      </trkpt>
      <trkpt lat="42.97365831211209" lon="-72.08550998009741">
        <ele>425</ele>
      </trkpt>
      <trkpt lat="42.97351330518723" lon="-72.08524335175753">
        <ele>425</ele>
      </trkpt>
      <trkpt lat="42.97335497103631" lon="-72.0849700178951">
        <ele>425</ele>
      </trkpt>
      <trkpt lat="42.97318833880126" lon="-72.08468662574887">
        <ele>425</ele>
      </trkpt>
      <trkpt lat="42.97310334630311" lon="-72.08454170264304">
        <ele>425</ele>
      </trkpt>
      <trkpt lat="42.97302003018558" lon="-72.0843933429569">
        <ele>426</ele>
      </trkpt>
      <trkpt lat="42.97293998301029" lon="-72.08423668518662">
        <ele>426</ele>
      </trkpt>
      <trkpt lat="42.97286496497691" lon="-72.08407835103571">
        <ele>427</ele>
      </trkpt>
      <trkpt lat="42.97279170714319" lon="-72.08391666412354">
        <ele>427</ele>
      </trkpt>
      <trkpt lat="42.97264670021832" lon="-72.08360997028649">
        <ele>429</ele>
      </trkpt>
      <trkpt lat="42.97250001691282" lon="-72.08332666195929">
        <ele>430</ele>
      </trkpt>
      <trkpt lat="42.97236003912985" lon="-72.08304335363209">
        <ele>431</ele>
      </trkpt>
      <trkpt lat="42.97221335582435" lon="-72.08274663425982">
        <ele>432</ele>
      </trkpt>
      <trkpt lat="42.97213833779097" lon="-72.08258830010891">
        <ele>432</ele>
      </trkpt>
      <trkpt lat="42.97200330533087" lon="-72.08228169009089">
        <ele>433</ele>
      </trkpt>
      <trkpt lat="42.97187497839332" lon="-72.08198832347989">
        <ele>436</ele>
      </trkpt>
      <trkpt lat="42.9717533569783" lon="-72.08169998601079">
        <ele>439</ele>
      </trkpt>
      <trkpt lat="42.97162829898298" lon="-72.08140670321882">
        <ele>442</ele>
      </trkpt>
      <trkpt lat="42.97150332480669" lon="-72.08111333660781">
        <ele>446</ele>
      </trkpt>
      <trkpt lat="42.97139335423708" lon="-72.08079499192536">
        <ele>450</ele>
      </trkpt>
      <trkpt lat="42.97128170728683" lon="-72.08046332001686">
        <ele>453</ele>
      </trkpt>
      <trkpt lat="42.97122336924076" lon="-72.08029333502054">
        <ele>455</ele>
      </trkpt>
      <trkpt lat="42.97116167843342" lon="-72.08011999726295">
        <ele>457</ele>
      </trkpt>
      <trkpt lat="42.97110669314861" lon="-72.0799433067441">
        <ele>458</ele>
      </trkpt>
      <trkpt lat="42.97105832956731" lon="-72.07976829260588">
        <ele>459</ele>
      </trkpt>
      <trkpt lat="42.97096998430789" lon="-72.07943335175514">
        <ele>461</ele>
      </trkpt>
      <trkpt lat="42.97087334096432" lon="-72.07911333069205">
        <ele>463</ele>
      </trkpt>
      <trkpt lat="42.97076663933694" lon="-72.07879163324833">
        <ele>464</ele>
      </trkpt>
      <trkpt lat="42.97067502513528" lon="-72.07844663411379">
        <ele>464</ele>
      </trkpt>
      <trkpt lat="42.97063001431525" lon="-72.07826332189143">
        <ele>464</ele>
      </trkpt>
      <trkpt lat="42.97058667987585" lon="-72.0780816860497">
        <ele>463</ele>
      </trkpt>
      <trkpt lat="42.97054996713996" lon="-72.07788831554353">
        <ele>462</ele>
      </trkpt>
      <trkpt lat="42.97051166184247" lon="-72.07771003246307">
        <ele>462</ele>
      </trkpt>
      <trkpt lat="42.97043496742845" lon="-72.0773633569479">
        <ele>462</ele>
      </trkpt>
      <trkpt lat="42.97033832408488" lon="-72.07704668864608">
        <ele>462</ele>
      </trkpt>
      <trkpt lat="42.97024503350258" lon="-72.07671996206045">
        <ele>463</ele>
      </trkpt>
      <trkpt lat="42.97018334269524" lon="-72.076356690377">
        <ele>464</ele>
      </trkpt>
      <trkpt lat="42.97016330994666" lon="-72.07616331987083">
        <ele>464</ele>
      </trkpt>
      <trkpt lat="42.97014336101711" lon="-72.07596835680306">
        <ele>465</ele>
      </trkpt>
      <trkpt lat="42.97013162635267" lon="-72.07576501183212">
        <ele>465</ele>
      </trkpt>
      <trkpt lat="42.97012165188789" lon="-72.07556166686118">
        <ele>466</ele>
      </trkpt>
      <trkpt lat="42.97011503018439" lon="-72.0753616746515">
        <ele>466</ele>
      </trkpt>
      <trkpt lat="42.97010832466185" lon="-72.07517333328724">
        <ele>467</ele>
      </trkpt>
      <trkpt lat="42.97010170295835" lon="-72.07498834468424">
        <ele>467</ele>
      </trkpt>
      <trkpt lat="42.97009667381644" lon="-72.07463496364653">
        <ele>468</ele>
      </trkpt>
      <trkpt lat="42.97009835019708" lon="-72.0743000227958">
        <ele>468</ele>
      </trkpt>
      <trkpt lat="42.97010832466185" lon="-72.07395829260349">
        <ele>468</ele>
      </trkpt>
      <trkpt lat="42.97010832466185" lon="-72.07360164262354">
        <ele>467</ele>
      </trkpt>
      <trkpt lat="42.97009835019708" lon="-72.07322998903692">
        <ele>467</ele>
      </trkpt>
      <trkpt lat="42.97008502297103" lon="-72.07302832044661">
        <ele>466</ele>
      </trkpt>
      <trkpt lat="42.97006499022245" lon="-72.07282832823694">
        <ele>466</ele>
      </trkpt>
      <trkpt lat="42.97004336491227" lon="-72.07263168878853">
        <ele>466</ele>
      </trkpt>
      <trkpt lat="42.97001503407955" lon="-72.0724349655211">
        <ele>466</ele>
      </trkpt>
      <trkpt lat="42.9699850268662" lon="-72.07224830053747">
        <ele>467</ele>
      </trkpt>
      <trkpt lat="42.96995166689157" lon="-72.07206666469574">
        <ele>468</ele>
      </trkpt>
      <trkpt lat="42.96992333605886" lon="-72.07187329418957">
        <ele>469</ele>
      </trkpt>
      <trkpt lat="42.9698983579874" lon="-72.07168998196721">
        <ele>471</ele>
      </trkpt>
      <trkpt lat="42.96986667439342" lon="-72.07151002250612">
        <ele>472</ele>
      </trkpt>
      <trkpt lat="42.96979668550193" lon="-72.07117835059762">
        <ele>476</ele>
      </trkpt>
      <trkpt lat="42.96970498748124" lon="-72.07088498398662">
        <ele>479</ele>
      </trkpt>
      <trkpt lat="42.9696049913764" lon="-72.07060502842069">
        <ele>483</ele>
      </trkpt>
      <trkpt lat="42.96949669718742" lon="-72.0702900364995">
        <ele>488</ele>
      </trkpt>
      <trkpt lat="42.96938999556005" lon="-72.06997336819768">
        <ele>493</ele>
      </trkpt>
      <trkpt lat="42.96932830475271" lon="-72.06963834352791">
        <ele>496</ele>
      </trkpt>
      <trkpt lat="42.96930165030062" lon="-72.06929996609688">
        <ele>498</ele>
      </trkpt>
      <trkpt lat="42.96927499584854" lon="-72.06898002885282">
        <ele>500</ele>
      </trkpt>
      <trkpt lat="42.96919503249228" lon="-72.06869998946786">
        <ele>501</ele>
      </trkpt>
      <trkpt lat="42.96905170194805" lon="-72.06845498643816">
        <ele>502</ele>
      </trkpt>
      <trkpt lat="42.96886662952602" lon="-72.06826999783516">
        <ele>503</ele>
      </trkpt>
      <trkpt lat="42.96866496093571" lon="-72.06811669282615">
        <ele>504</ele>
      </trkpt>
      <trkpt lat="42.96848667785525" lon="-72.06801996566355">
        <ele>506</ele>
      </trkpt>
      <trkpt lat="42.96831669285893" lon="-72.06794997677207">
        <ele>507</ele>
      </trkpt>
      <trkpt lat="42.96815835870802" lon="-72.06789331510663">
        <ele>508</ele>
      </trkpt>
      <trkpt lat="42.96800999902189" lon="-72.0678483042866">
        <ele>509</ele>
      </trkpt>
      <trkpt lat="42.96784495934844" lon="-72.06783497706056">
        <ele>511</ele>
      </trkpt>
      <trkpt lat="42.96765502542257" lon="-72.0678049698472">
        <ele>512</ele>
      </trkpt>
      <trkpt lat="42.96750834211707" lon="-72.06777831539512">
        <ele>513</ele>
      </trkpt>
      <trkpt lat="42.96734330244362" lon="-72.06774168647826">
        <ele>514</ele>
      </trkpt>
      <trkpt lat="42.9671733174473" lon="-72.06768334843218">
        <ele>514</ele>
      </trkpt>
      <trkpt lat="42.96699503436685" lon="-72.06762668676674">
        <ele>514</ele>
      </trkpt>
      <trkpt lat="42.96679663471878" lon="-72.06756834872067">
        <ele>515</ele>
      </trkpt>
      <trkpt lat="42.96659337356687" lon="-72.06750003620982">
        <ele>516</ele>
      </trkpt>
      <trkpt lat="42.96640335582197" lon="-72.06742837093771">
        <ele>516</ele>
      </trkpt>
      <trkpt lat="42.96624502167106" lon="-72.06739501096308">
        <ele>517</ele>
      </trkpt>
      <trkpt lat="42.96610831283033" lon="-72.06735997460783">
        <ele>517</ele>
      </trkpt>
      <trkpt lat="42.9659766331315" lon="-72.06730834208429">
        <ele>518</ele>
      </trkpt>
      <trkpt lat="42.96583497896791" lon="-72.06726333126426">
        <ele>518</ele>
      </trkpt>
      <trkpt lat="42.96565166674554" lon="-72.0671849604696">
        <ele>519</ele>
      </trkpt>
      <trkpt lat="42.96550833620131" lon="-72.0671299751848">
        <ele>520</ele>
      </trkpt>
      <trkpt lat="42.96531169675291" lon="-72.06702830269933">
        <ele>520</ele>
      </trkpt>
      <trkpt lat="42.96517163515091" lon="-72.06696669571102">
        <ele>521</ele>
      </trkpt>
      <trkpt lat="42.96503501012921" lon="-72.06690835766494">
        <ele>521</ele>
      </trkpt>
      <trkpt lat="42.96489997766912" lon="-72.06683836877346">
        <ele>521</ele>
      </trkpt>
      <trkpt lat="42.96475832350552" lon="-72.06675002351403">
        <ele>522</ele>
      </trkpt>
      <trkpt lat="42.96457501128316" lon="-72.06664835102856">
        <ele>522</ele>
      </trkpt>
      <trkpt lat="42.96443335711956" lon="-72.06657165661454">
        <ele>521</ele>
      </trkpt>
      <trkpt lat="42.96426337212324" lon="-72.06648666411638">
        <ele>521</ele>
      </trkpt>
      <trkpt lat="42.96413496136665" lon="-72.06640502437949">
        <ele>520</ele>
      </trkpt>
      <trkpt lat="42.96401996165514" lon="-72.06630167551339">
        <ele>519</ele>
      </trkpt>
      <trkpt lat="42.96386330388486" lon="-72.06620167940855">
        <ele>518</ele>
      </trkpt>
      <trkpt lat="42.96377336606383" lon="-72.06605164334178">
        <ele>517</ele>
      </trkpt>
      <trkpt lat="42.96368334442377" lon="-72.065888363868">
        <ele>515</ele>
      </trkpt>
      <trkpt lat="42.96359499916434" lon="-72.06567001529038">
        <ele>513</ele>
      </trkpt>
      <trkpt lat="42.96351335942745" lon="-72.06544831395149">
        <ele>510</ele>
      </trkpt>
      <trkpt lat="42.96345996670425" lon="-72.06527329981327">
        <ele>507</ele>
      </trkpt>
      <trkpt lat="42.96340330503881" lon="-72.06509166397154">
        <ele>505</ele>
      </trkpt>
      <trkpt lat="42.96328503638506" lon="-72.06491832621396">
        <ele>504</ele>
      </trkpt>
      <trkpt lat="42.96317665837705" lon="-72.06479335203767">
        <ele>503</ele>
      </trkpt>
      <trkpt lat="42.96304003335536" lon="-72.0645999815315">
        <ele>502</ele>
      </trkpt>
      <trkpt lat="42.96293836086988" lon="-72.06441331654787">
        <ele>501</ele>
      </trkpt>
      <trkpt lat="42.96282503753901" lon="-72.06423168070614">
        <ele>500</ele>
      </trkpt>
      <trkpt lat="42.96272336505353" lon="-72.06406337209046">
        <ele>499</ele>
      </trkpt>
      <trkpt lat="42.96264667063951" lon="-72.06390503793955">
        <ele>497</ele>
      </trkpt>
      <trkpt lat="42.96246503479779" lon="-72.06388500519097">
        <ele>498</ele>
      </trkpt>
      <trkpt lat="42.96230996958911" lon="-72.06380998715758">
        <ele>498</ele>
      </trkpt>
      <trkpt lat="42.96213503926992" lon="-72.06376497633755">
        <ele>499</ele>
      </trkpt>
      <trkpt lat="42.96198332682252" lon="-72.06376170739532">
        <ele>500</ele>
      </trkpt>
      <trkpt lat="42.96179666183889" lon="-72.06379665993154">
        <ele>502</ele>
      </trkpt>
      <trkpt lat="42.96161997132003" lon="-72.06382666714489">
        <ele>505</ele>
      </trkpt>
      <trkpt lat="42.96145333908498" lon="-72.06384669989347">
        <ele>507</ele>
      </trkpt>
      <trkpt lat="42.96128829941154" lon="-72.06385164521635">
        <ele>509</ele>
      </trkpt>
      <trkpt lat="42.96111663803458" lon="-72.06389330327511">
        <ele>511</ele>
      </trkpt>
      <trkpt lat="42.96094665303826" lon="-72.06396999768913">
        <ele>515</ele>
      </trkpt>
      <trkpt lat="42.96078169718385" lon="-72.0640283357352">
        <ele>517</ele>
      </trkpt>
      <trkpt lat="42.96062663197517" lon="-72.06398164853454">
        <ele>518</ele>
      </trkpt>
      <trkpt lat="42.96047332696617" lon="-72.06394166685641">
        <ele>519</ele>
      </trkpt>
      <trkpt lat="42.96031164005399" lon="-72.06389330327511">
        <ele>519</ele>
      </trkpt>
      <trkpt lat="42.96017501503229" lon="-72.06384167075157">
        <ele>519</ele>
      </trkpt>
      <trkpt lat="42.96002330258489" lon="-72.06381669268012">
        <ele>520</ele>
      </trkpt>
      <trkpt lat="42.95987997204065" lon="-72.06379330717027">
        <ele>521</ele>
      </trkpt>
      <trkpt lat="42.95970663428307" lon="-72.0636966638267">
        <ele>520</ele>
      </trkpt>
      <trkpt lat="42.95957503840327" lon="-72.06361829303205">
        <ele>519</ele>
      </trkpt>
      <trkpt lat="42.95942164957523" lon="-72.06355165690184">
        <ele>518</ele>
      </trkpt>
      <trkpt lat="42.95927169732749" lon="-72.06350664608181">
        <ele>518</ele>
      </trkpt>
      <trkpt lat="42.95912669040263" lon="-72.06349164247513">
        <ele>518</ele>
      </trkpt>
      <trkpt lat="42.95898335985839" lon="-72.06347496248782">
        <ele>516</ele>
      </trkpt>
      <trkpt lat="42.95884170569479" lon="-72.06345836631954">
        <ele>515</ele>
      </trkpt>
      <trkpt lat="42.95868337154388" lon="-72.06345995888114">
        <ele>514</ele>
      </trkpt>
      <trkpt lat="42.95853333547711" lon="-72.06345501355827">
        <ele>512</ele>
      </trkpt>
      <trkpt lat="42.95839503407478" lon="-72.06347663886845">
        <ele>512</ele>
      </trkpt>
      <trkpt lat="42.95823996886611" lon="-72.06352835521102">
        <ele>512</ele>
      </trkpt>
      <trkpt lat="42.95808834023774" lon="-72.06357495859265">
        <ele>513</ele>
      </trkpt>
      <trkpt lat="42.95794668607414" lon="-72.06363170407712">
        <ele>514</ele>
      </trkpt>
      <trkpt lat="42.95778667554259" lon="-72.06366498023272">
        <ele>514</ele>
      </trkpt>
      <trkpt lat="42.95763001777232" lon="-72.06370831467211">
        <ele>514</ele>
      </trkpt>
      <trkpt lat="42.95747830532491" lon="-72.06375835463405">
        <ele>514</ele>
      </trkpt>
      <trkpt lat="42.95733170583844" lon="-72.06380168907344">
        <ele>515</ele>
      </trkpt>
      <trkpt lat="42.95720002613962" lon="-72.06384502351284">
        <ele>515</ele>
      </trkpt>
      <trkpt lat="42.9570250120014" lon="-72.06389833241701">
        <ele>516</ele>
      </trkpt>
      <trkpt lat="42.95682837255299" lon="-72.06398164853454">
        <ele>517</ele>
      </trkpt>
      <trkpt lat="42.95666668564081" lon="-72.06404996104538">
        <ele>518</ele>
      </trkpt>
      <trkpt lat="42.95651497319341" lon="-72.06412833184004">
        <ele>519</ele>
      </trkpt>
      <trkpt lat="42.95633836649358" lon="-72.06424165517092">
        <ele>519</ele>
      </trkpt>
      <trkpt lat="42.95619998127222" lon="-72.06437333486974">
        <ele>520</ele>
      </trkpt>
      <trkpt lat="42.95613669790328" lon="-72.06461833789945">
        <ele>522</ele>
      </trkpt>
      <trkpt lat="42.9561283160001" lon="-72.06481003202498">
        <ele>524</ele>
      </trkpt>
      <trkpt lat="42.956165028736" lon="-72.06502829678357">
        <ele>527</ele>
      </trkpt>
      <trkpt lat="42.95620836317539" lon="-72.06523164175451">
        <ele>529</ele>
      </trkpt>
      <trkpt lat="42.95622169040143" lon="-72.06544169224799">
        <ele>530</ele>
      </trkpt>
      <trkpt lat="42.95623837038875" lon="-72.06566498614848">
        <ele>532</ele>
      </trkpt>
      <trkpt lat="42.95627667568624" lon="-72.06585835665464">
        <ele>534</ele>
      </trkpt>
      <trkpt lat="42.95632998459041" lon="-72.06603999249637">
        <ele>535</ele>
      </trkpt>
      <trkpt lat="42.95638832263649" lon="-72.06621668301523">
        <ele>535</ele>
      </trkpt>
      <trkpt lat="42.95644666068256" lon="-72.06638834439218">
        <ele>536</ele>
      </trkpt>
      <trkpt lat="42.95649996958673" lon="-72.06657333299518">
        <ele>536</ele>
      </trkpt>
      <trkpt lat="42.95655663125217" lon="-72.06683669239283">
        <ele>535</ele>
      </trkpt>
      <trkpt lat="42.95659996569157" lon="-72.06702830269933">
        <ele>535</ele>
      </trkpt>
      <trkpt lat="42.95665335841477" lon="-72.06720164045691">
        <ele>535</ele>
      </trkpt>
      <trkpt lat="42.95672996900976" lon="-72.0674233417958">
        <ele>535</ele>
      </trkpt>
      <trkpt lat="42.95682669617236" lon="-72.06767337396741">
        <ele>534</ele>
      </trkpt>
      <trkpt lat="42.95690330676734" lon="-72.06782835535705">
        <ele>534</ele>
      </trkpt>
      <trkpt lat="42.95699165202677" lon="-72.06801502034068">
        <ele>533</ele>
      </trkpt>
      <trkpt lat="42.95710329897702" lon="-72.06825331784785">
        <ele>532</ele>
      </trkpt>
      <trkpt lat="42.95718334615231" lon="-72.06846496090293">
        <ele>533</ele>
      </trkpt>
      <trkpt lat="42.95721167698503" lon="-72.06865162588656">
        <ele>534</ele>
      </trkpt>
      <trkpt lat="42.95717999339104" lon="-72.06890501081944">
        <ele>534</ele>
      </trkpt>
      <trkpt lat="42.95715333893895" lon="-72.06915169022977">
        <ele>533</ele>
      </trkpt>
      <trkpt lat="42.95713162980974" lon="-72.06941831856966">
        <ele>533</ele>
      </trkpt>
      <trkpt lat="42.95710832811892" lon="-72.06961168907583">
        <ele>533</ele>
      </trkpt>
      <trkpt lat="42.95710170641541" lon="-72.0698066521436">
        <ele>533</ele>
      </trkpt>
      <trkpt lat="42.95709835365415" lon="-72.07010169513524">
        <ele>534</ele>
      </trkpt>
      <trkpt lat="42.95711168088019" lon="-72.07030663266778">
        <ele>535</ele>
      </trkpt>
      <trkpt lat="42.95711997896433" lon="-72.07051333039999">
        <ele>536</ele>
      </trkpt>
      <trkpt lat="42.95710832811892" lon="-72.07073997706175">
        <ele>537</ele>
      </trkpt>
      <trkpt lat="42.95716834254563" lon="-72.07091834396124">
        <ele>539</ele>
      </trkpt>
      <trkpt lat="42.95729834586382" lon="-72.07104834727943">
        <ele>543</ele>
      </trkpt>
      <trkpt lat="42.95742499642074" lon="-72.07120165228844">
        <ele>546</ele>
      </trkpt>
      <trkpt lat="42.95749498531222" lon="-72.07137834280729">
        <ele>549</ele>
      </trkpt>
      <trkpt lat="42.95757335610688" lon="-72.07159669138491">
        <ele>553</ele>
      </trkpt>
      <trkpt lat="42.95764669775963" lon="-72.07184999249876">
        <ele>555</ele>
      </trkpt>
      <trkpt lat="42.95771165750921" lon="-72.07208837382495">
        <ele>556</ele>
      </trkpt>
      <trkpt lat="42.9577932972461" lon="-72.07230831496418">
        <ele>558</ele>
      </trkpt>
      <trkpt lat="42.95787166804075" lon="-72.07250000908971">
        <ele>559</ele>
      </trkpt>
      <trkpt lat="42.95793168246746" lon="-72.07270167768002">
        <ele>561</ele>
      </trkpt>
      <trkpt lat="42.95796001330018" lon="-72.072918349877">
        <ele>562</ele>
      </trkpt>
      <trkpt lat="42.95796168968081" lon="-72.07314834930003">
        <ele>562</ele>
      </trkpt>
      <trkpt lat="42.95796001330018" lon="-72.07338329404593">
        <ele>562</ele>
      </trkpt>
      <trkpt lat="42.95794668607414" lon="-72.07360499538481">
        <ele>562</ele>
      </trkpt>
      <trkpt lat="42.95793000608683" lon="-72.07382334396243">
        <ele>562</ele>
      </trkpt>
      <trkpt lat="42.95790997333825" lon="-72.0740116853267">
        <ele>562</ele>
      </trkpt>
      <trkpt lat="42.95788164250553" lon="-72.07424998283386">
        <ele>560</ele>
      </trkpt>
      <trkpt lat="42.95784995891154" lon="-72.07445668056607">
        <ele>558</ele>
      </trkpt>
      <trkpt lat="42.95782330445945" lon="-72.07464996725321">
        <ele>556</ele>
      </trkpt>
      <trkpt lat="42.95778835192323" lon="-72.07484669052064">
        <ele>555</ele>
      </trkpt>
      <trkpt lat="42.9577549919486" lon="-72.07504165358841">
        <ele>553</ele>
      </trkpt>
      <trkpt lat="42.95772330835462" lon="-72.07523502409458">
        <ele>552</ele>
      </trkpt>
      <trkpt lat="42.95767335221171" lon="-72.07549503073096">
        <ele>550</ele>
      </trkpt>
      <trkpt lat="42.95763999223709" lon="-72.07575998269022">
        <ele>548</ele>
      </trkpt>
      <trkpt lat="42.95758500695229" lon="-72.07595670595765">
        <ele>548</ele>
      </trkpt>
      <trkpt lat="42.95750663615763" lon="-72.07615166902542">
        <ele>548</ele>
      </trkpt>
      <trkpt lat="42.95744829811156" lon="-72.07634503953159">
        <ele>547</ele>
      </trkpt>
      <trkpt lat="42.95740999281406" lon="-72.0765467081219">
        <ele>546</ele>
      </trkpt>
      <trkpt lat="42.95738166198134" lon="-72.07675835117698">
        <ele>547</ele>
      </trkpt>
      <trkpt lat="42.95734335668385" lon="-72.07698667421937">
        <ele>548</ele>
      </trkpt>
      <trkpt lat="42.95732667669654" lon="-72.07721164450049">
        <ele>549</ele>
      </trkpt>
      <trkpt lat="42.9573133494705" lon="-72.0774566475302">
        <ele>550</ele>
      </trkpt>
      <trkpt lat="42.9573133494705" lon="-72.07768999971449">
        <ele>550</ele>
      </trkpt>
      <trkpt lat="42.95732667669654" lon="-72.07789837382734">
        <ele>550</ele>
      </trkpt>
      <trkpt lat="42.95735333114862" lon="-72.07809501327574">
        <ele>550</ele>
      </trkpt>
      <trkpt lat="42.95740496367216" lon="-72.0782666746527">
        <ele>550</ele>
      </trkpt>
      <trkpt lat="42.95748165808618" lon="-72.07844168879092">
        <ele>549</ele>
      </trkpt>
      <trkpt lat="42.95756497420371" lon="-72.07865668460727">
        <ele>547</ele>
      </trkpt>
      <trkpt lat="42.95765331946313" lon="-72.07889162935317">
        <ele>546</ele>
      </trkpt>
      <trkpt lat="42.95773336663842" lon="-72.07911165431142">
        <ele>544</ele>
      </trkpt>
      <trkpt lat="42.95781332999468" lon="-72.07933670841157">
        <ele>543</ele>
      </trkpt>
      <trkpt lat="42.95787334442139" lon="-72.07959336228669">
        <ele>543</ele>
      </trkpt>
      <trkpt lat="42.95791500248015" lon="-72.07987164147198">
        <ele>543</ele>
      </trkpt>
      <trkpt lat="42.95793662779033" lon="-72.08011496812105">
        <ele>542</ele>
      </trkpt>
      <trkpt lat="42.95796336606145" lon="-72.08032669499516">
        <ele>541</ele>
      </trkpt>
      <trkpt lat="42.95799496583641" lon="-72.08053163252771">
        <ele>540</ele>
      </trkpt>
      <trkpt lat="42.95797996222973" lon="-72.08074000664055">
        <ele>539</ele>
      </trkpt>
      <trkpt lat="42.95803335495293" lon="-72.08091996610165">
        <ele>538</ele>
      </trkpt>
      <trkpt lat="42.95808331109583" lon="-72.0811833254993">
        <ele>535</ele>
      </trkpt>
      <trkpt lat="42.95809831470251" lon="-72.08148499019444">
        <ele>533</ele>
      </trkpt>
      <trkpt lat="42.95810996554792" lon="-72.08174834959209">
        <ele>531</ele>
      </trkpt>
      <trkpt lat="42.95813335105777" lon="-72.08196502178907">
        <ele>529</ele>
      </trkpt>
      <trkpt lat="42.95816662721336" lon="-72.08221329376101">
        <ele>526</ele>
      </trkpt>
      <trkpt lat="42.95819663442671" lon="-72.08244170062244">
        <ele>524</ele>
      </trkpt>
      <trkpt lat="42.95826167799532" lon="-72.08264663815498">
        <ele>521</ele>
      </trkpt>
      <trkpt lat="42.9582716524601" lon="-72.08285165950656">
        <ele>519</ele>
      </trkpt>
      <trkpt lat="42.95828665606678" lon="-72.08305835723877">
        <ele>517</ele>
      </trkpt>
      <trkpt lat="42.95833996497095" lon="-72.08325499668717">
        <ele>515</ele>
      </trkpt>
      <trkpt lat="42.9583699721843" lon="-72.08349329419434">
        <ele>513</ele>
      </trkpt>
      <trkpt lat="42.95844331383705" lon="-72.08367836661637">
        <ele>511</ele>
      </trkpt>
      <trkpt lat="42.95851330272853" lon="-72.08387835882604">
        <ele>509</ele>
      </trkpt>
      <trkpt lat="42.95853333547711" lon="-72.08411497995257">
        <ele>507</ele>
      </trkpt>
      <trkpt lat="42.95855169184506" lon="-72.08433332853019">
        <ele>506</ele>
      </trkpt>
      <trkpt lat="42.95856996439397" lon="-72.08452669903636">
        <ele>505</ele>
      </trkpt>
      <trkpt lat="42.95854004099965" lon="-72.08471830934286">
        <ele>504</ele>
      </trkpt>
      <trkpt lat="42.95845831744373" lon="-72.08495501428843">
        <ele>503</ele>
      </trkpt>
      <trkpt lat="42.95840165577829" lon="-72.08517663180828">
        <ele>502</ele>
      </trkpt>
      <trkpt lat="42.95840836130083" lon="-72.08538165315986">
        <ele>501</ele>
      </trkpt>
      <trkpt lat="42.95846996828914" lon="-72.08559832535684">
        <ele>500</ele>
      </trkpt>
      <trkpt lat="42.95856334269047" lon="-72.08577996119857">
        <ele>500</ele>
      </trkpt>
      <trkpt lat="42.95863333158195" lon="-72.08594835363328">
        <ele>500</ele>
      </trkpt>
      <trkpt lat="42.95866669155657" lon="-72.08615832030773">
        <ele>499</ele>
      </trkpt>
      <trkpt lat="42.95864330604672" lon="-72.0864066760987">
        <ele>498</ele>
      </trkpt>
      <trkpt lat="42.95864162966609" lon="-72.08665503188968">
        <ele>497</ele>
      </trkpt>
      <trkpt lat="42.95868169516325" lon="-72.08691998384893">
        <ele>496</ele>
      </trkpt>
      <trkpt lat="42.95871329493821" lon="-72.08718669600785">
        <ele>496</ele>
      </trkpt>
      <trkpt lat="42.95871002599597" lon="-72.08743664436042">
        <ele>495</ele>
      </trkpt>
      <trkpt lat="42.95866166241467" lon="-72.08766999654472">
        <ele>495</ele>
      </trkpt>
      <trkpt lat="42.95856669545174" lon="-72.0878316834569">
        <ele>496</ele>
      </trkpt>
      <trkpt lat="42.95835169963539" lon="-72.08780670538545">
        <ele>496</ele>
      </trkpt>
      <trkpt lat="42.95815003104508" lon="-72.08762666210532">
        <ele>495</ele>
      </trkpt>
      <trkpt lat="42.95794836245477" lon="-72.08745332434773">
        <ele>494</ele>
      </trkpt>
      <trkpt lat="42.9577549919486" lon="-72.08732164464891">
        <ele>493</ele>
      </trkpt>
      <trkpt lat="42.95754829421639" lon="-72.08721997216344">
        <ele>492</ele>
      </trkpt>
      <trkpt lat="42.95730832032859" lon="-72.08714168518782">
        <ele>491</ele>
      </trkpt>
      <trkpt lat="42.95705669559538" lon="-72.08708829246461">
        <ele>489</ele>
      </trkpt>
      <trkpt lat="42.95682501979172" lon="-72.08708334714174">
        <ele>487</ele>
      </trkpt>
      <trkpt lat="42.95662502758205" lon="-72.08711167797446">
        <ele>486</ele>
      </trkpt>
      <trkpt lat="42.95643333345652" lon="-72.08718837238848">
        <ele>485</ele>
      </trkpt>
      <trkpt lat="42.95625002123415" lon="-72.08731334656477">
        <ele>484</ele>
      </trkpt>
      <trkpt lat="42.95605665072799" lon="-72.08743329159915">
        <ele>483</ele>
      </trkpt>
      <trkpt lat="42.95588163658977" lon="-72.08756497129798">
        <ele>481</ele>
      </trkpt>
      <trkpt lat="42.95567829161882" lon="-72.08762330934405">
        <ele>480</ele>
      </trkpt>
      <trkpt lat="42.95546329580247" lon="-72.08762833848596">
        <ele>478</ele>
      </trkpt>
      <trkpt lat="42.95524000190198" lon="-72.08758668042719">
        <ele>476</ele>
      </trkpt>
      <trkpt lat="42.95503498055041" lon="-72.08750336430967">
        <ele>475</ele>
      </trkpt>
      <trkpt lat="42.954838341102" lon="-72.08748668432236">
        <ele>473</ele>
      </trkpt>
      <trkpt lat="42.95462996698916" lon="-72.08749162964523">
        <ele>472</ele>
      </trkpt>
      <trkpt lat="42.95439996756613" lon="-72.08751166239381">
        <ele>470</ele>
      </trkpt>
      <trkpt lat="42.95418329536915" lon="-72.08758668042719">
        <ele>469</ele>
      </trkpt>
      <trkpt lat="42.95398003421724" lon="-72.08770503289998">
        <ele>467</ele>
      </trkpt>
      <trkpt lat="42.95376336202025" lon="-72.08782833069563">
        <ele>465</ele>
      </trkpt>
      <trkpt lat="42.95355498790741" lon="-72.08797501400113">
        <ele>463</ele>
      </trkpt>
      <trkpt lat="42.95335834845901" lon="-72.08810669369996">
        <ele>462</ele>
      </trkpt>
      <trkpt lat="42.95317662879825" lon="-72.08819998428226">
        <ele>461</ele>
      </trkpt>
      <trkpt lat="42.95297336764634" lon="-72.08825832232833">
        <ele>460</ele>
      </trkpt>
      <trkpt lat="42.95275166630745" lon="-72.08832998760045">
        <ele>460</ele>
      </trkpt>
      <trkpt lat="42.95251336880028" lon="-72.08844666369259">
        <ele>459</ele>
      </trkpt>
      <trkpt lat="42.95228831470013" lon="-72.08856166340411">
        <ele>455</ele>
      </trkpt>
      <trkpt lat="42.9521016497165" lon="-72.08866333588958">
        <ele>452</ele>
      </trkpt>
      <trkpt lat="42.95192336663604" lon="-72.08876668475568">
        <ele>449</ele>
      </trkpt>
      <trkpt lat="42.951769977808" lon="-72.08893331699073">
        <ele>446</ele>
      </trkpt>
      <trkpt lat="42.95162170194089" lon="-72.08914001472294">
        <ele>442</ele>
      </trkpt>
      <trkpt lat="42.95150670222938" lon="-72.08936330862343">
        <ele>439</ele>
      </trkpt>
      <trkpt lat="42.95140670612454" lon="-72.08960336633027">
        <ele>436</ele>
      </trkpt>
      <trkpt lat="42.95126664452255" lon="-72.08981836214662">
        <ele>434</ele>
      </trkpt>
      <trkpt lat="42.95108668506145" lon="-72.09002003073692">
        <ele>431</ele>
      </trkpt>
      <trkpt lat="42.95092499814928" lon="-72.09024667739868">
        <ele>429</ele>
      </trkpt>
      <trkpt lat="42.95078502036631" lon="-72.0904599968344">
        <ele>427</ele>
      </trkpt>
      <trkpt lat="42.95063330791891" lon="-72.09065336734056">
        <ele>425</ele>
      </trkpt>
      <trkpt lat="42.95045829378068" lon="-72.09081999957561">
        <ele>423</ele>
      </trkpt>
      <trkpt lat="42.95025335624814" lon="-72.09098001010716">
        <ele>422</ele>
      </trkpt>
      <trkpt lat="42.95007163658738" lon="-72.09113163873553">
        <ele>422</ele>
      </trkpt>
      <trkpt lat="42.94989670626819" lon="-72.09123834036291">
        <ele>423</ele>
      </trkpt>
      <trkpt lat="42.94967835769057" lon="-72.09131335839629">
        <ele>424</ele>
      </trkpt>
      <trkpt lat="42.94948004186153" lon="-72.09139164537191">
        <ele>426</ele>
      </trkpt>
      <trkpt lat="42.94927996583283" lon="-72.09147831425071">
        <ele>427</ele>
      </trkpt>
      <trkpt lat="42.94907670468092" lon="-72.09156163036823">
        <ele>428</ele>
      </trkpt>
      <trkpt lat="42.94887830503285" lon="-72.09165500476956">
        <ele>429</ele>
      </trkpt>
      <trkpt lat="42.94868501834571" lon="-72.09175835363567">
        <ele>429</ele>
      </trkpt>
      <trkpt lat="42.9485216550529" lon="-72.09186329506338">
        <ele>429</ele>
      </trkpt>
      <trkpt lat="42.94838829897344" lon="-72.09199170581996">
        <ele>429</ele>
      </trkpt>
      <trkpt lat="42.94825829565525" lon="-72.09216831251979">
        <ele>428</ele>
      </trkpt>
      <trkpt lat="42.94819668866694" lon="-72.09239001385868">
        <ele>427</ele>
      </trkpt>
      <trkpt lat="42.94820498675108" lon="-72.09264331497252">
        <ele>425</ele>
      </trkpt>
      <trkpt lat="42.94817162677646" lon="-72.09292997606099">
        <ele>423</ele>
      </trkpt>
      <trkpt lat="42.94806165620685" lon="-72.0931966882199">
        <ele>420</ele>
      </trkpt>
      <trkpt lat="42.94788169674575" lon="-72.09336834959686">
        <ele>417</ele>
      </trkpt>
      <trkpt lat="42.9476566426456" lon="-72.09345501847565">
        <ele>415</ele>
      </trkpt>
      <trkpt lat="42.94743167236447" lon="-72.09350832737982">
        <ele>414</ele>
      </trkpt>
      <trkpt lat="42.94722497463226" lon="-72.09355995990336">
        <ele>413</ele>
      </trkpt>
      <trkpt lat="42.94702665880322" lon="-72.09362835623324">
        <ele>413</ele>
      </trkpt>
      <trkpt lat="42.94684167020023" lon="-72.09373832680285">
        <ele>412</ele>
      </trkpt>
      <trkpt lat="42.94662164524198" lon="-72.093855002895">
        <ele>411</ele>
      </trkpt>
      <trkpt lat="42.94636499136686" lon="-72.09394996985793">
        <ele>409</ele>
      </trkpt>
      <trkpt lat="42.9462316352874" lon="-72.09399498067796">
        <ele>409</ele>
      </trkpt>
      <trkpt lat="42.94598998501897" lon="-72.09408332593739">
        <ele>408</ele>
      </trkpt>
      <trkpt lat="42.94582997448742" lon="-72.09422003477812">
        <ele>408</ele>
      </trkpt>
      <trkpt lat="42.94573668390512" lon="-72.09440167061985">
        <ele>409</ele>
      </trkpt>
      <trkpt lat="42.94565001502633" lon="-72.09458330646157">
        <ele>409</ele>
      </trkpt>
      <trkpt lat="42.9455616697669" lon="-72.09474666975439">
        <ele>410</ele>
      </trkpt>
      <trkpt lat="42.94544834643602" lon="-72.09486502222717">
        <ele>411</ele>
      </trkpt>
      <trkpt lat="42.94532001949847" lon="-72.09479335695505">
        <ele>411</ele>
      </trkpt>
      <trkpt lat="42.94526000507176" lon="-72.09460836835206">
        <ele>410</ele>
      </trkpt>
      <trkpt lat="42.9451800417155" lon="-72.09437669254839">
        <ele>409</ele>
      </trkpt>
      <trkpt lat="42.94509169645607" lon="-72.09416002035141">
        <ele>407</ele>
      </trkpt>
      <trkpt lat="42.94499832205474" lon="-72.0939533226192">
        <ele>405</ele>
      </trkpt>
      <trkpt lat="42.94486999511719" lon="-72.09374830126762">
        <ele>403</ele>
      </trkpt>
      <trkpt lat="42.9447016865015" lon="-72.09359331987798">
        <ele>401</ele>
      </trkpt>
      <trkpt lat="42.94451334513724" lon="-72.09347169846296">
        <ele>399</ele>
      </trkpt>
      <trkpt lat="42.94431829825044" lon="-72.09336164407432">
        <ele>397</ele>
      </trkpt>
      <trkpt lat="42.94410162605345" lon="-72.09328662604094">
        <ele>395</ele>
      </trkpt>
      <trkpt lat="42.94385997578502" lon="-72.09327329881489">
        <ele>393</ele>
      </trkpt>
      <trkpt lat="42.94361497275531" lon="-72.09332501515746">
        <ele>391</ele>
      </trkpt>
      <trkpt lat="42.94337835162878" lon="-72.0933816768229">
        <ele>389</ele>
      </trkpt>
      <trkpt lat="42.94317835941911" lon="-72.09337329491973">
        <ele>388</ele>
      </trkpt>
      <trkpt lat="42.94301331974566" lon="-72.09328830242157">
        <ele>387</ele>
      </trkpt>
      <trkpt lat="42.94284836389124" lon="-72.09314832463861">
        <ele>385</ele>
      </trkpt>
      <trkpt lat="42.94267167337239" lon="-72.09297004155815">
        <ele>384</ele>
      </trkpt>
      <trkpt lat="42.94249498285353" lon="-72.09274331107736">
        <ele>382</ele>
      </trkpt>
      <trkpt lat="42.94234670698643" lon="-72.09249000996351">
        <ele>380</ele>
      </trkpt>
      <trkpt lat="42.94221335090697" lon="-72.09224668331444">
        <ele>379</ele>
      </trkpt>
      <trkpt lat="42.94205166399479" lon="-72.09202833473682">
        <ele>378</ele>
      </trkpt>
      <trkpt lat="42.94185670092702" lon="-72.09186170250177">
        <ele>376</ele>
      </trkpt>
      <trkpt lat="42.94162670150399" lon="-72.09174167364836">
        <ele>375</ele>
      </trkpt>
      <trkpt lat="42.94138664379716" lon="-72.09161502309144">
        <ele>374</ele>
      </trkpt>
      <trkpt lat="42.94114834628999" lon="-72.09147496148944">
        <ele>374</ele>
      </trkpt>
      <trkpt lat="42.94093167409301" lon="-72.09135996177793">
        <ele>374</ele>
      </trkpt>
      <trkpt lat="42.94074333272874" lon="-72.09128335118294">
        <ele>373</ele>
      </trkpt>
      <trkpt lat="42.9405782930553" lon="-72.091233311221">
        <ele>373</ele>
      </trkpt>
      <trkpt lat="42.94045164249837" lon="-72.09112669341266">
        <ele>373</ele>
      </trkpt>
      <trkpt lat="42.94037167914212" lon="-72.09092334844172">
        <ele>373</ele>
      </trkpt>
      <trkpt lat="42.94032834470272" lon="-72.09060332737863">
        <ele>374</ele>
      </trkpt>
      <trkpt lat="42.94025835581124" lon="-72.09024500101805">
        <ele>375</ele>
      </trkpt>
      <trkpt lat="42.94021502137184" lon="-72.09005833603442">
        <ele>376</ele>
      </trkpt>
      <trkpt lat="42.94017001055181" lon="-72.08987167105079">
        <ele>376</ele>
      </trkpt>
      <trkpt lat="42.94011670164764" lon="-72.08969498053193">
        <ele>376</ele>
      </trkpt>
      <trkpt lat="42.940006647259" lon="-72.08938669413328">
        <ele>376</ele>
      </trkpt>
      <trkpt lat="42.93990002945065" lon="-72.08910003304482">
        <ele>376</ele>
      </trkpt>
      <trkpt lat="42.93979668058455" lon="-72.08881001919508">
        <ele>376</ele>
      </trkpt>
      <trkpt lat="42.93971998617053" lon="-72.08850835449994">
        <ele>376</ele>
      </trkpt>
      <trkpt lat="42.93966667726636" lon="-72.08819503895938">
        <ele>375</ele>
      </trkpt>
      <trkpt lat="42.93967832811177" lon="-72.08785666152835">
        <ele>374</ele>
      </trkpt>
      <trkpt lat="42.93972501531243" lon="-72.08752163685858">
        <ele>374</ele>
      </trkpt>
      <trkpt lat="42.93977664783597" lon="-72.08719499409199">
        <ele>373</ele>
      </trkpt>
      <trkpt lat="42.93983833864331" lon="-72.08687002770603">
        <ele>372</ele>
      </trkpt>
      <trkpt lat="42.93989332392812" lon="-72.08653500303626">
        <ele>372</ele>
      </trkpt>
      <trkpt lat="42.93990832753479" lon="-72.08619335666299">
        <ele>372</ele>
      </trkpt>
      <trkpt lat="42.93987832032144" lon="-72.0858733355999">
        <ele>371</ele>
      </trkpt>
      <trkpt lat="42.93985669501126" lon="-72.08556496538222">
        <ele>371</ele>
      </trkpt>
      <trkpt lat="42.93987169861794" lon="-72.08526665344834">
        <ele>371</ele>
      </trkpt>
      <trkpt lat="42.93995166197419" lon="-72.08498996682465">
        <ele>371</ele>
      </trkpt>
      <trkpt lat="42.94007336720824" lon="-72.08471168763936">
        <ele>372</ele>
      </trkpt>
      <trkpt lat="42.94019498862326" lon="-72.08443164825439">
        <ele>374</ele>
      </trkpt>
      <trkpt lat="42.94030336663127" lon="-72.08416837267578">
        <ele>375</ele>
      </trkpt>
      <trkpt lat="42.94040503911674" lon="-72.08389998413622">
        <ele>377</ele>
      </trkpt>
      <trkpt lat="42.940485002473" lon="-72.08361499942839">
        <ele>378</ele>
      </trkpt>
      <trkpt lat="42.94050662778318" lon="-72.08329003304243">
        <ele>379</ele>
      </trkpt>
      <trkpt lat="42.94046999886632" lon="-72.08296163007617">
        <ele>378</ele>
      </trkpt>
      <trkpt lat="42.94038332998753" lon="-72.08265502005816">
        <ele>377</ele>
      </trkpt>
      <trkpt lat="42.9402450285852" lon="-72.08239501342177">
        <ele>375</ele>
      </trkpt>
      <trkpt lat="42.94008334167302" lon="-72.08216166123748">
        <ele>374</ele>
      </trkpt>
      <trkpt lat="42.93993833474815" lon="-72.0819016546011">
        <ele>374</ele>
      </trkpt>
      <trkpt lat="42.93984001502395" lon="-72.08159169182181">
        <ele>375</ele>
      </trkpt>
      <trkpt lat="42.93981830589473" lon="-72.08124836906791">
        <ele>375</ele>
      </trkpt>
      <trkpt lat="42.93981168419123" lon="-72.08090831525624">
        <ele>376</ele>
      </trkpt>
      <trkpt lat="42.93974001891911" lon="-72.08057999610901">
        <ele>376</ele>
      </trkpt>
      <trkpt lat="42.93964496813715" lon="-72.08025670610368">
        <ele>375</ele>
      </trkpt>
      <trkpt lat="42.93959333561361" lon="-72.07991170696914">
        <ele>375</ele>
      </trkpt>
      <trkpt lat="42.93959165923297" lon="-72.07956997677684">
        <ele>374</ele>
      </trkpt>
      <trkpt lat="42.93963331729174" lon="-72.07923998124897">
        <ele>375</ele>
      </trkpt>
      <trkpt lat="42.93967832811177" lon="-72.07889162935317">
        <ele>375</ele>
      </trkpt>
      <trkpt lat="42.93968830257654" lon="-72.07853330299258">
        <ele>374</ele>
      </trkpt>
      <trkpt lat="42.93970162980258" lon="-72.0781800057739">
        <ele>374</ele>
      </trkpt>
      <trkpt lat="42.93977497145534" lon="-72.07784003578126">
        <ele>374</ele>
      </trkpt>
      <trkpt lat="42.93983833864331" lon="-72.07767667248845">
        <ele>374</ele>
      </trkpt>
      <trkpt lat="42.93991000391543" lon="-72.07751498557627">
        <ele>375</ele>
      </trkpt>
      <trkpt lat="42.93998334556818" lon="-72.07735170610249">
        <ele>375</ele>
      </trkpt>
      <trkpt lat="42.94005165807903" lon="-72.07718834280968">
        <ele>375</ele>
      </trkpt>
      <trkpt lat="42.94016162864864" lon="-72.07686496898532">
        <ele>376</ele>
      </trkpt>
      <trkpt lat="42.9402083158493" lon="-72.07652164623141">
        <ele>376</ele>
      </trkpt>
      <trkpt lat="42.94019163586199" lon="-72.07616499625146">
        <ele>375</ele>
      </trkpt>
      <trkpt lat="42.94017998501658" lon="-72.0759766548872">
        <ele>375</ele>
      </trkpt>
      <trkpt lat="42.94017001055181" lon="-72.07578831352293">
        <ele>375</ele>
      </trkpt>
      <trkpt lat="42.9401533305645" lon="-72.07541833631694">
        <ele>376</ele>
      </trkpt>
      <trkpt lat="42.94013170525432" lon="-72.07523167133331">
        <ele>376</ele>
      </trkpt>
      <trkpt lat="42.94009666889906" lon="-72.07504332996905">
        <ele>376</ele>
      </trkpt>
      <trkpt lat="42.94004998169839" lon="-72.07486001774669">
        <ele>376</ele>
      </trkpt>
      <trkpt lat="42.93999164365232" lon="-72.07468332722783">
        <ele>377</ele>
      </trkpt>
      <trkpt lat="42.93993003666401" lon="-72.07450998947024">
        <ele>377</ele>
      </trkpt>
      <trkpt lat="42.93986666947603" lon="-72.07433832809329">
        <ele>377</ele>
      </trkpt>
      <trkpt lat="42.93980497866869" lon="-72.07416163757443">
        <ele>376</ele>
      </trkpt>
      <trkpt lat="42.93974831700325" lon="-72.07398167811334">
        <ele>376</ele>
      </trkpt>
      <trkpt lat="42.93969836086035" lon="-72.07380834035575">
        <ele>376</ele>
      </trkpt>
      <trkpt lat="42.93961001560092" lon="-72.07347163930535">
        <ele>376</ele>
      </trkpt>
      <trkpt lat="42.93956668116152" lon="-72.07312496379018">
        <ele>376</ele>
      </trkpt>
      <trkpt lat="42.93956165201962" lon="-72.07275004126132">
        <ele>376</ele>
      </trkpt>
      <trkpt lat="42.93955167755485" lon="-72.07255331799388">
        <ele>376</ele>
      </trkpt>
      <trkpt lat="42.9395333211869" lon="-72.07236003130674">
        <ele>376</ele>
      </trkpt>
      <trkpt lat="42.93950666673481" lon="-72.07217168994248">
        <ele>376</ele>
      </trkpt>
      <trkpt lat="42.93947833590209" lon="-72.07198997028172">
        <ele>376</ele>
      </trkpt>
      <trkpt lat="42.93944329954684" lon="-72.07164832390845">
        <ele>375</ele>
      </trkpt>
      <trkpt lat="42.93947498314083" lon="-72.07132503390312">
        <ele>376</ele>
      </trkpt>
      <trkpt lat="42.93955335393548" lon="-72.07101163454354">
        <ele>377</ele>
      </trkpt>
      <trkpt lat="42.9396316409111" lon="-72.07068499177694">
        <ele>378</ele>
      </trkpt>
      <trkpt lat="42.9396749753505" lon="-72.0703349635005">
        <ele>378</ele>
      </trkpt>
      <trkpt lat="42.9396316409111" lon="-72.07001167349517">
        <ele>377</ele>
      </trkpt>
      <trkpt lat="42.93954329565167" lon="-72.06971168518066">
        <ele>374</ele>
      </trkpt>
      <trkpt lat="42.9395333211869" lon="-72.06942167133093">
        <ele>373</ele>
      </trkpt>
      <trkpt lat="42.93961663730443" lon="-72.06914666108787">
        <ele>373</ele>
      </trkpt>
      <trkpt lat="42.93975829146802" lon="-72.06890165805817">
        <ele>374</ele>
      </trkpt>
      <trkpt lat="42.93992668390274" lon="-72.06867333501577">
        <ele>375</ele>
      </trkpt>
      <trkpt lat="42.94008669443429" lon="-72.0684183575213">
        <ele>376</ele>
      </trkpt>
      <trkpt lat="42.94023170135915" lon="-72.06813002005219">
        <ele>377</ele>
      </trkpt>
      <trkpt lat="42.94035835191607" lon="-72.06781670451164">
        <ele>377</ele>
      </trkpt>
      <trkpt lat="42.94047502800822" lon="-72.06748830154538">
        <ele>376</ele>
      </trkpt>
      <trkpt lat="42.94061332941055" lon="-72.0671783387661">
        <ele>377</ele>
      </trkpt>
      <trkpt lat="42.94070670381188" lon="-72.06686334684491">
        <ele>377</ele>
      </trkpt>
      <trkpt lat="42.94069170020521" lon="-72.06653167493641">
        <ele>375</ele>
      </trkpt>
      <trkpt lat="42.94057502411306" lon="-72.06625498831272">
        <ele>373</ele>
      </trkpt>
      <trkpt lat="42.94037830084562" lon="-72.06602498888969">
        <ele>372</ele>
      </trkpt>
      <trkpt lat="42.94027335941792" lon="-72.06590496003628">
        <ele>372</ele>
      </trkpt>
      <trkpt lat="42.94016833417118" lon="-72.06577830947936">
        <ele>372</ele>
      </trkpt>
      <trkpt lat="42.94006498530507" lon="-72.0656499825418">
        <ele>372</ele>
      </trkpt>
      <trkpt lat="42.93995836749673" lon="-72.06551662646234">
        <ele>372</ele>
      </trkpt>
      <trkpt lat="42.9398599639535" lon="-72.06537329591811">
        <ele>372</ele>
      </trkpt>
      <trkpt lat="42.9397717025131" lon="-72.06522166728973">
        <ele>372</ele>
      </trkpt>
      <trkpt lat="42.93969500809908" lon="-72.06506165675819">
        <ele>373</ele>
      </trkpt>
      <trkpt lat="42.93962837196887" lon="-72.06489502452314">
        <ele>373</ele>
      </trkpt>
      <trkpt lat="42.93949166312814" lon="-72.06457332707942">
        <ele>373</ele>
      </trkpt>
      <trkpt lat="42.93941329233348" lon="-72.0644149929285">
        <ele>373</ele>
      </trkpt>
      <trkpt lat="42.93932335451245" lon="-72.06426336430013">
        <ele>373</ele>
      </trkpt>
      <trkpt lat="42.93922503478825" lon="-72.06413168460131">
        <ele>373</ele>
      </trkpt>
      <trkpt lat="42.93911833316088" lon="-72.06400662660599">
        <ele>374</ele>
      </trkpt>
      <trkpt lat="42.93901498429477" lon="-72.0638816524297">
        <ele>375</ele>
      </trkpt>
      <trkpt lat="42.93881331570446" lon="-72.06364000216126">
        <ele>377</ele>
      </trkpt>
      <trkpt lat="42.93870669789612" lon="-72.06351829692721">
        <ele>377</ele>
      </trkpt>
      <trkpt lat="42.93859999626875" lon="-72.06339499913156">
        <ele>378</ele>
      </trkpt>
      <trkpt lat="42.93849170207977" lon="-72.06326499581337">
        <ele>378</ele>
      </trkpt>
      <trkpt lat="42.93838667683303" lon="-72.06312837079167">
        <ele>377</ele>
      </trkpt>
      <trkpt lat="42.93828500434756" lon="-72.06298663280904">
        <ele>376</ele>
      </trkpt>
      <trkpt lat="42.93818836100399" lon="-72.06285168416798">
        <ele>375</ele>
      </trkpt>
      <trkpt lat="42.93797663412988" lon="-72.06263165920973">
        <ele>374</ele>
      </trkpt>
      <trkpt lat="42.93785165995359" lon="-72.06256167031825">
        <ele>373</ele>
      </trkpt>
      <trkpt lat="42.9377166274935" lon="-72.06251665949821">
        <ele>373</ele>
      </trkpt>
      <trkpt lat="42.9375749733299" lon="-72.06249000504613">
        <ele>372</ele>
      </trkpt>
      <trkpt lat="42.93742996640503" lon="-72.06246502697468">
        <ele>373</ele>
      </trkpt>
      <trkpt lat="42.93728336691856" lon="-72.06242663785815">
        <ele>373</ele>
      </trkpt>
      <trkpt lat="42.9371383599937" lon="-72.06237332895398">
        <ele>373</ele>
      </trkpt>
      <trkpt lat="42.9369967058301" lon="-72.0623083692044">
        <ele>374</ele>
      </trkpt>
      <trkpt lat="42.93686502613127" lon="-72.06222832202911">
        <ele>373</ele>
      </trkpt>
      <trkpt lat="42.93674499727786" lon="-72.06213335506618">
        <ele>373</ele>
      </trkpt>
      <trkpt lat="42.93653335422277" lon="-72.06192003563046">
        <ele>373</ele>
      </trkpt>
      <trkpt lat="42.9364316817373" lon="-72.06179665401578">
        <ele>373</ele>
      </trkpt>
      <trkpt lat="42.93624996207654" lon="-72.06153002567589">
        <ele>374</ele>
      </trkpt>
      <trkpt lat="42.93610663153231" lon="-72.06124336458743">
        <ele>374</ele>
      </trkpt>
      <trkpt lat="42.93598668649793" lon="-72.0609599724412">
        <ele>372</ele>
      </trkpt>
      <trkpt lat="42.93587503954768" lon="-72.06069334410131">
        <ele>371</ele>
      </trkpt>
      <trkpt lat="42.93578166514635" lon="-72.06039830110967">
        <ele>370</ele>
      </trkpt>
      <trkpt lat="42.93567337095737" lon="-72.06008833833039">
        <ele>369</ele>
      </trkpt>
      <trkpt lat="42.9355233348906" lon="-72.0597683172673">
        <ele>368</ele>
      </trkpt>
      <trkpt lat="42.93542333878577" lon="-72.05960998311639">
        <ele>368</ele>
      </trkpt>
      <trkpt lat="42.93530833907425" lon="-72.05945667810738">
        <ele>367</ele>
      </trkpt>
      <trkpt lat="42.9351850412786" lon="-72.05930169671774">
        <ele>367</ele>
      </trkpt>
      <trkpt lat="42.93504833243787" lon="-72.0591483078897">
        <ele>366</ele>
      </trkpt>
      <trkpt lat="42.93490667827427" lon="-72.05899667926133">
        <ele>366</ele>
      </trkpt>
      <trkpt lat="42.93475999496877" lon="-72.05884831957519">
        <ele>367</ele>
      </trkpt>
      <trkpt lat="42.93462169356644" lon="-72.05869995988905">
        <ele>367</ele>
      </trkpt>
      <trkpt lat="42.93449169024825" lon="-72.05853835679591">
        <ele>366</ele>
      </trkpt>
      <trkpt lat="42.9343750141561" lon="-72.05836166627705">
        <ele>365</ele>
      </trkpt>
      <trkpt lat="42.93427334167063" lon="-72.05816335044801">
        <ele>365</ele>
      </trkpt>
      <trkpt lat="42.93418667279184" lon="-72.05795497633517">
        <ele>364</ele>
      </trkpt>
      <trkpt lat="42.93411165475845" lon="-72.05774668604136">
        <ele>363</ele>
      </trkpt>
      <trkpt lat="42.9340316914022" lon="-72.05753336660564">
        <ele>363</ele>
      </trkpt>
      <trkpt lat="42.9339399933815" lon="-72.05732834525406">
        <ele>362</ele>
      </trkpt>
      <trkpt lat="42.9338467027992" lon="-72.05711502581835">
        <ele>361</ele>
      </trkpt>
      <trkpt lat="42.93374829925597" lon="-72.05691000446677">
        <ele>360</ele>
      </trkpt>
      <trkpt lat="42.9336516559124" lon="-72.05670665949583">
        <ele>360</ele>
      </trkpt>
      <trkpt lat="42.93356833979487" lon="-72.05649501644075">
        <ele>359</ele>
      </trkpt>
      <trkpt lat="42.93350329622626" lon="-72.0562866423279">
        <ele>359</ele>
      </trkpt>
      <trkpt lat="42.9334616381675" lon="-72.05607164651155">
        <ele>358</ele>
      </trkpt>
      <trkpt lat="42.93344998732209" lon="-72.0558500289917">
        <ele>357</ele>
      </trkpt>
      <trkpt lat="42.93347337283194" lon="-72.05563000403345">
        <ele>355</ele>
      </trkpt>
      <trkpt lat="42.93350002728403" lon="-72.05541333183646">
        <ele>353</ele>
      </trkpt>
      <trkpt lat="42.93351829983294" lon="-72.05517830327153">
        <ele>352</ele>
      </trkpt>
      <trkpt lat="42.93351670727134" lon="-72.05493832938373">
        <ele>350</ele>
      </trkpt>
      <trkpt lat="42.93348996900022" lon="-72.05468829721212">
        <ele>349</ele>
      </trkpt>
      <trkpt lat="42.93344336561859" lon="-72.05444002524018">
        <ele>348</ele>
      </trkpt>
      <trkpt lat="42.93340003117919" lon="-72.05418999306858">
        <ele>346</ele>
      </trkpt>
      <trkpt lat="42.93335334397852" lon="-72.05393996089697">
        <ele>346</ele>
      </trkpt>
      <trkpt lat="42.93330162763596" lon="-72.05368498340249">
        <ele>345</ele>
      </trkpt>
      <trkpt lat="42.93324337340891" lon="-72.05342832952738">
        <ele>344</ele>
      </trkpt>
      <trkpt lat="42.93318000622094" lon="-72.05317502841353">
        <ele>344</ele>
      </trkpt>
      <trkpt lat="42.93311496265233" lon="-72.05292331986129">
        <ele>345</ele>
      </trkpt>
      <trkpt lat="42.93304497376084" lon="-72.05267001874745">
        <ele>346</ele>
      </trkpt>
      <trkpt lat="42.93297498486936" lon="-72.05241504125297">
        <ele>346</ele>
      </trkpt>
      <trkpt lat="42.93290667235851" lon="-72.052166685462">
        <ele>345</ele>
      </trkpt>
      <trkpt lat="42.93283668346703" lon="-72.05192000605166">
        <ele>344</ele>
      </trkpt>
      <trkpt lat="42.93276501819491" lon="-72.05167835578322">
        <ele>343</ele>
      </trkpt>
      <trkpt lat="42.9326933529228" lon="-72.05144165083766">
        <ele>344</ele>
      </trkpt>
      <trkpt lat="42.93263166211545" lon="-72.05120829865336">
        <ele>344</ele>
      </trkpt>
      <trkpt lat="42.93257164768875" lon="-72.05097670666873">
        <ele>345</ele>
      </trkpt>
      <trkpt lat="42.93251666240394" lon="-72.05074503086507">
        <ele>344</ele>
      </trkpt>
      <trkpt lat="42.93246167711914" lon="-72.05051167868078">
        <ele>342</ele>
      </trkpt>
      <trkpt lat="42.9324050154537" lon="-72.05027170479298">
        <ele>341</ele>
      </trkpt>
      <trkpt lat="42.93234835378826" lon="-72.05002829432487">
        <ele>339</ele>
      </trkpt>
      <trkpt lat="42.93229496106505" lon="-72.0497733168304">
        <ele>341</ele>
      </trkpt>
      <trkpt lat="42.93225330300629" lon="-72.04951666295528">
        <ele>342</ele>
      </trkpt>
      <trkpt lat="42.93222329579294" lon="-72.04926000908017">
        <ele>343</ele>
      </trkpt>
      <trkpt lat="42.93219999410212" lon="-72.04900997690856">
        <ele>342</ele>
      </trkpt>
      <trkpt lat="42.9321766924113" lon="-72.04876002855599">
        <ele>340</ele>
      </trkpt>
      <trkpt lat="42.93214333243668" lon="-72.04850664362311">
        <ele>339</ele>
      </trkpt>
      <trkpt lat="42.93209999799728" lon="-72.0482550188899">
        <ele>338</ele>
      </trkpt>
      <trkpt lat="42.93204501271248" lon="-72.04800163395703">
        <ele>339</ele>
      </trkpt>
      <trkpt lat="42.93197334744036" lon="-72.04775663092732">
        <ele>339</ele>
      </trkpt>
      <trkpt lat="42.9318883549422" lon="-72.04751498065889">
        <ele>339</ele>
      </trkpt>
      <trkpt lat="42.93179665692151" lon="-72.04727835953236">
        <ele>338</ele>
      </trkpt>
      <trkpt lat="42.93170495890081" lon="-72.04706001095474">
        <ele>337</ele>
      </trkpt>
      <trkpt lat="42.93162499554455" lon="-72.04684166237712">
        <ele>335</ele>
      </trkpt>
      <trkpt lat="42.93155500665307" lon="-72.04661333933473">
        <ele>335</ele>
      </trkpt>
      <trkpt lat="42.93149834498763" lon="-72.04638501629233">
        <ele>335</ele>
      </trkpt>
      <trkpt lat="42.93144998140633" lon="-72.04615996219218">
        <ele>336</ele>
      </trkpt>
      <trkpt lat="42.93141997419298" lon="-72.0459483191371">
        <ele>335</ele>
      </trkpt>
      <trkpt lat="42.93140664696693" lon="-72.04575000330806">
        <ele>335</ele>
      </trkpt>
      <trkpt lat="42.93140664696693" lon="-72.04556501470506">
        <ele>335</ele>
      </trkpt>
      <trkpt lat="42.93144000694156" lon="-72.04537834972143">
        <ele>334</ele>
      </trkpt>
      <trkpt lat="42.93150002136827" lon="-72.04518330283463">
        <ele>333</ele>
      </trkpt>
      <trkpt lat="42.93155500665307" lon="-72.04498666338623">
        <ele>332</ele>
      </trkpt>
      <trkpt lat="42.93159834109247" lon="-72.04478834755719">
        <ele>332</ele>
      </trkpt>
      <trkpt lat="42.93161837384105" lon="-72.04458332620561">
        <ele>332</ele>
      </trkpt>
      <trkpt lat="42.93161837384105" lon="-72.04436330124736">
        <ele>333</ele>
      </trkpt>
      <trkpt lat="42.93158501386642" lon="-72.04413497820497">
        <ele>334</ele>
      </trkpt>
      <trkpt lat="42.93154335580766" lon="-72.04390833154321">
        <ele>334</ele>
      </trkpt>
      <trkpt lat="42.93150002136827" lon="-72.04368663020432">
        <ele>335</ele>
      </trkpt>
      <trkpt lat="42.93145165778697" lon="-72.0434666890651">
        <ele>335</ele>
      </trkpt>
      <trkpt lat="42.93141335248947" lon="-72.04323995858431">
        <ele>336</ele>
      </trkpt>
      <trkpt lat="42.93137663975358" lon="-72.04301163554192">
        <ele>336</ele>
      </trkpt>
      <trkpt lat="42.93133833445609" lon="-72.04278834164143">
        <ele>337</ele>
      </trkpt>
      <trkpt lat="42.93129164725542" lon="-72.0425649639219">
        <ele>337</ele>
      </trkpt>
      <trkpt lat="42.93123498558998" lon="-72.04235499724746">
        <ele>338</ele>
      </trkpt>
      <trkpt lat="42.93117329478264" lon="-72.04214670695364">
        <ele>338</ele>
      </trkpt>
      <trkpt lat="42.93109668418765" lon="-72.04194663092494">
        <ele>339</ele>
      </trkpt>
      <trkpt lat="42.93101001530886" lon="-72.04175502061844">
        <ele>340</ele>
      </trkpt>
      <trkpt lat="42.93091831728816" lon="-72.04155502840877">
        <ele>341</ele>
      </trkpt>
      <trkpt lat="42.9308267030865" lon="-72.04135168343782">
        <ele>341</ele>
      </trkpt>
      <trkpt lat="42.9307416267693" lon="-72.04115001484752">
        <ele>342</ele>
      </trkpt>
      <trkpt lat="42.93065663427114" lon="-72.04094164073467">
        <ele>342</ele>
      </trkpt>
      <trkpt lat="42.93056996539235" lon="-72.04072169959545">
        <ele>343</ele>
      </trkpt>
      <trkpt lat="42.93048002757132" lon="-72.04049999825656">
        <ele>343</ele>
      </trkpt>
      <trkpt lat="42.93039503507316" lon="-72.04027167521417">
        <ele>344</ele>
      </trkpt>
      <trkpt lat="42.93031331151724" lon="-72.04005835577846">
        <ele>344</ele>
      </trkpt>
      <trkpt lat="42.93023670092225" lon="-72.03986330889165">
        <ele>344</ele>
      </trkpt>
      <trkpt lat="42.93017668649554" lon="-72.03967832028866">
        <ele>344</ele>
      </trkpt>
      <trkpt lat="42.93013670481741" lon="-72.03949333168566">
        <ele>344</ele>
      </trkpt>
      <trkpt lat="42.9301200248301" lon="-72.03930163756013">
        <ele>343</ele>
      </trkpt>
      <trkpt lat="42.93013502843678" lon="-72.03909996896982">
        <ele>343</ele>
      </trkpt>
      <trkpt lat="42.93017165735364" lon="-72.03889997676015">
        <ele>341</ele>
      </trkpt>
      <trkpt lat="42.93021666817367" lon="-72.03869998455048">
        <ele>340</ele>
      </trkpt>
      <trkpt lat="42.9302566498518" lon="-72.0384949631989">
        <ele>339</ele>
      </trkpt>
      <trkpt lat="42.93028498068452" lon="-72.03827996738255">
        <ele>338</ele>
      </trkpt>
      <trkpt lat="42.93030166067183" lon="-72.03805332072079">
        <ele>337</ele>
      </trkpt>
      <trkpt lat="42.93032336980104" lon="-72.03782164491713">
        <ele>336</ele>
      </trkpt>
      <trkpt lat="42.93034667149186" lon="-72.03757999464869">
        <ele>335</ele>
      </trkpt>
      <trkpt lat="42.93037164956331" lon="-72.03732669353485">
        <ele>333</ele>
      </trkpt>
      <trkpt lat="42.93039168231189" lon="-72.03707833774388">
        <ele>332</ele>
      </trkpt>
      <trkpt lat="42.93039998039603" lon="-72.03685001470149">
        <ele>330</ele>
      </trkpt>
      <trkpt lat="42.93041330762208" lon="-72.03664164058864">
        <ele>329</ele>
      </trkpt>
      <trkpt lat="42.93043334037066" lon="-72.03645170666277">
        <ele>328</ele>
      </trkpt>
      <trkpt lat="42.93046829290688" lon="-72.03626998700202">
        <ele>327</ele>
      </trkpt>
      <trkpt lat="42.93052336201072" lon="-72.03609664924443">
        <ele>327</ele>
      </trkpt>
      <trkpt lat="42.93059670366347" lon="-72.03592498786747">
        <ele>326</ele>
      </trkpt>
      <trkpt lat="42.9306966997683" lon="-72.03577168285847">
        <ele>325</ele>
      </trkpt>
      <trkpt lat="42.93081999756396" lon="-72.03563665039837">
        <ele>325</ele>
      </trkpt>
      <trkpt lat="42.93094497174025" lon="-72.03551335260272">
        <ele>324</ele>
      </trkpt>
      <trkpt lat="42.93106500059366" lon="-72.03540329821408">
        <ele>324</ele>
      </trkpt>
      <trkpt lat="42.93128334917128" lon="-72.03523331321776">
        <ele>322</ele>
      </trkpt>
      <trkpt lat="42.93150337412953" lon="-72.03515167348087">
        <ele>321</ele>
      </trkpt>
      <trkpt lat="42.93172163888812" lon="-72.03514169901609">
        <ele>320</ele>
      </trkpt>
      <trkpt lat="42.93190503492951" lon="-72.0351966843009">
        <ele>320</ele>
      </trkpt>
      <trkpt lat="42.93206496164203" lon="-72.03533163294196">
        <ele>320</ele>
      </trkpt>
      <trkpt lat="42.93224500492215" lon="-72.03546331264079">
        <ele>320</ele>
      </trkpt>
      <trkpt lat="42.93244834989309" lon="-72.03554830513895">
        <ele>320</ele>
      </trkpt>
      <trkpt lat="42.93267164379358" lon="-72.0355783123523">
        <ele>322</ele>
      </trkpt>
      <trkpt lat="42.93291664682329" lon="-72.0356317050755">
        <ele>324</ele>
      </trkpt>
      <trkpt lat="42.93304665014148" lon="-72.03568501397967">
        <ele>325</ele>
      </trkpt>
      <trkpt lat="42.93318000622094" lon="-72.03574997372925">
        <ele>327</ele>
      </trkpt>
      <trkpt lat="42.9333133623004" lon="-72.03583169728518">
        <ele>328</ele>
      </trkpt>
      <trkpt lat="42.93343666009605" lon="-72.03593336977065">
        <ele>329</ele>
      </trkpt>
      <trkpt lat="42.9335533361882" lon="-72.0360616967082">
        <ele>330</ele>
      </trkpt>
      <trkpt lat="42.93366498313844" lon="-72.03620502725244">
        <ele>331</ele>
      </trkpt>
      <trkpt lat="42.93377336114645" lon="-72.03634835779667">
        <ele>331</ele>
      </trkpt>
      <trkpt lat="42.93387997895479" lon="-72.0364916883409">
        <ele>332</ele>
      </trkpt>
      <trkpt lat="42.93399003334343" lon="-72.03662998974323">
        <ele>332</ele>
      </trkpt>
      <trkpt lat="42.93410168029368" lon="-72.03676502220333">
        <ele>333</ele>
      </trkpt>
      <trkpt lat="42.93421332724392" lon="-72.03689997084439">
        <ele>333</ele>
      </trkpt>
      <trkpt lat="42.93432497419417" lon="-72.03702670522034">
        <ele>334</ele>
      </trkpt>
      <trkpt lat="42.93443829752505" lon="-72.03715335577726">
        <ele>334</ele>
      </trkpt>
      <trkpt lat="42.93455664999783" lon="-72.03728662803769">
        <ele>333</ele>
      </trkpt>
      <trkpt lat="42.93468330055475" lon="-72.03742501325905">
        <ele>333</ele>
      </trkpt>
      <trkpt lat="42.93480835855007" lon="-72.03756834380329">
        <ele>333</ele>
      </trkpt>
      <trkpt lat="42.93492830358446" lon="-72.03771829605103">
        <ele>333</ele>
      </trkpt>
      <trkpt lat="42.93504665605724" lon="-72.03786497935653">
        <ele>333</ele>
      </trkpt>
      <trkpt lat="42.93515997938812" lon="-72.03800504095852">
        <ele>335</ele>
      </trkpt>
      <trkpt lat="42.935273302719" lon="-72.03813831321895">
        <ele>336</ele>
      </trkpt>
      <trkpt lat="42.93538168072701" lon="-72.03826496377587">
        <ele>337</ele>
      </trkpt>
      <trkpt lat="42.93549165129662" lon="-72.03838834539056">
        <ele>339</ele>
      </trkpt>
      <trkpt lat="42.93560329824686" lon="-72.0384999923408">
        <ele>340</ele>
      </trkpt>
      <trkpt lat="42.93571997433901" lon="-72.03860334120691">
        <ele>342</ele>
      </trkpt>
      <trkpt lat="42.93584000319242" lon="-72.03869168646634">
        <ele>343</ele>
      </trkpt>
      <trkpt lat="42.93596665374935" lon="-72.03877500258386">
        <ele>344</ele>
      </trkpt>
      <trkpt lat="42.9360949806869" lon="-72.03885664232075">
        <ele>345</ele>
      </trkpt>
      <trkpt lat="42.93623168952763" lon="-72.03893668949604">
        <ele>345</ele>
      </trkpt>
      <trkpt lat="42.93636999092996" lon="-72.03901497647166">
        <ele>346</ele>
      </trkpt>
      <trkpt lat="42.93650996871293" lon="-72.03910164535046">
        <ele>347</ele>
      </trkpt>
      <trkpt lat="42.93663997203112" lon="-72.03918663784862">
        <ele>347</ele>
      </trkpt>
      <trkpt lat="42.93676670640707" lon="-72.03927163034678">
        <ele>349</ele>
      </trkpt>
      <trkpt lat="42.93698329478502" lon="-72.03943164087832">
        <ele>352</ele>
      </trkpt>
      <trkpt lat="42.93719502165914" lon="-72.0395499933511">
        <ele>354</ele>
      </trkpt>
      <trkpt lat="42.93741001747549" lon="-72.03961503691971">
        <ele>357</ele>
      </trkpt>
      <trkpt lat="42.93761998414993" lon="-72.0395882986486">
        <ele>358</ele>
      </trkpt>
      <trkpt lat="42.93781829997897" lon="-72.03942837193608">
        <ele>359</ele>
      </trkpt>
      <trkpt lat="42.938003372401" lon="-72.03925335779786">
        <ele>360</ele>
      </trkpt>
      <trkpt lat="42.93816832825541" lon="-72.03911002725363">
        <ele>361</ele>
      </trkpt>
      <trkpt lat="42.93834996409714" lon="-72.03896837309003">
        <ele>361</ele>
      </trkpt>
      <trkpt lat="42.93854165822268" lon="-72.03880333341658">
        <ele>359</ele>
      </trkpt>
      <trkpt lat="42.93871499598026" lon="-72.03864499926567">
        <ele>356</ele>
      </trkpt>
      <trkpt lat="42.93888330459595" lon="-72.03850334510207">
        <ele>353</ele>
      </trkpt>
      <trkpt lat="42.93904499150813" lon="-72.03838163986802">
        <ele>350</ele>
      </trkpt>
      <trkpt lat="42.93918832205236" lon="-72.0382499601692">
        <ele>347</ele>
      </trkpt>
      <trkpt lat="42.93929829262197" lon="-72.0381133351475">
        <ele>347</ele>
      </trkpt>
      <trkpt lat="42.93941002339125" lon="-72.03796170651913">
        <ele>347</ele>
      </trkpt>
      <trkpt lat="42.93956500478089" lon="-72.03781669959426">
        <ele>345</ele>
      </trkpt>
      <trkpt lat="42.9397717025131" lon="-72.03770002350211">
        <ele>343</ele>
      </trkpt>
      <trkpt lat="42.94002835638821" lon="-72.03765501268208">
        <ele>341</ele>
      </trkpt>
      <trkpt lat="42.94017168693244" lon="-72.03765165992081">
        <ele>341</ele>
      </trkpt>
      <trkpt lat="42.94031837023795" lon="-72.03765501268208">
        <ele>342</ele>
      </trkpt>
      <trkpt lat="42.94046329334378" lon="-72.03766163438559">
        <ele>343</ele>
      </trkpt>
      <trkpt lat="42.94060503132641" lon="-72.03766004182398">
        <ele>343</ele>
      </trkpt>
      <trkpt lat="42.94075498357415" lon="-72.03765501268208">
        <ele>344</ele>
      </trkpt>
      <trkpt lat="42.94090996496379" lon="-72.0376400090754">
        <ele>343</ele>
      </trkpt>
      <trkpt lat="42.94105832464993" lon="-72.03761829994619">
        <ele>342</ele>
      </trkpt>
      <trkpt lat="42.94120500795543" lon="-72.03760664910078">
        <ele>341</ele>
      </trkpt>
      <trkpt lat="42.94135336764157" lon="-72.03761000186205">
        <ele>340</ele>
      </trkpt>
      <trkpt lat="42.9414966981858" lon="-72.03762332908809">
        <ele>339</ele>
      </trkpt>
      <trkpt lat="42.94164002873003" lon="-72.03766163438559">
        <ele>338</ele>
      </trkpt>
      <trkpt lat="42.94178168289363" lon="-72.03770664520562">
        <ele>338</ele>
      </trkpt>
      <trkpt lat="42.9419216606766" lon="-72.03772332519293">
        <ele>338</ele>
      </trkpt>
      <trkpt lat="42.94205996207893" lon="-72.03771167434752">
        <ele>336</ele>
      </trkpt>
      <trkpt lat="42.94231669977307" lon="-72.03762500546873">
        <ele>333</ele>
      </trkpt>
      <trkpt lat="42.94254996813834" lon="-72.03746667131782">
        <ele>329</ele>
      </trkpt>
      <trkpt lat="42.94276999309659" lon="-72.03734169714153">
        <ele>326</ele>
      </trkpt>
      <trkpt lat="42.94301164336503" lon="-72.03728830441833">
        <ele>323</ele>
      </trkpt>
      <trkpt lat="42.94328003190458" lon="-72.03727665357292">
        <ele>321</ele>
      </trkpt>
      <trkpt lat="42.94355001300573" lon="-72.03727170825005">
        <ele>320</ele>
      </trkpt>
      <trkpt lat="42.94369166716933" lon="-72.03728503547609">
        <ele>320</ele>
      </trkpt>
      <trkpt lat="42.94384002685547" lon="-72.03731663525105">
        <ele>321</ele>
      </trkpt>
      <trkpt lat="42.94398662634194" lon="-72.03736332245171">
        <ele>321</ele>
      </trkpt>
      <trkpt lat="42.9441300407052" lon="-72.03741000965238">
        <ele>321</ele>
      </trkpt>
      <trkpt lat="42.94427337124944" lon="-72.03745334409177">
        <ele>322</ele>
      </trkpt>
      <trkpt lat="42.9444133490324" lon="-72.03748997300863">
        <ele>322</ele>
      </trkpt>
      <trkpt lat="42.94455332681537" lon="-72.03751830384135">
        <ele>322</ele>
      </trkpt>
      <trkpt lat="42.94469833374023" lon="-72.03752836212516">
        <ele>322</ele>
      </trkpt>
      <trkpt lat="42.94484996236861" lon="-72.03752500936389">
        <ele>322</ele>
      </trkpt>
      <trkpt lat="42.94500502757728" lon="-72.03750665299594">
        <ele>322</ele>
      </trkpt>
      <trkpt lat="42.94516168534756" lon="-72.03748502768576">
        <ele>322</ele>
      </trkpt>
      <trkpt lat="42.9453166667372" lon="-72.03747664578259">
        <ele>323</ele>
      </trkpt>
      <trkpt lat="42.94546502642334" lon="-72.03748167492449">
        <ele>323</ele>
      </trkpt>
      <trkpt lat="42.9456100333482" lon="-72.0374983549118">
        <ele>324</ele>
      </trkpt>
      <trkpt lat="42.94575504027307" lon="-72.03752333298326">
        <ele>324</ele>
      </trkpt>
      <trkpt lat="42.94590499252081" lon="-72.03755996190012">
        <ele>325</ele>
      </trkpt>
      <trkpt lat="42.94605829752982" lon="-72.03760832548141">
        <ele>325</ele>
      </trkpt>
      <trkpt lat="42.94621336273849" lon="-72.03765836544335">
        <ele>325</ele>
      </trkpt>
      <trkpt lat="42.94636834412813" lon="-72.03770832158625">
        <ele>325</ele>
      </trkpt>
      <trkpt lat="42.94651997275651" lon="-72.03775500878692">
        <ele>325</ele>
      </trkpt>
      <trkpt lat="42.94667503796518" lon="-72.03779834322631">
        <ele>324</ele>
      </trkpt>
      <trkpt lat="42.94682666659355" lon="-72.03784670680761">
        <ele>324</ele>
      </trkpt>
      <trkpt lat="42.94698500074446" lon="-72.03789498656988">
        <ele>324</ele>
      </trkpt>
      <trkpt lat="42.94714165851474" lon="-72.03794670291245">
        <ele>324</ele>
      </trkpt>
      <trkpt lat="42.94729831628501" lon="-72.03800168819726">
        <ele>324</ele>
      </trkpt>
      <trkpt lat="42.94745329767466" lon="-72.03806002624333">
        <ele>324</ele>
      </trkpt>
      <trkpt lat="42.94760165736079" lon="-72.03812004067004">
        <ele>324</ele>
      </trkpt>
      <trkpt lat="42.9477533698082" lon="-72.03817997127771">
        <ele>324</ele>
      </trkpt>
      <trkpt lat="42.9479016456753" lon="-72.03824333846569">
        <ele>324</ele>
      </trkpt>
      <trkpt lat="42.94805000536144" lon="-72.03830502927303">
        <ele>324</ele>
      </trkpt>
      <trkpt lat="42.94820004142821" lon="-72.03836495988071">
        <ele>324</ele>
      </trkpt>
      <trkpt lat="42.94834664091468" lon="-72.03842170536518">
        <ele>324</ele>
      </trkpt>
      <trkpt lat="42.94850002974272" lon="-72.03847836703062">
        <ele>324</ele>
      </trkpt>
      <trkpt lat="42.94865333475173" lon="-72.03853502869606">
        <ele>324</ele>
      </trkpt>
      <trkpt lat="42.9488049633801" lon="-72.03859663568437">
        <ele>325</ele>
      </trkpt>
      <trkpt lat="42.94895332306623" lon="-72.03865002840757">
        <ele>325</ele>
      </trkpt>
      <trkpt lat="42.94909497722983" lon="-72.0386849809438">
        <ele>325</ele>
      </trkpt>
      <trkpt lat="42.94923503883183" lon="-72.03870669007301">
        <ele>325</ele>
      </trkpt>
      <trkpt lat="42.94937501661479" lon="-72.03871498815715">
        <ele>326</ele>
      </trkpt>
      <trkpt lat="42.94951499439776" lon="-72.03870166093111">
        <ele>326</ele>
      </trkpt>
      <trkpt lat="42.94965170323849" lon="-72.03867165371776">
        <ele>327</ele>
      </trkpt>
      <trkpt lat="42.94978832826018" lon="-72.03862999565899">
        <ele>327</ele>
      </trkpt>
      <trkpt lat="42.94991665519774" lon="-72.03856503590941">
        <ele>328</ele>
      </trkpt>
      <trkpt lat="42.9500449821353" lon="-72.03847995959222">
        <ele>328</ele>
      </trkpt>
      <trkpt lat="42.95016668736935" lon="-72.03836663626134">
        <ele>328</ele>
      </trkpt>
      <trkpt lat="42.95028168708086" lon="-72.03823998570442">
        <ele>328</ele>
      </trkpt>
      <trkpt lat="42.95039836317301" lon="-72.0381133351475">
        <ele>328</ele>
      </trkpt>
      <trkpt lat="42.95051001012325" lon="-72.03799162991345">
        <ele>328</ele>
      </trkpt>
      <trkpt lat="42.9506216570735" lon="-72.03787663020194">
        <ele>329</ele>
      </trkpt>
      <trkpt lat="42.95073162764311" lon="-72.03776833601296">
        <ele>329</ele>
      </trkpt>
      <trkpt lat="42.95093664899468" lon="-72.03756163828075">
        <ele>330</ele>
      </trkpt>
      <trkpt lat="42.95114334672689" lon="-72.03735502436757">
        <ele>332</ele>
      </trkpt>
      <trkpt lat="42.95135331340134" lon="-72.03713667578995">
        <ele>335</ele>
      </trkpt>
      <trkpt lat="42.95154500752687" lon="-72.03691170550883">
        <ele>337</ele>
      </trkpt>
      <trkpt lat="42.95168833807111" lon="-72.03672168776393">
        <ele>340</ele>
      </trkpt>
      <trkpt lat="42.95177668333054" lon="-72.03655002638698">
        <ele>341</ele>
      </trkpt>
      <trkpt lat="42.95175002887845" lon="-72.03626663424075">
        <ele>340</ele>
      </trkpt>
      <trkpt lat="42.95161834917963" lon="-72.03599330037832">
        <ele>338</ele>
      </trkpt>
      <trkpt lat="42.95155330561101" lon="-72.03581996262074">
        <ele>336</ele>
      </trkpt>
      <trkpt lat="42.95148499310017" lon="-72.03563665039837">
        <ele>335</ele>
      </trkpt>
      <trkpt lat="42.95142003335059" lon="-72.03545836731791">
        <ele>333</ele>
      </trkpt>
      <trkpt lat="42.95130335725844" lon="-72.03513331711292">
        <ele>330</ele>
      </trkpt>
      <trkpt lat="42.95123999007046" lon="-72.03496668487787">
        <ele>329</ele>
      </trkpt>
      <trkpt lat="42.95112163759768" lon="-72.03463668935001">
        <ele>327</ele>
      </trkpt>
      <trkpt lat="42.9510133434087" lon="-72.03431834466755">
        <ele>325</ele>
      </trkpt>
      <trkpt lat="42.95091670006514" lon="-72.03407837077975">
        <ele>324</ele>
      </trkpt>
      <trkpt lat="42.95084168203175" lon="-72.03384837135673">
        <ele>324</ele>
      </trkpt>
      <trkpt lat="42.95079499483109" lon="-72.03361166641116">
        <ele>324</ele>
      </trkpt>
      <trkpt lat="42.95073330402374" lon="-72.03339331783354">
        <ele>324</ele>
      </trkpt>
      <trkpt lat="42.95067831873894" lon="-72.03316331841052">
        <ele>325</ele>
      </trkpt>
      <trkpt lat="42.95061503536999" lon="-72.0328567083925">
        <ele>327</ele>
      </trkpt>
      <trkpt lat="42.95054831542075" lon="-72.03252830542624">
        <ele>329</ele>
      </trkpt>
      <trkpt lat="42.95044496655464" lon="-72.03220333904028">
        <ele>331</ele>
      </trkpt>
      <trkpt lat="42.9503816831857" lon="-72.03203997574747">
        <ele>332</ele>
      </trkpt>
      <trkpt lat="42.95031001791358" lon="-72.03187501989305">
        <ele>333</ele>
      </trkpt>
      <trkpt lat="42.95024329796433" lon="-72.03170168213546">
        <ele>334</ele>
      </trkpt>
      <trkpt lat="42.95018169097602" lon="-72.03153169713914">
        <ele>334</ele>
      </trkpt>
      <trkpt lat="42.95012829825282" lon="-72.03136162832379">
        <ele>335</ele>
      </trkpt>
      <trkpt lat="42.95007834210992" lon="-72.0311866980046">
        <ele>335</ele>
      </trkpt>
      <trkpt lat="42.95002168044448" lon="-72.03101662918925">
        <ele>335</ele>
      </trkpt>
      <trkpt lat="42.94996334239841" lon="-72.03084832057357">
        <ele>335</ele>
      </trkpt>
      <trkpt lat="42.94989502988756" lon="-72.03068504109979">
        <ele>338</ele>
      </trkpt>
      <trkpt lat="42.949811629951" lon="-72.03052503056824">
        <ele>341</ele>
      </trkpt>
      <trkpt lat="42.94972001574934" lon="-72.03036669641733">
        <ele>342</ele>
      </trkpt>
      <trkpt lat="42.9496149905026" lon="-72.03019830398262">
        <ele>344</ele>
      </trkpt>
      <trkpt lat="42.94950334355235" lon="-72.03003829345107">
        <ele>345</ele>
      </trkpt>
      <trkpt lat="42.94938499107957" lon="-72.02988498844206">
        <ele>344</ele>
      </trkpt>
      <trkpt lat="42.94926169328392" lon="-72.02973662875593">
        <ele>342</ele>
      </trkpt>
      <trkpt lat="42.9491366352886" lon="-72.02958164736629">
        <ele>341</ele>
      </trkpt>
      <trkpt lat="42.94901836663485" lon="-72.02941996045411">
        <ele>341</ele>
      </trkpt>
      <trkpt lat="42.94891837053001" lon="-72.02924000099301">
        <ele>341</ele>
      </trkpt>
      <trkpt lat="42.94883497059345" lon="-72.02904000878334">
        <ele>341</ele>
      </trkpt>
      <trkpt lat="42.94875668361783" lon="-72.02883498743176">
        <ele>341</ele>
      </trkpt>
      <trkpt lat="42.94868166558444" lon="-72.02862669713795">
        <ele>341</ele>
      </trkpt>
      <trkpt lat="42.94862165115774" lon="-72.02840331941843">
        <ele>342</ele>
      </trkpt>
      <trkpt lat="42.94857337139547" lon="-72.02816502191126">
        <ele>342</ele>
      </trkpt>
      <trkpt lat="42.94851830229163" lon="-72.02792496420443">
        <ele>342</ele>
      </trkpt>
      <trkpt lat="42.94846834614873" lon="-72.02769664116204">
        <ele>342</ele>
      </trkpt>
      <trkpt lat="42.94841998256743" lon="-72.02746999450028">
        <ele>343</ele>
      </trkpt>
      <trkpt lat="42.9483850300312" lon="-72.02724996954203">
        <ele>343</ele>
      </trkpt>
      <trkpt lat="42.94836499728262" lon="-72.02703329734504">
        <ele>344</ele>
      </trkpt>
      <trkpt lat="42.94835334643722" lon="-72.02683665789664">
        <ele>345</ele>
      </trkpt>
      <trkpt lat="42.94834169559181" lon="-72.0266383420676">
        <ele>346</ele>
      </trkpt>
      <trkpt lat="42.9483250156045" lon="-72.02642829157412">
        <ele>345</ele>
      </trkpt>
      <trkpt lat="42.94830003753304" lon="-72.0262149721384">
        <ele>344</ele>
      </trkpt>
      <trkpt lat="42.94827170670033" lon="-72.02599997632205">
        <ele>342</ele>
      </trkpt>
      <trkpt lat="42.9482333175838" lon="-72.02578833326697">
        <ele>341</ele>
      </trkpt>
      <trkpt lat="42.94819668866694" lon="-72.02559831552207">
        <ele>340</ele>
      </trkpt>
      <trkpt lat="42.94811831787229" lon="-72.02528164722025">
        <ele>339</ele>
      </trkpt>
      <trkpt lat="42.94795998372138" lon="-72.02507000416517">
        <ele>338</ele>
      </trkpt>
      <trkpt lat="42.94774666428566" lon="-72.02483497560024">
        <ele>336</ele>
      </trkpt>
      <trkpt lat="42.94765169732273" lon="-72.02466834336519">
        <ele>335</ele>
      </trkpt>
      <trkpt lat="42.94756670482457" lon="-72.02447664923966">
        <ele>333</ele>
      </trkpt>
      <trkpt lat="42.94748833402991" lon="-72.02428000979125">
        <ele>331</ele>
      </trkpt>
      <trkpt lat="42.94741331599653" lon="-72.02409996651113">
        <ele>330</ele>
      </trkpt>
      <trkpt lat="42.94733670540154" lon="-72.02393165789545">
        <ele>330</ele>
      </trkpt>
      <trkpt lat="42.94725665822625" lon="-72.02377332374454">
        <ele>330</ele>
      </trkpt>
      <trkpt lat="42.94717501848936" lon="-72.02361666597426">
        <ele>330</ele>
      </trkpt>
      <trkpt lat="42.94710000045598" lon="-72.02346168458462">
        <ele>329</ele>
      </trkpt>
      <trkpt lat="42.94703168794513" lon="-72.02329496853054">
        <ele>329</ele>
      </trkpt>
      <trkpt lat="42.94697502627969" lon="-72.02312498353422">
        <ele>328</ele>
      </trkpt>
      <trkpt lat="42.94692163355649" lon="-72.022949969396">
        <ele>327</ele>
      </trkpt>
      <trkpt lat="42.94687335379422" lon="-72.022764980793">
        <ele>327</ele>
      </trkpt>
      <trkpt lat="42.94683496467769" lon="-72.02257663942873">
        <ele>327</ele>
      </trkpt>
      <trkpt lat="42.94679833576083" lon="-72.02237999998033">
        <ele>327</ele>
      </trkpt>
      <trkpt lat="42.94676329940557" lon="-72.02218000777066">
        <ele>326</ele>
      </trkpt>
      <trkpt lat="42.94672331772745" lon="-72.02197331003845">
        <ele>326</ele>
      </trkpt>
      <trkpt lat="42.94667336158454" lon="-72.0217683725059">
        <ele>326</ele>
      </trkpt>
      <trkpt lat="42.94660337269306" lon="-72.02158497646451">
        <ele>326</ele>
      </trkpt>
      <trkpt lat="42.94653329998255" lon="-72.02141331508756">
        <ele>326</ele>
      </trkpt>
      <trkpt lat="42.94644168578088" lon="-72.02108331955969">
        <ele>327</ele>
      </trkpt>
      <trkpt lat="42.94641997665167" lon="-72.02072499319911">
        <ele>327</ele>
      </trkpt>
      <trkpt lat="42.94642500579357" lon="-72.02035836875439">
        <ele>327</ele>
      </trkpt>
      <trkpt lat="42.94643498025835" lon="-72.02016667462885">
        <ele>327</ele>
      </trkpt>
      <trkpt lat="42.94644503854215" lon="-72.01997162774205">
        <ele>326</ele>
      </trkpt>
      <trkpt lat="42.94645501300693" lon="-72.01978169381618">
        <ele>325</ele>
      </trkpt>
      <trkpt lat="42.94646331109107" lon="-72.01959670521319">
        <ele>325</ele>
      </trkpt>
      <trkpt lat="42.9464700166136" lon="-72.01940333470702">
        <ele>324</ele>
      </trkpt>
      <trkpt lat="42.94648502022028" lon="-72.01921164058149">
        <ele>323</ele>
      </trkpt>
      <trkpt lat="42.94650170020759" lon="-72.01901835389435">
        <ele>322</ele>
      </trkpt>
      <trkpt lat="42.94651670381427" lon="-72.01881165616214">
        <ele>320</ele>
      </trkpt>
      <trkpt lat="42.94653497636318" lon="-72.01860001310706">
        <ele>318</ele>
      </trkpt>
      <trkpt lat="42.94655165635049" lon="-72.01838334091008">
        <ele>316</ele>
      </trkpt>
      <trkpt lat="42.94656665995717" lon="-72.01815837062895">
        <ele>317</ele>
      </trkpt>
      <trkpt lat="42.94657336547971" lon="-72.0179333165288">
        <ele>317</ele>
      </trkpt>
      <trkpt lat="42.94657831080258" lon="-72.01771664433181">
        <ele>318</ele>
      </trkpt>
      <trkpt lat="42.94657504186034" lon="-72.01752335764468">
        <ele>319</ele>
      </trkpt>
      <trkpt lat="42.94655500911176" lon="-72.01716830022633">
        <ele>320</ele>
      </trkpt>
      <trkpt lat="42.94649499468505" lon="-72.01683168299496">
        <ele>320</ele>
      </trkpt>
      <trkpt lat="42.94639164581895" lon="-72.0165016874671">
        <ele>320</ele>
      </trkpt>
      <trkpt lat="42.94628502801061" lon="-72.01617496088147">
        <ele>319</ele>
      </trkpt>
      <trkpt lat="42.9462250135839" lon="-72.01600832864642">
        <ele>319</ele>
      </trkpt>
      <trkpt lat="42.94616667553782" lon="-72.01582836918533">
        <ele>319</ele>
      </trkpt>
      <trkpt lat="42.94610666111112" lon="-72.0156483259052">
        <ele>317</ele>
      </trkpt>
      <trkpt lat="42.94604832306504" lon="-72.01546501368284">
        <ele>316</ele>
      </trkpt>
      <trkpt lat="42.94598998501897" lon="-72.01528170146048">
        <ele>315</ele>
      </trkpt>
      <trkpt lat="42.94589166529477" lon="-72.01494667679071">
        <ele>312</ele>
      </trkpt>
      <trkpt lat="42.94579996727407" lon="-72.01465498656034">
        <ele>310</ele>
      </trkpt>
      <trkpt lat="42.94569502584636" lon="-72.01436329632998">
        <ele>307</ele>
      </trkpt>
      <trkpt lat="42.94557332061231" lon="-72.01404662802815">
        <ele>304</ele>
      </trkpt>
      <trkpt lat="42.94551162980497" lon="-72.0138749666512">
        <ele>302</ele>
      </trkpt>
      <trkpt lat="42.94545329175889" lon="-72.01370665803552">
        <ele>301</ele>
      </trkpt>
      <trkpt lat="42.94534667395055" lon="-72.0133899897337">
        <ele>298</ele>
      </trkpt>
      <trkpt lat="42.94525497592986" lon="-72.01308664865792">
        <ele>297</ele>
      </trkpt>
      <trkpt lat="42.94517333619297" lon="-72.01277836225927">
        <ele>297</ele>
      </trkpt>
      <trkpt lat="42.94509664177895" lon="-72.01249664649367">
        <ele>296</ele>
      </trkpt>
      <trkpt lat="42.94504165649414" lon="-72.01225834898651">
        <ele>296</ele>
      </trkpt>
      <trkpt lat="42.94499999843538" lon="-72.01207998208702">
        <ele>296</ele>
      </trkpt>
      <trkpt lat="42.9449799656868" lon="-72.01189331710339">
        <ele>296</ele>
      </trkpt>
      <trkpt lat="42.94499170035124" lon="-72.01165996491909">
        <ele>297</ele>
      </trkpt>
      <trkpt lat="42.94495331123471" lon="-72.01142502017319">
        <ele>297</ele>
      </trkpt>
      <trkpt lat="42.94489832594991" lon="-72.01118831522763">
        <ele>297</ele>
      </trkpt>
      <trkpt lat="42.94486999511719" lon="-72.01098497025669">
        <ele>297</ele>
      </trkpt>
      <trkpt lat="42.94481165707111" lon="-72.01072664000094">
        <ele>298</ele>
      </trkpt>
      <trkpt lat="42.94476832263172" lon="-72.0104300044477">
        <ele>301</ele>
      </trkpt>
      <trkpt lat="42.94473496265709" lon="-72.0101466961205">
        <ele>304</ele>
      </trkpt>
      <trkpt lat="42.94457998126745" lon="-72.01011668890715">
        <ele>304</ele>
      </trkpt>
      <trkpt lat="42.94442667625844" lon="-72.01007670722902">
        <ele>304</ele>
      </trkpt>
      <trkpt lat="42.9442233312875" lon="-72.01004670001566">
        <ele>304</ele>
      </trkpt>
      <trkpt lat="42.94401998631656" lon="-72.01001996174455">
        <ele>303</ele>
      </trkpt>
      <trkpt lat="42.94381999410689" lon="-72.010000012815">
        <ele>303</ele>
      </trkpt>
      <trkpt lat="42.94362503103912" lon="-72.00999003835022">
        <ele>303</ele>
      </trkpt>
      <trkpt lat="42.94343166053295" lon="-72.0099516492337">
        <ele>303</ele>
      </trkpt>
      <trkpt lat="42.94329000636935" lon="-72.00993329286575">
        <ele>303</ele>
      </trkpt>
      <trkpt lat="42.9431667085737" lon="-72.00977998785675">
        <ele>304</ele>
      </trkpt>
      <trkpt lat="42.9430699814111" lon="-72.00963833369315">
        <ele>305</ele>
      </trkpt>
      <trkpt lat="42.9429232981056" lon="-72.00954169034958">
        <ele>305</ele>
      </trkpt>
      <trkpt lat="42.94272330589592" lon="-72.00945334509015">
        <ele>306</ele>
      </trkpt>
      <trkpt lat="42.94249665923417" lon="-72.00934664346278">
        <ele>306</ele>
      </trkpt>
      <trkpt lat="42.94229834340513" lon="-72.00921001844108">
        <ele>307</ele>
      </trkpt>
      <trkpt lat="42.94214503839612" lon="-72.00906165875494">
        <ele>307</ele>
      </trkpt>
      <trkpt lat="42.94199835509062" lon="-72.00899669900537">
        <ele>307</ele>
      </trkpt>
      <trkpt lat="42.94182669371367" lon="-72.00901002623141">
        <ele>306</ele>
      </trkpt>
      <trkpt lat="42.94171337038279" lon="-72.00915000401437">
        <ele>304</ele>
      </trkpt>
      <trkpt lat="42.94161999598145" lon="-72.00932837091386">
        <ele>303</ele>
      </trkpt>
      <trkpt lat="42.94156836345792" lon="-72.00951000675559">
        <ele>302</ele>
      </trkpt>
      <trkpt lat="42.9415350034833" lon="-72.00972332619131">
        <ele>300</ele>
      </trkpt>
      <trkpt lat="42.94148169457912" lon="-72.00994997285306">
        <ele>298</ele>
      </trkpt>
      <trkpt lat="42.9413500148803" lon="-72.01013001613319">
        <ele>298</ele>
      </trkpt>
      <trkpt lat="42.94119168072939" lon="-72.01028667390347">
        <ele>298</ele>
      </trkpt>
      <trkpt lat="42.94102328829467" lon="-72.01055313460529">
        <ele>297</ele>
      </trkpt>
      <trkpt lat="42.94085841625929" lon="-72.01065531000495">
        <ele>297</ele>
      </trkpt>
    </trkseg>
  </trk>
</gpx>